Date,equity,exposure,n_held,gate,vol_scalar
2000-01-03,1.0002312525606407,0.0,0,1.0,0.7984904144224415
2000-01-04,0.9980659793099387,0.7984904144224416,15,1.0,0.822387631563312
2000-01-05,0.9805663587888446,0.7948467540724817,15,1.0,0.8179791928282193
2000-01-06,0.9886884096252835,0.7964850304378408,15,1.0,0.8333511895129363
2000-01-07,0.9568914679122426,0.7896737202319573,15,1.0,0.7613143936539511
2000-01-10,0.9586334915385464,0.7900073739114764,15,1.0,0.7841341491193232
2000-01-11,0.9366591281790838,0.7850311700311328,15,1.0,0.7673199740825023
2000-01-12,0.9563299592133092,0.7894041923405736,15,1.0,0.7458138281407088
2000-01-13,0.9570950150341672,0.7895238706313428,15,1.0,0.7685061450125016
2000-01-14,0.9688219026086796,0.7497059544046502,14,1.0,0.7756603459536682
2000-01-17,0.987122822855158,0.7542895125462323,14,1.0,0.7595458863103085
2000-01-18,0.9802426900378417,0.7525076984209679,14,1.0,0.7794484669434708
2000-01-19,0.9898611858795285,0.7548559076980882,14,1.0,0.7902192766096577
2000-01-20,0.9769879507628647,0.7515683410880439,14,1.0,0.7989406244680229
2000-01-21,0.978176893330909,0.7518129211549471,14,1.0,0.8234768512149603
2000-01-24,0.9773645391636727,0.751549194385887,14,1.0,0.849317998333027
2000-01-25,0.973422703781221,0.7504854154751031,14,1.0,0.8746465069860307
2000-01-26,0.9734788711342546,0.7504421142997746,14,1.0,0.9021289902714322
2000-01-27,0.9896621834257866,0.9021289902714322,14,1.0,0.8797531211272364
2000-01-28,0.9980053081074667,0.902924728614521,14,1.0,0.8964210005303026
2000-01-31,0.9884052785489419,0.9019592040247117,14,1.0,0.9165820158466035
2000-02-01,1.0058712973616666,0.9165820158466035,15,1.0,0.901702722023014
2000-02-02,1.0533525846820375,0.8554765481234966,14,1.0,0.7398754383486815
2000-02-03,1.052339856122509,0.855304011120787,14,1.0,0.7631231509016214
2000-02-04,1.0537632656511111,0.8554660484363563,14,1.0,0.7866381321286477
2000-02-07,1.0586996229522188,0.8561066932338259,14,1.0,0.8075291693776407
2000-02-08,1.0700067834374434,0.8575943433782526,14,1.0,0.8193327908280624
2000-02-09,1.078148343683318,0.8586370265360017,14,1.0,0.8380503857282506
2000-02-10,1.0852370749742788,0.8595279276061686,14,1.0,0.856338170428131
2000-02-11,1.0811652969196992,0.858966288682093,14,1.0,0.8827329364518088
2000-02-14,1.0667318894346993,0.8037139455021898,13,1.0,0.8969481172639103
2000-02-15,1.0388764662994456,0.7984043134082934,13,1.0,0.8416540373384203
2000-02-16,1.0469256223385,0.7999079954117703,13,1.0,0.8587753619539104
2000-02-17,1.0775828305590522,0.8055556532571339,13,1.0,0.7830563603066993
2000-02-18,1.08320531362557,0.8065202032923952,13,0.9954954954954955,0.8007234110705064
2000-02-21,1.0890502387430476,0.807514105461752,13,0.9816816816816815,0.8216192125450255
2000-02-22,1.0834095176091691,0.7676548631262506,12,0.9590990990990991,0.8459259215355875
2000-02-23,1.0796644849476702,0.7176177949692275,11,0.932072072072072,0.8717270328506252
2000-02-24,1.0822280172998113,0.7182215421286624,11,0.8870270270270266,0.8972329511193006
2000-02-25,1.0725995599288316,0.7156263406156116,11,0.850990990990991,0.9146087425117192
2000-02-28,1.0765085773192469,0.6651465987184415,10,0.837777777777778,0.9375449684050818
2000-02-29,1.044299750504665,0.6547390549005658,10,0.7792792792792792,0.8070006905438727
2000-03-01,1.0485385254827468,0.6288789165049098,15,0.7432432432432431,0.8215659291117587
2000-03-02,1.0407495869798484,0.5450283943042551,13,0.662162162162162,0.8442420800357415
2000-03-03,1.0284234860658636,0.5031031332039279,12,0.5720720720720721,0.8473978859753817
2000-03-06,1.02926606311461,0.5033950879554189,12,0.45495495495495486,0.871758652481379
2000-03-07,1.028807936271921,0.4262642305374699,10,0.3828828828828828,0.8980470480510574
2000-03-08,1.0231285480288312,0.3877005596423039,9,0.2747747747747749,0.9155552854873227
2000-03-09,1.0100735617510463,0.34807232274697075,8,0.0,0.8620386589483245
2000-03-10,1.0050677152831893,0.0,0,0.0,0.8846230633032456
2000-03-13,1.0053001397659658,0.0,0,0.0,0.8948970046335359
2000-03-14,1.005532617997499,0.0,0,0.0,0.9081234090222674
2000-03-15,1.0057651499902187,0.0,0,0.0,0.8411802743366027
2000-03-16,1.005997735756557,0.0,0,0.0,0.8614709173692177
2000-03-17,1.0062303753089494,0.0,0,0.0,0.8885394072086645
2000-03-20,1.0064630686598341,0.0,0,0.0,0.9164584227332102
2000-03-21,1.0066958158216521,0.0,0,0.0,0.9380089119808364
2000-03-22,1.0069286168068472,0.0,0,0.0,0.8919424350433868
2000-03-23,1.0071614716278663,0.0,0,0.0,0.9025389021678822
2000-03-24,1.007394380297159,0.0,0,0.0,0.9308658116732326
2000-03-27,1.0076273428271778,0.0,0,0.0,0.9589590959918195
2000-03-28,1.007860359230378,0.0,0,0.0,0.9881996825064749
2000-03-29,1.0080934295192183,0.0,0,0.0,1.0
2000-03-30,1.0083265537061596,0.0,0,0.0,1.0
2000-03-31,1.0085597318036663,0.0,0,0.0,1.0
2000-04-03,1.008792963824205,0.0,0,0.0,1.0
2000-04-04,1.0090262497802458,0.0,0,0.0,0.7630651264774803
2000-04-05,1.009259589684261,0.0,0,0.0,0.7805365774737366
2000-04-06,1.0094929835487267,0.0,0,0.0,0.7919445015648576
2000-04-07,1.0097264313861212,0.0,0,0.0,0.6424286710919757
2000-04-10,1.0099599332089257,0.0,0,0.20270270270270282,0.6495413029567734
2000-04-11,1.0097944713569273,0.13166377762637305,15,0.24774774774774758,0.6695279080715735
2000-04-12,1.0085722062700597,0.1304104129253558,15,0.2567567567567567,0.686913025588975
2000-04-13,1.0029672810298558,0.1253486293894227,15,0.0,0.6418016007902781
2000-04-14,1.0027929848551715,0.0,0,0.0,0.6619678069379973
2000-04-17,1.0030248833007118,0.0,0,0.0,0.6472637044541935
2000-04-18,1.0032568353733615,0.0,0,0.0,0.6612953414202613
2000-04-19,1.0034888410855218,0.0,0,0.0,0.6758981015793779
2000-04-20,1.0037209004495973,0.0,0,0.0,0.6896534304119598
2000-04-21,1.0039530134779948,0.0,0,0.0,0.7113232006821556
2000-04-24,1.0041851801831245,0.0,0,0.0,0.7185586943080641
2000-04-25,1.0044174005773994,0.0,0,0.0,0.716069821908531
2000-04-26,1.004649674673235,0.0,0,0.0,0.6413641068926181
2000-04-27,1.00488200248305,0.0,0,0.0,0.6510570383135577
2000-04-28,1.005114384019266,0.0,0,0.0,0.6679296836918085
2000-05-01,1.0053468192943074,0.0,0,0.0,0.6889168667666468
2000-05-02,1.0055793083206013,0.0,0,0.0,0.6425779438020078
2000-05-03,1.0058118511105778,0.0,0,0.0,0.6620770767399217
2000-05-04,1.00604444767667,0.0,0,0.0,0.6475124769383067
2000-05-05,1.0062770980313136,0.0,0,0.0,0.6390284717011547
2000-05-08,1.0065098021869474,0.0,0,0.0,0.6530160619731346
2000-05-09,1.0067425601560132,0.0,0,0.0,0.673418983910953
2000-05-10,1.0069753719509553,0.0,0,0.0,0.6935640428280774
2000-05-11,1.007208237584221,0.0,0,0.0,0.684099236738389
2000-05-12,1.0074411570682609,0.0,0,0.0,0.694584857166903
2000-05-15,1.0076741304155277,0.0,0,0.0,0.7152362314364853
2000-05-16,1.0079071576384777,0.0,0,0.0,0.7368594373666678
2000-05-17,1.0081402387495697,0.0,0,0.0,0.7567145878388228
2000-05-18,1.0083733737612655,0.0,0,0.0,0.7788036313316692
2000-05-19,1.0086065626860297,0.0,0,0.0,0.8009005516487503
2000-05-22,1.00883980553633,0.0,0,0.0,0.8040436032900679
2000-05-23,1.0090731023246364,0.0,0,0.0,0.8240818880433093
2000-05-24,1.0093064530634226,0.0,0,0.0,0.831971865877973
2000-05-25,1.0095398577651646,0.0,0,0.0,0.8411213833491336
2000-05-26,1.0097733164423417,0.0,0,0.0,0.8649901615735194
2000-05-29,1.0100068291074356,0.0,0,0.0,0.8575741445352019
2000-05-30,1.0102403957729313,0.0,0,0.0,0.8416184381800298
2000-05-31,1.0104740164513166,0.0,0,0.0,0.825246415730582
2000-06-01,1.0107076911550819,0.0,0,0.0,0.8207036442680871
2000-06-02,1.0109414198967208,0.0,0,0.0,0.8294084247138765
2000-06-05,1.0111752026887297,0.0,0,0.0,0.8474461888639682
2000-06-06,1.011409039543608,0.0,0,0.0,0.8733514319143966
2000-06-07,1.0116429304738577,0.0,0,0.0,0.8925714431627445
2000-06-08,1.0118768754919838,0.0,0,0.0,0.877017107104659
2000-06-09,1.0121108746104945,0.0,0,0.0,0.9007964867872207
2000-06-12,1.0123449278419006,0.0,0,0.0,0.9222924977406846
2000-06-13,1.0125790351987156,0.0,0,0.0,0.9512562217731169
2000-06-14,1.0128131966934564,0.0,0,0.0,0.9658128754323707
2000-06-15,1.0130474123386424,0.0,0,0.0,0.9960792352807062
2000-06-16,1.013281682146796,0.0,0,0.0,1.0
2000-06-19,1.013516006130443,0.0,0,0.0,1.0
2000-06-20,1.013750384302111,0.0,0,0.0,1.0
2000-06-21,1.0139848166743313,0.0,0,0.0,1.0
2000-06-22,1.014219303259638,0.0,0,0.0,1.0
2000-06-23,1.0144538440705682,0.0,0,0.0,1.0
2000-06-26,1.0146884391196613,0.0,0,0.0,1.0
2000-06-27,1.0149230884194602,0.0,0,0.0,1.0
2000-06-28,1.0151577919825105,0.0,0,0.0,1.0
2000-06-29,1.015392549821361,0.0,0,0.0,1.0
2000-06-30,1.0156273619485627,0.0,0,0.0,1.0
2000-07-03,1.01586222837667,0.0,0,0.0,1.0
2000-07-04,1.0160971491182405,0.0,0,0.0,1.0
2000-07-05,1.0163321241858339,0.0,0,0.0,1.0
2000-07-06,1.0165671535920133,0.0,0,0.0,1.0
2000-07-07,1.0168022373493448,0.0,0,0.0,1.0
2000-07-10,1.017037375470397,0.0,0,0.0,1.0
2000-07-11,1.017272567967742,0.0,0,0.0,1.0
2000-07-12,1.017507814853954,0.0,0,0.0,1.0
2000-07-13,1.0177431161416108,0.0,0,0.0,1.0
2000-07-14,1.0179784718432932,0.0,0,0.0,1.0
2000-07-17,1.018213881971584,0.0,0,0.0,1.0
2000-07-18,1.0184493465390698,0.0,0,0.0,1.0
2000-07-19,1.0186848655583398,0.0,0,0.0,1.0
2000-07-20,1.0189204390419861,0.0,0,0.0,1.0
2000-07-21,1.0191560670026039,0.0,0,0.0,1.0
2000-07-24,1.0193917494527907,0.0,0,0.0,0.9557697985719911
2000-07-25,1.0196274864051476,0.0,0,0.0,0.9462806983585995
2000-07-26,1.0198632778722785,0.0,0,0.0,0.9731548175143434
2000-07-27,1.0200991238667898,0.0,0,0.0,0.9965940291650216
2000-07-28,1.0203350244012914,0.0,0,0.0,1.0
2000-07-31,1.0205709794883957,0.0,0,0.0,1.0
2000-08-01,1.020806989140718,0.0,0,0.0,1.0
2000-08-02,1.0210430533708768,0.0,0,0.0,1.0
2000-08-03,1.0212791721914931,0.0,0,0.0,1.0
2000-08-04,1.0215153456151915,0.0,0,0.0,1.0
2000-08-07,1.0217515736545988,0.0,0,0.0,1.0
2000-08-08,1.021987856322345,0.0,0,0.0,1.0
2000-08-09,1.0222241936310632,0.0,0,0.0,1.0
2000-08-10,1.0224605855933893,0.0,0,0.0,1.0
2000-08-11,1.022697032221962,0.0,0,0.0,1.0
2000-08-14,1.022933533529423,0.0,0,0.0,1.0
2000-08-15,1.0231700895284168,0.0,0,0.0,1.0
2000-08-16,1.0234067002315912,0.0,0,0.0,1.0
2000-08-17,1.0236433656515966,0.0,0,0.0,1.0
2000-08-18,1.0238800858010864,0.0,0,0.0,1.0
2000-08-21,1.024116860692717,0.0,0,0.0,1.0
2000-08-22,1.0243536903391475,0.0,0,0.0,1.0
2000-08-23,1.0245905747530402,0.0,0,0.0,1.0
2000-08-24,1.0248275139470602,0.0,0,0.0,1.0
2000-08-25,1.0250645079338756,0.0,0,0.0,1.0
2000-08-28,1.0253015567261572,0.0,0,0.0,1.0
2000-08-29,1.025538660336579,0.0,0,0.0,1.0
2000-08-30,1.0257758187778179,0.0,0,0.0,1.0
2000-08-31,1.0260130320625536,0.0,0,0.0,1.0
2000-09-01,1.0262503002034689,0.0,0,0.0,1.0
2000-09-04,1.0264876232132492,0.0,0,0.0,1.0
2000-09-05,1.0267250011045832,0.0,0,0.0,1.0
2000-09-06,1.0269624338901624,0.0,0,0.0,1.0
2000-09-07,1.0271999215826813,0.0,0,0.0,1.0
2000-09-08,1.0274374641948372,0.0,0,0.0,1.0
2000-09-11,1.0276750617393304,0.0,0,0.0,1.0
2000-09-12,1.0279127142288642,0.0,0,0.0,1.0
2000-09-13,1.0281504216761448,0.0,0,0.0,1.0
2000-09-14,1.0283881840938813,0.0,0,0.0,1.0
2000-09-15,1.0286260014947857,0.0,0,0.0,1.0
2000-09-18,1.028863873891573,0.0,0,0.0,1.0
2000-09-19,1.029101801296961,0.0,0,0.0,1.0
2000-09-20,1.0293397837236709,0.0,0,0.0,1.0
2000-09-21,1.0295778211844264,0.0,0,0.0,1.0
2000-09-22,1.0298159136919542,0.0,0,0.0,1.0
2000-09-25,1.0300540612589841,0.0,0,0.0,1.0
2000-09-26,1.0302922638982486,0.0,0,0.0,0.9811470954034959
2000-09-27,1.0305305216224834,0.0,0,0.0,0.9874125321927751
2000-09-28,1.030768834444427,0.0,0,0.0,0.9955538534975716
2000-09-29,1.0310072023768209,0.0,0,0.0,1.0
2000-10-02,1.0312456254324096,0.0,0,0.0,1.0
2000-10-03,1.0314841036239404,0.0,0,0.0,1.0
2000-10-04,1.0317226369641637,0.0,0,0.0,1.0
2000-10-05,1.0319612254658326,0.0,0,0.0,1.0
2000-10-06,1.0321998691417036,0.0,0,0.0,1.0
2000-10-09,1.0324385680045356,0.0,0,0.0,1.0
2000-10-10,1.0326773220670908,0.0,0,0.0,1.0
2000-10-11,1.0329161313421344,0.0,0,0.0,1.0
2000-10-12,1.0331549958424344,0.0,0,0.0,1.0
2000-10-13,1.0333939155807617,0.0,0,0.0,1.0
2000-10-16,1.0336328905698902,0.0,0,0.0,1.0
2000-10-17,1.0338719208225968,0.0,0,0.0,1.0
2000-10-18,1.0341110063516616,0.0,0,0.0,1.0
2000-10-19,1.0343501471698673,0.0,0,0.0,1.0
2000-10-20,1.0345893432899995,0.0,0,0.0,1.0
2000-10-23,1.034828594724847,0.0,0,0.0,1.0
2000-10-24,1.0350679014872013,0.0,0,0.0,1.0
2000-10-25,1.0353072635898573,0.0,0,0.0,0.9985132115095291
2000-10-26,1.0355466810456124,0.0,0,0.0,1.0
2000-10-27,1.0357861538672672,0.0,0,0.0,1.0
2000-10-30,1.0360256820676252,0.0,0,0.0,1.0
2000-10-31,1.0362652656594928,0.0,0,0.0,1.0
2000-11-01,1.0365049046556796,0.0,0,0.0,1.0
2000-11-02,1.0367445990689979,0.0,0,0.0,1.0
2000-11-03,1.036984348912263,0.0,0,0.0,1.0
2000-11-06,1.0372241541982934,0.0,0,0.0,1.0
2000-11-07,1.0374640149399101,0.0,0,0.0,1.0
2000-11-08,1.0377039311499376,0.0,0,0.0,1.0
2000-11-09,1.037943902841203,0.0,0,0.0,1.0
2000-11-10,1.0381839300265363,0.0,0,0.0,1.0
2000-11-13,1.038424012718771,0.0,0,0.0,1.0
2000-11-14,1.038664150930743,0.0,0,0.0,1.0
2000-11-15,1.0389043446752915,0.0,0,0.0,1.0
2000-11-16,1.0391445939652584,0.0,0,0.0,1.0
2000-11-17,1.0393848988134888,0.0,0,0.0,1.0
2000-11-20,1.0396252592328308,0.0,0,0.0,1.0
2000-11-21,1.039865675236135,0.0,0,0.0,1.0
2000-11-22,1.0401061468362558,0.0,0,0.0,1.0
2000-11-23,1.0403466740460499,0.0,0,0.0,1.0
2000-11-24,1.0405872568783772,0.0,0,0.0,1.0
2000-11-27,1.0408278953461003,0.0,0,0.0,1.0
2000-11-28,1.0410685894620855,0.0,0,0.0,1.0
2000-11-29,1.0413093392392012,0.0,0,0.0,1.0
2000-11-30,1.0415501446903195,0.0,0,0.0,1.0
2000-12-01,1.0417910058283149,0.0,0,0.0,1.0
2000-12-04,1.042031922666065,0.0,0,0.0,1.0
2000-12-05,1.0422728952164508,0.0,0,0.0,1.0
2000-12-06,1.042513923492356,0.0,0,0.0,1.0
2000-12-07,1.0427550075066672,0.0,0,0.0,1.0
2000-12-08,1.042996147272274,0.0,0,0.0,1.0
2000-12-11,1.0432373428020691,0.0,0,0.0,1.0
2000-12-12,1.0434785941089482,0.0,0,0.0,1.0
2000-12-13,1.0437199012058096,0.0,0,0.0,1.0
2000-12-14,1.0439612641055551,0.0,0,0.0,1.0
2000-12-15,1.0442026828210893,0.0,0,0.0,1.0
2000-12-18,1.0444441573653196,0.0,0,0.0,1.0
2000-12-19,1.0446856877511566,0.0,0,0.0,1.0
2000-12-20,1.0449272739915136,0.0,0,0.0,1.0
2000-12-21,1.0451689160993074,0.0,0,0.0,1.0
2000-12-22,1.0454106140874575,0.0,0,0.0,1.0
2000-12-25,1.0456523679688863,0.0,0,0.0,1.0
2000-12-26,1.0458941777565192,0.0,0,0.0,0.9189229168679057
2000-12-27,1.0461360434632845,0.0,0,0.0,0.8576072014680954
2000-12-28,1.046377965102114,0.0,0,0.0,0.8634780047596705
2000-12-29,1.0466199426859417,0.0,0,0.0,0.8711069377263291
2001-01-01,1.0468619762277054,0.0,0,0.0,0.8976238427761514
2001-01-02,1.0471040657403454,0.0,0,0.0,0.9104464988342287
2001-01-03,1.0473462112368053,0.0,0,0.0,0.8868516971924656
2001-01-04,1.0475884127300312,0.0,0,0.0,0.9142897446519274
2001-01-05,1.0478306702329725,0.0,0,0.0,0.9428147385635637
2001-01-08,1.0480729837585818,0.0,0,0.0,0.9498265717177765
2001-01-09,1.0483153533198144,0.0,0,0.0,0.9759501486533328
2001-01-10,1.0485577789296285,0.0,0,0.0,1.0
2001-01-11,1.0488002606009859,0.0,0,0.0,1.0
2001-01-12,1.0490427983468504,0.0,0,0.0,1.0
2001-01-15,1.04928539218019,0.0,0,0.0,1.0
2001-01-16,1.0495280421139745,0.0,0,0.0,1.0
2001-01-17,1.0497707481611775,0.0,0,0.0,1.0
2001-01-18,1.0500135103347756,0.0,0,0.0,1.0
2001-01-19,1.050256328647748,0.0,0,0.0,1.0
2001-01-22,1.0504992031130769,0.0,0,0.0,1.0
2001-01-23,1.0507421337437477,0.0,0,0.0,1.0
2001-01-24,1.050985120552749,0.0,0,1.0,1.0
2001-01-25,1.0480744790624128,1.0,15,1.0,1.0
2001-01-26,1.0480744790624128,1.0,15,1.0,1.0
2001-01-29,1.0181218493901045,1.0,15,1.0,1.0
2001-01-30,1.0339425620783165,1.0,15,1.0,1.0
2001-01-31,1.0385292354034636,1.0,15,1.0,1.0
2001-02-01,1.0238508605386,1.0,15,1.0,1.0
2001-02-02,1.0481839534230502,1.0000000000000002,15,1.0,1.0
2001-02-05,1.0768060025646715,1.0,15,1.0,0.9992983497503175
2001-02-06,1.0704052833335373,1.0,15,1.0,1.0
2001-02-07,1.0678179229168854,1.0000000000000002,15,1.0,1.0
2001-02-08,1.0995622764585558,1.0,15,1.0,0.9672511540668454
2001-02-09,1.1173834678107197,1.0,15,1.0,0.9634791053309153
2001-02-12,1.1053223264713004,1.0000000000000002,15,1.0,0.9818674594231037
2001-02-13,1.0969523592092532,1.0000000000000002,15,1.0,1.0
2001-02-14,1.1104571409417068,1.0,15,1.0,1.0
2001-02-15,1.117336999212479,1.0,15,1.0,1.0
2001-02-16,1.0818259826970589,1.0,15,1.0,0.9537412730951577
2001-02-19,1.0869523294631622,1.0,15,1.0,0.9805197912944305
2001-02-20,1.090596889132316,1.0,15,1.0,1.0
2001-02-21,1.0811609023896196,1.0,15,1.0,1.0
2001-02-22,1.074414049758504,1.0,15,1.0,1.0
2001-02-23,1.0347389947929948,1.0,15,0.0,0.9301623798328279
2001-02-26,1.0231859561480854,0.0,0,0.0,0.9530280549080868
2001-02-27,1.0234225705204563,0.0,0,0.0,0.8976674294139382
2001-02-28,1.0236592396105066,0.0,0,0.0,0.8573158696188782
2001-03-01,1.0238959634308902,0.0,0,0.0,0.8803181543219689
2001-03-02,1.0241327419942632,0.0,0,0.0,0.7966699301823112
2001-03-05,1.0243695753132853,0.0,0,0.0,0.7143105218887483
2001-03-06,1.024606463400619,0.0,0,0.0,0.736755048702262
2001-03-07,1.0248434062689293,0.0,0,0.0,0.746637117273295
2001-03-08,1.0250804039308847,0.0,0,0.0,0.7697643430550997
2001-03-09,1.0253174563991563,0.0,0,0.0,0.6754453526418481
2001-03-12,1.0255545636864183,0.0,0,0.0,0.5955541922020637
2001-03-13,1.0257917258053475,0.0,0,0.0,0.4948593412600973
2001-03-14,1.026028942768624,0.0,0,0.0,0.4460915072319384
2001-03-15,1.0262662145889307,0.0,0,0.0,0.4534333961585921
2001-03-16,1.0265035412789536,0.0,0,0.0,0.4616024878937219
2001-03-19,1.026740922851381,0.0,0,0.0,0.47507591447175374
2001-03-20,1.026978359318905,0.0,0,0.0,0.48759547942004705
2001-03-21,1.0272158506942202,0.0,0,0.0,0.4981602865760103
2001-03-22,1.027453396990024,0.0,0,0.0,0.5131874389318024
2001-03-23,1.0276909982190168,0.0,0,0.0,0.5197151720335741
2001-03-26,1.0279286543939024,0.0,0,0.0,0.5359183416443636
2001-03-27,1.028166365527387,0.0,0,0.0,0.5489246859879948
2001-03-28,1.0284041316321797,0.0,0,0.0,0.5487201383426014
2001-03-29,1.0286419527209931,0.0,0,0.0,0.5647410608709527
2001-03-30,1.0288798288065424,0.0,0,0.0,0.5654031495290421
2001-04-02,1.0291177599015455,0.0,0,0.0,0.5609771032310821
2001-04-03,1.0293557460187237,0.0,0,0.0,0.5770604289413027
2001-04-04,1.0295937871708007,0.0,0,0.0,0.5951087749247419
2001-04-05,1.0298318833705038,0.0,0,0.0,0.6138078342924213
2001-04-06,1.0300700346305627,0.0,0,0.0,0.6330912775007251
2001-04-09,1.0303082409637103,0.0,0,0.0,0.6523966352069867
2001-04-10,1.0305465023826823,0.0,0,0.0,0.6705111737694602
2001-04-11,1.0307848189002176,0.0,0,0.0,0.6766474247599634
2001-04-12,1.0310231905290579,0.0,0,0.0,0.663366279433121
2001-04-13,1.0312616172819478,0.0,0,0.0,0.6842100746589685
2001-04-16,1.0315000991716348,0.0,0,0.0,0.6900110100633092
2001-04-17,1.0317386362108694,0.0,0,0.0,0.6743916981498618
2001-04-18,1.0319772284124051,0.0,0,0.0,0.615159649796528
2001-04-19,1.0322158757889983,0.0,0,0.0,0.6327336177148236
2001-04-20,1.0324545783534085,0.0,0,0.0,0.6515361696763345
2001-04-23,1.0326933361183979,0.0,0,0.0,0.670750815267417
2001-04-24,1.0329321490967318,0.0,0,0.0,0.6918230253408251
2001-04-25,1.0331710173011786,0.0,0,0.0,0.6908222411376981
2001-04-26,1.0334099407445092,0.0,0,0.0,0.7071269015770744
2001-04-27,1.033648919439498,0.0,0,0.0,0.6570564413214306
2001-04-30,1.0338879533989218,0.0,0,0.0,0.6739265960560583
2001-05-01,1.0341270426355609,0.0,0,0.0,0.6951022095910862
2001-05-02,1.034366187162198,0.0,0,0.0,0.7104485604665662
2001-05-03,1.0346053869916194,0.0,0,0.0,0.7290592060968437
2001-05-04,1.034844642136614,0.0,0,0.0,0.7515119877130119
2001-05-07,1.0350839526099733,0.0,0,0.0,0.7730868518582118
2001-05-08,1.0353233184244925,0.0,0,0.0,0.7955611379421988
2001-05-09,1.0355627395929692,0.0,0,0.0,0.8204683551189644
2001-05-10,1.0358022161282041,0.0,0,0.0,0.8454261339234136
2001-05-11,1.036041748043001,0.0,0,0.0,0.8641195715673806
2001-05-14,1.0362813353501668,0.0,0,0.0,0.8912426136973169
2001-05-15,1.0365209780625106,0.0,0,0.0,0.9149683593910333
2001-05-16,1.0367606761928454,0.0,0,0.0,0.9130333342091502
2001-05-17,1.0370004297539865,0.0,0,0.0,0.920891523465961
2001-05-18,1.0372402387587527,0.0,0,0.0,0.9408649923067
2001-05-21,1.0374801032199652,0.0,0,0.0,0.9296631227212481
2001-05-22,1.0377200231504486,0.0,0,0.0,0.9532890145884002
2001-05-23,1.0379599985630303,0.0,0,0.0,0.9440219336554616
2001-05-24,1.0382000294705407,0.0,0,0.0,0.9723061014869309
2001-05-25,1.038440115885813,0.0,0,0.0,1.0
2001-05-28,1.0386802578216836,0.0,0,0.0,1.0
2001-05-29,1.0389204552909919,0.0,0,0.0,1.0
2001-05-30,1.03916070830658,0.0,0,0.0,1.0
2001-05-31,1.039401016881293,0.0,0,0.0,1.0
2001-06-01,1.0396413810279794,0.0,0,0.0,1.0
2001-06-04,1.03988180075949,0.0,0,0.0,1.0
2001-06-05,1.0401222760886795,0.0,0,0.0,1.0
2001-06-06,1.0403628070284043,0.0,0,0.0,1.0
2001-06-07,1.040603393591525,0.0,0,0.0,1.0
2001-06-08,1.0408440357909046,0.0,0,0.0,1.0
2001-06-11,1.041084733639409,0.0,0,0.0,1.0
2001-06-12,1.041325487149907,0.0,0,0.0,1.0
2001-06-13,1.0415662963352708,0.0,0,0.0,1.0
2001-06-14,1.0418071612083755,0.0,0,0.0,1.0
2001-06-15,1.0420480817820987,0.0,0,0.0,1.0
2001-06-18,1.0422890580693216,0.0,0,0.0,1.0
2001-06-19,1.042530090082928,0.0,0,0.0,1.0
2001-06-20,1.0427711778358046,0.0,0,0.0,1.0
2001-06-21,1.0430123213408415,0.0,0,0.0,1.0
2001-06-22,1.0432535206109315,0.0,0,0.0,1.0
2001-06-25,1.04349477565897,0.0,0,0.0,1.0
2001-06-26,1.0437360864978564,0.0,0,0.0,1.0
2001-06-27,1.0439774531404922,0.0,0,0.0,1.0
2001-06-28,1.044218875599782,0.0,0,0.0,1.0
2001-06-29,1.044460353888634,0.0,0,0.0,1.0
2001-07-02,1.0447018880199583,0.0,0,0.0,1.0
2001-07-03,1.044943478006669,0.0,0,0.0,1.0
2001-07-04,1.045185123861683,0.0,0,0.0,1.0
2001-07-05,1.0454268255979196,0.0,0,0.0,1.0
2001-07-06,1.0456685832283015,0.0,0,0.0,1.0
2001-07-09,1.0459103967657546,0.0,0,0.0,1.0
2001-07-10,1.0461522662232074,0.0,0,0.0,1.0
2001-07-11,1.0463941916135917,0.0,0,0.0,1.0
2001-07-12,1.046636172949842,0.0,0,0.0,1.0
2001-07-13,1.0468782102448957,0.0,0,0.0,1.0
2001-07-16,1.0471203035116938,0.0,0,0.0,1.0
2001-07-17,1.0473624527631797,0.0,0,0.0,1.0
2001-07-18,1.0476046580123002,0.0,0,0.0,1.0
2001-07-19,1.0478469192720046,0.0,0,0.0,1.0
2001-07-20,1.0480892365552457,0.0,0,0.0,1.0
2001-07-23,1.048331609874979,0.0,0,0.0,1.0
2001-07-24,1.0485740392441634,0.0,0,0.0,1.0
2001-07-25,1.04881652467576,0.0,0,0.0,1.0
2001-07-26,1.0490590661827335,0.0,0,0.0,1.0
2001-07-27,1.0493016637780517,0.0,0,0.0,1.0
2001-07-30,1.049544317474685,0.0,0,0.0,1.0
2001-07-31,1.049787027285607,0.0,0,0.0,1.0
2001-08-01,1.050029793223794,0.0,0,0.0,1.0
2001-08-02,1.0502726153022262,0.0,0,0.0,1.0
2001-08-03,1.0505154935338856,0.0,0,0.0,1.0
2001-08-06,1.050758427931758,0.0,0,0.0,1.0
2001-08-07,1.051001418508832,0.0,0,0.0,1.0
2001-08-08,1.0512444652780992,0.0,0,0.0,1.0
2001-08-09,1.0514875682525542,0.0,0,0.0,1.0
2001-08-10,1.0517307274451944,0.0,0,0.0,1.0
2001-08-13,1.0519739428690207,0.0,0,0.0,1.0
2001-08-14,1.0522172145370365,0.0,0,0.0,1.0
2001-08-15,1.0524605424622484,0.0,0,0.0,1.0
2001-08-16,1.052703926657666,0.0,0,0.0,1.0
2001-08-17,1.0529473671363023,0.0,0,0.0,1.0
2001-08-20,1.0531908639111724,0.0,0,0.0,1.0
2001-08-21,1.0534344169952954,0.0,0,0.0,1.0
2001-08-22,1.0536780264016925,0.0,0,0.0,1.0
2001-08-23,1.0539216921433887,0.0,0,0.0,1.0
2001-08-24,1.0541654142334116,0.0,0,0.0,1.0
2001-08-27,1.054409192684792,0.0,0,0.0,1.0
2001-08-28,1.0546530275105634,0.0,0,0.0,1.0
2001-08-29,1.0548969187237627,0.0,0,0.0,1.0
2001-08-30,1.0551408663374295,0.0,0,0.0,1.0
2001-08-31,1.0553848703646067,0.0,0,0.0,1.0
2001-09-03,1.05562893081834,0.0,0,0.0,1.0
2001-09-04,1.0558730477116782,0.0,0,0.0,1.0
2001-09-05,1.056117221057673,0.0,0,0.0,1.0
2001-09-06,1.0563614508693793,0.0,0,0.0,1.0
2001-09-07,1.056605737159855,0.0,0,0.0,1.0
2001-09-10,1.0568500799421607,0.0,0,0.0,1.0
2001-09-11,1.0570944792293606,0.0,0,0.0,1.0
2001-09-12,1.0573389350345215,0.0,0,0.0,1.0
2001-09-13,1.0575834473707133,0.0,0,0.0,1.0
2001-09-14,1.057828016251009,0.0,0,0.0,0.9457945045632993
2001-09-17,1.0580726416884845,0.0,0,0.0,0.6635369748327461
2001-09-18,1.058317323696219,0.0,0,0.0,0.6179497375433937
2001-09-19,1.058562062287294,0.0,0,0.0,0.6162594567910932
2001-09-20,1.058806857474795,0.0,0,0.0,0.6276083237063661
2001-09-21,1.0590517092718101,0.0,0,0.0,0.6404669420438448
2001-09-24,1.0592966176914302,0.0,0,0.0,0.6508441463652055
2001-09-25,1.0595415827467494,0.0,0,0.0,0.670761592365132
2001-09-26,1.0597866044508648,0.0,0,0.0,0.6909548020966934
2001-09-27,1.0600316828168768,0.0,0,0.0,0.7081352860064302
2001-09-28,1.0602768178578885,0.0,0,0.0,0.7141241536146175
2001-10-01,1.060522009587006,0.0,0,0.0,0.7349426320424454
2001-10-02,1.0607672580173388,0.0,0,0.0,0.7580354454699368
2001-10-03,1.061012563161999,0.0,0,0.0,0.7813461942573577
2001-10-04,1.0612579250341023,0.0,0,0.0,0.8037662089092686
2001-10-05,1.0615033436467667,0.0,0,0.0,0.8288200975328446
2001-10-08,1.0617488190131137,0.0,0,0.0,0.8462713552507917
2001-10-09,1.0619943511462677,0.0,0,0.0,0.8632892610108956
2001-10-10,1.0622399400593563,0.0,0,0.0,0.8803290028181013
2001-10-11,1.0624855857655098,0.0,0,0.0,0.9016769398482731
2001-10-12,1.062731288277862,0.0,0,0.0,0.9279184985642459
2001-10-15,1.0629770476095493,0.0,0,0.0,0.9439763032978619
2001-10-16,1.0632228637737113,0.0,0,0.0,0.9369891319886201
2001-10-17,1.0634687367834907,0.0,0,0.0,0.9468999252537673
2001-10-18,1.0637146666520332,0.0,0,0.0,0.9765041151932636
2001-10-19,1.0639606533924875,0.0,0,0.0,1.0
2001-10-22,1.0642066970180055,0.0,0,0.0,0.9825258947051688
2001-10-23,1.064452797541742,0.0,0,0.0,0.9955330847866981
2001-10-24,1.0646989549768546,0.0,0,0.0,1.0
2001-10-25,1.0649451693365046,0.0,0,0.0,1.0
2001-10-26,1.0651914406338556,0.0,0,0.0,1.0
2001-10-29,1.0654377688820749,0.0,0,0.0,1.0
2001-10-30,1.0656841540943323,0.0,0,0.0,1.0
2001-10-31,1.0659305962838008,0.0,0,0.0,1.0
2001-11-01,1.0661770954636567,0.0,0,0.0,1.0
2001-11-02,1.066423651647079,0.0,0,0.0,1.0
2001-11-05,1.0666702648472504,0.0,0,0.0,1.0
2001-11-06,1.0669169350773555,0.0,0,0.0,1.0
2001-11-07,1.0671636623505831,0.0,0,0.0,1.0
2001-11-08,1.0674104466801244,0.0,0,0.0,1.0
2001-11-09,1.067657288079174,0.0,0,0.0,1.0
2001-11-12,1.067904186560929,0.0,0,0.0,1.0
2001-11-13,1.06815114213859,0.0,0,0.0,1.0
2001-11-14,1.068398154825361,0.0,0,0.0,1.0
2001-11-15,1.0686452246344482,0.0,0,0.0,1.0
2001-11-16,1.0688923515790614,0.0,0,0.0,1.0
2001-11-19,1.0691395356724134,0.0,0,0.0,1.0
2001-11-20,1.0693867769277199,0.0,0,0.0,1.0
2001-11-21,1.0696340753581997,0.0,0,0.0,1.0
2001-11-22,1.0698814309770748,0.0,0,0.0,1.0
2001-11-23,1.0701288437975702,0.0,0,0.0,1.0
2001-11-26,1.0703763138329139,0.0,0,0.0,1.0
2001-11-27,1.070623841096337,0.0,0,0.0,1.0
2001-11-28,1.0708714256010734,0.0,0,0.0,1.0
2001-11-29,1.0711190673603606,0.0,0,0.0,1.0
2001-11-30,1.0713667663874387,0.0,0,0.0,1.0
2001-12-03,1.0716145226955511,0.0,0,0.0,1.0
2001-12-04,1.0718623362979443,0.0,0,0.0,1.0
2001-12-05,1.0721102072078674,0.0,0,1.0,1.0
2001-12-06,1.0691410610322576,1.0,15,1.0,1.0
2001-12-07,1.0539892813355136,1.0,15,1.0,1.0
2001-12-10,1.0727917732448826,1.0,15,1.0,1.0
2001-12-11,1.0709106809524709,1.0000000000000002,15,1.0,1.0
2001-12-12,1.0623952130166423,1.0000000000000004,15,1.0,1.0
2001-12-13,1.039435159037701,1.0000000000000004,15,1.0,1.0
2001-12-14,1.0391587513189267,1.0000000000000002,15,1.0,1.0
2001-12-17,1.0391587513189267,1.0000000000000002,15,1.0,1.0
2001-12-18,1.0382047834404209,1.0000000000000002,15,1.0,1.0
2001-12-19,1.0157666340705025,0.5,15,0.0,1.0
2001-12-20,1.0050897338239198,0.0,0,0.0,1.0
2001-12-21,1.0053221633985403,0.0,0,0.0,1.0
2001-12-24,1.0055546467230951,0.0,0,0.0,1.0
2001-12-25,1.005787183810014,0.0,0,0.0,1.0
2001-12-26,1.0060197746717299,0.0,0,0.0,1.0
2001-12-27,1.0062524193206779,0.0,0,0.0,1.0
2001-12-28,1.0064851177692966,0.0,0,0.0,1.0
2001-12-31,1.0067178700300274,0.0,0,0.0,0.9923441636369662
2002-01-01,1.0069506761153146,0.0,0,0.0,1.0
2002-01-02,1.0071835360376051,0.0,0,0.0,1.0
2002-01-03,1.007416449809349,0.0,0,0.0,1.0
2002-01-04,1.0076494174429989,0.0,0,0.8288888888888887,1.0
2002-01-07,1.0066293051185815,0.41444444444444434,15,0.8555555555555552,1.0
2002-01-08,1.0066048400018015,0.4142947982446786,15,0.8999999999999999,1.0
2002-01-09,1.0029144268209824,0.41200364103236975,15,0.9533333333333329,1.0
2002-01-10,1.0054289543080215,0.41333855489811067,15,0.9977777777777777,1.0
2002-01-11,1.0047309655875485,0.41279523874557045,15,1.0,1.0
2002-01-14,1.0196649436057785,0.42126161587867617,15,1.0,1.0
2002-01-15,1.0165942763706326,0.41937927242655104,15,1.0,1.0
2002-01-16,1.021466515865782,0.42201511516321183,15,1.0,1.0
2002-01-17,1.0266943805961926,0.4248251988055603,15,1.0,1.0
2002-01-18,1.0278774593126356,0.42535436283986283,15,1.0,1.0
2002-01-21,1.0310707414290519,0.4270015948925646,15,1.0,1.0
2002-01-22,1.0281380447947164,0.4252342690423812,15,1.0,1.0
2002-01-23,1.0315385919319306,0.426996551065038,15,1.0,1.0
2002-01-24,1.0242654828199613,0.4227943160735911,15,1.0,1.0
2002-01-25,1.022280638531797,0.42153988298284395,15,1.0,1.0
2002-01-28,1.0230478381556525,0.421840009232951,15,1.0,1.0
2002-01-29,1.0222864229666762,0.4212755859142998,15,1.0,1.0
2002-01-30,1.017633774759742,0.4184951993884004,15,1.0,1.0
2002-01-31,1.022736777396535,0.4212628467700459,15,1.0,1.0
2002-02-01,1.028070835107308,0.5,15,1.0,1.0
2002-02-04,1.029894208270703,0.5007698019551539,15,1.0,1.0
2002-02-05,1.0290019979097964,0.5002213891703928,15,1.0,1.0
2002-02-06,1.0594376368527065,0.5144668282918456,15,1.0,0.8304616052529091
2002-02-07,1.0648715590736644,0.8304616052529089,15,1.0,0.8412605293364919
2002-02-08,1.063339488060369,0.7784105800929,14,1.0,0.8676767645875223
2002-02-11,1.0755241325574245,0.7808703105554662,14,1.0,0.8749444747799602
2002-02-12,1.06941117476306,0.7795667595823261,14,1.0,0.8982411901838336
2002-02-13,1.0853117109819659,0.782746023797499,14,1.0,0.8829439092076569
2002-02-14,1.1059700685412512,0.7867547974552036,14,1.0,0.8437441632187981
2002-02-15,1.1182928687361824,0.7890558393749105,14,1.0,0.8530170319046317
2002-02-18,1.1173592685839104,0.7888307646170332,14,1.0,0.8798197776906755
2002-02-19,1.1006730296524752,0.7855798583971221,14,1.0,0.8785669666269893
2002-02-20,1.1067781654716822,0.7867133167776744,14,1.0,0.8998329022849365
2002-02-21,1.1081833116960993,0.7869344979253909,14,1.0,0.9277044274979904
2002-02-22,1.1189836856096118,0.788942198997773,14,1.0,0.9403754659984481
2002-02-25,1.114465011215256,0.9403754659984481,14,1.0,0.9687735835582955
2002-02-26,1.1506474276041754,0.9422370206830359,14,1.0,0.8748856235230219
2002-02-27,1.1508241392214666,0.9422325345317895,14,1.0,0.9006181570161038
2002-02-28,1.0889267039807329,0.9389347628316902,14,1.0,0.7240536531491948
2002-03-01,1.1421258561932561,0.7240536531491948,15,1.0,0.6235537499106429
2002-03-04,1.153189752463125,0.7266379277077675,15,1.0,0.6366122468136569
2002-03-05,1.1508848384225459,0.7260271144199675,15,1.0,0.6564698076153274
2002-03-06,1.1544170007533252,0.726802224431196,15,1.0,0.6754214461946777
2002-03-07,1.1587145616316796,0.7277525453428176,15,1.0,0.6954186586011722
2002-03-08,1.159655404399427,0.7279105162264128,15,1.0,0.717204299615581
2002-03-11,1.1463379018737032,0.7246858827992855,15,1.0,0.728545871993806
2002-03-12,1.1317140331978068,0.7210638180568313,15,1.0,0.7364737515907097
2002-03-13,1.1380708292438364,0.722557696551406,15,1.0,0.7563588840749383
2002-03-14,1.1394996237654618,0.7228414968032786,15,1.0,0.7799050583127294
2002-03-15,1.144844831107045,0.7240717377750279,15,1.0,0.8016802390254822
2002-03-18,1.1488396091580688,0.7249676162069634,15,1.0,0.8251607981614983
2002-03-19,1.1328074747460397,0.7210106997177017,15,1.0,0.8251566611569578
2002-03-20,1.1304623781531795,0.7203672973363351,15,1.0,0.8505002095467747
2002-03-21,1.130335047894562,0.7202711241403145,15,1.0,0.8772003477470964
2002-03-22,1.1310959731961079,0.8772003477470964,15,1.0,0.9044280259472176
2002-03-25,1.1311280937587163,0.8771754379523126,15,1.0,0.9328462816738596
2002-03-26,1.1245062534412829,0.8764235945322143,15,1.0,0.9578219879208355
2002-03-27,1.1360304671143469,0.8776489010020707,15,1.0,0.9716488362107133
2002-03-28,1.147584269480248,0.8788527146148604,15,1.0,0.9857931265757593
2002-03-29,1.1476164197650138,0.8788280937009773,15,1.0,1.0
2002-04-01,1.182685750866987,1.0,15,1.0,0.8911248223119396
2002-04-02,1.1792036178796164,1.0,15,1.0,0.9185964836259347
2002-04-03,1.1955620650264425,1.0,15,1.0,0.9272148564039494
2002-04-04,1.2102973418423968,0.9999999999999999,15,1.0,0.9371939349210827
2002-04-05,1.227373441844495,0.9999999999999999,15,1.0,0.9431036963153545
2002-04-08,1.2385149214899973,0.9999999999999999,15,1.0,0.9610233159462204
2002-04-09,1.2357955490772305,0.9999999999999998,15,1.0,0.9910314993025569
2002-04-10,1.2390702107150626,0.9999999999999998,15,1.0,1.0
2002-04-11,1.2522214045922357,1.0,15,1.0,1.0
2002-04-12,1.2423115198829506,1.0,15,1.0,1.0
2002-04-15,1.2212898393865106,1.0,15,1.0,1.0
2002-04-16,1.2082805378001287,1.0,15,1.0,1.0
2002-04-17,1.2037600221117608,1.0,15,1.0,1.0
2002-04-18,1.2028413126204898,1.0,15,1.0,1.0
2002-04-19,1.1851764493373018,1.0000000000000002,15,1.0,1.0
2002-04-22,1.189968780755917,1.0,15,1.0,1.0
2002-04-23,1.2138450528065716,1.0,15,1.0,1.0
2002-04-24,1.2337686575154958,1.0000000000000002,15,1.0,1.0
2002-04-25,1.2491768813806716,1.0000000000000002,15,1.0,1.0
2002-04-26,1.2539587483478678,1.0000000000000002,15,1.0,1.0
2002-04-29,1.2448844072262053,1.0000000000000002,15,0.0,1.0
2002-04-30,1.2681021687838752,0.0,0,0.0,1.0
2002-05-01,1.2683954206575605,0.0,0,0.0,1.0
2002-05-02,1.2686887403464926,0.0,0,1.0,1.0
2002-05-03,1.2651751814827548,1.0,15,1.0,1.0
2002-05-06,1.280139871291784,0.9999999999999999,15,1.0,1.0
2002-05-07,1.286529348721291,0.9999999999999999,15,1.0,1.0
2002-05-08,1.2754969617421685,0.9999999999999999,15,1.0,1.0
2002-05-09,1.2933237402845061,1.0,15,1.0,1.0
2002-05-10,1.2799509289624187,1.0,15,1.0,1.0
2002-05-13,1.2929498643293127,0.9999999999999999,15,1.0,1.0
2002-05-14,1.3001749120060928,1.0,15,1.0,1.0
2002-05-15,1.2696291117561387,0.9999999999999999,15,1.0,1.0
2002-05-16,1.266761152528794,1.0,15,1.0,1.0
2002-05-17,1.2467881732663082,1.0,15,0.0,1.0
2002-05-20,1.2071297052753167,0.0,0,0.0,1.0
2002-05-21,1.2074088571106871,0.0,0,0.0,0.9335657450671101
2002-05-22,1.2076880735006343,0.0,0,0.0,0.939746398485673
2002-05-23,1.2079673544600866,0.0,0,0.0,0.9668521002283081
2002-05-24,1.2082467000039758,0.0,0,0.0,0.7853155919987647
2002-05-27,1.2085261101472375,0.0,0,0.0,0.7963268769826256
2002-05-28,1.2088055849048103,0.0,0,0.0,0.7930084107320974
2002-05-29,1.2090851242916363,0.0,0,0.0,0.8053101906605528
2002-05-30,1.2093647283226614,0.0,0,0.0,0.8284674505776116
2002-05-31,1.2096443970128345,0.0,0,0.0,0.8542721074345363
2002-06-03,1.2099241303771084,0.0,0,0.0,0.8339308709034352
2002-06-04,1.2102039284304391,0.0,0,0.0,0.8178650880112314
2002-06-05,1.2104837911877862,0.0,0,0.0,0.7772456306077249
2002-06-06,1.2107637186641125,0.0,0,0.0,0.8002843113117278
2002-06-07,1.2110437108743843,0.0,0,0.0,0.7902276826781165
2002-06-10,1.211323767833572,0.0,0,0.0,0.7451185304826388
2002-06-11,1.2116038895566486,0.0,0,1.0,0.7110378584399739
2002-06-12,1.209298989684236,0.711037858439974,15,1.0,0.7298751601666502
2002-06-13,1.2200128880664907,0.7135092272096923,15,1.0,0.7440316178555403
2002-06-14,1.2301159890005662,0.7157965052072297,15,1.0,0.7589444053473833
2002-06-17,1.2362680469877902,0.7171453953078883,15,1.0,0.7770720522258775
2002-06-18,1.2288137541301531,0.715363720584655,15,1.0,0.7991445600698001
2002-06-19,1.2218409758748383,0.7136731653105454,15,0.0,0.8203405810185344
2002-06-20,1.2251825890429662,0.0,0,0.0,0.8421393616831926
2002-06-21,1.2254659156539347,0.0,0,0.0,0.8669780376334162
2002-06-24,1.2257493077849075,0.0,0,0.0,0.8919550764181816
2002-06-25,1.2260327654510363,0.0,0,0.0,0.9143236303410647
2002-06-26,1.2263162886674763,0.0,0,0.0,0.91594077368692
2002-06-27,1.226599877449386,0.0,0,0.0,0.9360366250288877
2002-06-28,1.2268835318119278,0.0,0,0.0,0.9494618377941552
2002-07-01,1.2271672517702672,0.0,0,0.0,0.9519144796457717
2002-07-02,1.2274510373395735,0.0,0,0.0,0.9743085432309823
2002-07-03,1.2277348885350194,0.0,0,0.0,1.0
2002-07-04,1.228018805371781,0.0,0,0.0,1.0
2002-07-05,1.2283027878650383,0.0,0,0.0,1.0
2002-07-08,1.2285868360299743,0.0,0,1.0,1.0
2002-07-09,1.2251843370321305,1.0,15,1.0,1.0
2002-07-10,1.20187605707589,1.0,15,1.0,1.0
2002-07-11,1.1904184922535481,0.9999999999999999,15,0.0,1.0
2002-07-12,1.1980076412868828,0.0,0,0.0,1.0
2002-07-15,1.1982846836215975,0.0,0,0.0,1.0
2002-07-16,1.1985617900230614,0.0,0,0.0,1.0
2002-07-17,1.1988389605060903,0.0,0,0.0,1.0
2002-07-18,1.1991161950855032,0.0,0,0.0,1.0
2002-07-19,1.1993934937761224,0.0,0,0.0,1.0
2002-07-22,1.1996708565927738,0.0,0,0.0,0.9070906770752155
2002-07-23,1.199948283550287,0.0,0,0.0,0.9298282587077084
2002-07-24,1.2002257746634946,0.0,0,0.0,0.9286952644861347
2002-07-25,1.2005033299472325,0.0,0,0.0,0.9525267959756485
2002-07-26,1.2007809494163406,0.0,0,0.0,0.8571558928563769
2002-07-29,1.2010586330856616,0.0,0,0.0,0.8283892840201331
2002-07-30,1.2013363809700424,0.0,0,0.0,0.8296791475863551
2002-07-31,1.2016141930843325,0.0,0,0.0,0.8549216607731571
2002-08-01,1.2018920694433854,0.0,0,0.0,0.8805765792991352
2002-08-02,1.202170010062058,0.0,0,0.0,0.9065092469556918
2002-08-05,1.2024480149552104,0.0,0,0.0,0.903661571662423
2002-08-06,1.202726084137706,0.0,0,0.0,0.9205372924743296
2002-08-07,1.2030042176244122,0.0,0,0.0,0.9439590634097758
2002-08-08,1.2032824154301995,0.0,0,0.0,0.9069913046561989
2002-08-09,1.2035606775699417,0.0,0,0.0,0.9295063237563885
2002-08-12,1.2038390040585163,0.0,0,0.0,0.9542262388669677
2002-08-13,1.204117394910804,0.0,0,0.0,0.9830152990181827
2002-08-14,1.2043958501416892,0.0,0,0.0,1.0
2002-08-15,1.2046743697660596,0.0,0,0.0,1.0
2002-08-16,1.2049529537988062,0.0,0,0.0,1.0
2002-08-19,1.2052316022548237,0.0,0,0.0,1.0
2002-08-20,1.2055103151490103,0.0,0,0.0,1.0
2002-08-21,1.2057890924962673,0.0,0,0.0,1.0
2002-08-22,1.2060679343114997,0.0,0,0.0,1.0
2002-08-23,1.2063468406096158,0.0,0,0.0,1.0
2002-08-26,1.2066258114055277,0.0,0,0.0,1.0
2002-08-27,1.2069048467141503,0.0,0,0.0,1.0
2002-08-28,1.2071839465504026,0.0,0,0.0,1.0
2002-08-29,1.2074631109292067,0.0,0,0.0,1.0
2002-08-30,1.2077423398654883,0.0,0,0.0,1.0
2002-09-02,1.2080216333741765,0.0,0,0.0,1.0
2002-09-03,1.2083009914702036,0.0,0,0.0,1.0
2002-09-04,1.208580414168506,0.0,0,0.0,1.0
2002-09-05,1.2088599014840227,0.0,0,0.0,1.0
2002-09-06,1.2091394534316968,0.0,0,0.0,1.0
2002-09-09,1.2094190700264746,0.0,0,0.0,1.0
2002-09-10,1.209698751283306,0.0,0,0.0,1.0
2002-09-11,1.2099784972171441,0.0,0,0.0,1.0
2002-09-12,1.2102583078429459,0.0,0,0.0,1.0
2002-09-13,1.2105381831756712,0.0,0,0.0,1.0
2002-09-16,1.210818123230284,0.0,0,0.0,1.0
2002-09-17,1.2110981280217512,0.0,0,0.0,1.0
2002-09-18,1.2113781975650435,0.0,0,0.0,1.0
2002-09-19,1.2116583318751348,0.0,0,0.0,1.0
2002-09-20,1.2119385309670025,0.0,0,0.0,1.0
2002-09-23,1.2122187948556278,0.0,0,0.0,1.0
2002-09-24,1.212499123555995,0.0,0,0.0,1.0
2002-09-25,1.212779517083092,0.0,0,0.0,1.0
2002-09-26,1.21305997545191,0.0,0,0.0,1.0
2002-09-27,1.213340498677444,0.0,0,0.0,1.0
2002-09-30,1.2136210867746924,0.0,0,0.0,1.0
2002-10-01,1.2139017397586567,0.0,0,0.0,1.0
2002-10-02,1.214182457644342,0.0,0,0.0,1.0
2002-10-03,1.2144632404467575,0.0,0,0.0,1.0
2002-10-04,1.2147440881809148,0.0,0,0.0,1.0
2002-10-07,1.2150250008618297,0.0,0,0.0,1.0
2002-10-08,1.2153059785045215,0.0,0,0.0,1.0
2002-10-09,1.2155870211240127,0.0,0,0.0,1.0
2002-10-10,1.2158681287353292,0.0,0,0.0,1.0
2002-10-11,1.2161493013535007,0.0,0,0.0,1.0
2002-10-14,1.2164305389935601,0.0,0,0.0,1.0
2002-10-15,1.216711841670544,0.0,0,0.0,1.0
2002-10-16,1.2169932093994922,0.0,0,0.0,1.0
2002-10-17,1.2172746421954481,0.0,0,0.0,1.0
2002-10-18,1.217556140073459,0.0,0,0.0,1.0
2002-10-21,1.2178377030485747,0.0,0,0.0,1.0
2002-10-22,1.2181193311358496,0.0,0,0.0,1.0
2002-10-23,1.2184010243503407,0.0,0,0.0,1.0
2002-10-24,1.218682782707109,0.0,0,0.0,1.0
2002-10-25,1.2189646062212187,0.0,0,0.0,1.0
2002-10-28,1.2192464949077377,0.0,0,0.0,1.0
2002-10-29,1.2195284487817373,0.0,0,0.0,1.0
2002-10-30,1.2198104678582922,0.0,0,0.0,1.0
2002-10-31,1.2200925521524808,0.0,0,0.0,1.0
2002-11-01,1.2203747016793847,0.0,0,0.0,1.0
2002-11-04,1.2206569164540892,0.0,0,0.0,1.0
2002-11-05,1.2209391964916831,0.0,0,0.0,1.0
2002-11-06,1.2212215418072585,0.0,0,0.0,1.0
2002-11-07,1.221503952415911,0.0,0,0.0,1.0
2002-11-08,1.22178642833274,0.0,0,0.0,1.0
2002-11-11,1.222068969572848,0.0,0,0.0,1.0
2002-11-12,1.2223515761513413,0.0,0,0.0,1.0
2002-11-13,1.2226342480833294,0.0,0,0.0,1.0
2002-11-14,1.2229169853839257,0.0,0,0.0,1.0
2002-11-15,1.2231997880682468,0.0,0,0.0,1.0
2002-11-18,1.2234826561514127,0.0,0,0.0,1.0
2002-11-19,1.2237655896485473,0.0,0,0.0,1.0
2002-11-20,1.2240485885747776,0.0,0,0.0,1.0
2002-11-21,1.2243316529452342,0.0,0,0.0,1.0
2002-11-22,1.2246147827750513,0.0,0,0.0,1.0
2002-11-25,1.2248979780793665,0.0,0,0.0,1.0
2002-11-26,1.225181238873321,0.0,0,0.0,1.0
2002-11-27,1.2254645651720595,0.0,0,0.0,1.0
2002-11-28,1.22574795699073,0.0,0,0.0,1.0
2002-11-29,1.2260314143444841,0.0,0,0.0,1.0
2002-12-02,1.2263149372484772,0.0,0,0.6260664458496437,1.0
2002-12-03,1.224294729179426,0.6260664458496437,15,0.6624008832680919,1.0
2002-12-04,1.210900252350896,0.621842718199753,15,0.6904044966375588,1.0
2002-12-05,1.2217675477092005,0.6251196540192655,15,0.7349693867309042,1.0
2002-12-06,1.2380051586560952,0.6299510100494129,15,0.7880658436213991,1.0
2002-12-09,1.2286632081176834,0.7880658436213991,15,0.8045267489711931,1.0
2002-12-10,1.2210980010785495,0.7867035099326074,15,0.8292181069958847,1.0
2002-12-11,1.222919302883493,0.7869719219068736,15,0.8621399176954732,1.0
2002-12-12,1.2304237768660482,0.7882222379947453,15,0.9032921810699589,1.0
2002-12-13,1.2490370772130794,0.7913299312758624,15,0.9444444444444446,1.0
2002-12-16,1.2362690802095364,0.9444444444444446,15,0.9572016460905347,1.0
2002-12-17,1.2256091615405518,0.9439482825990673,15,0.9614197530864198,1.0
2002-12-18,1.2356580143707179,0.9443912603326046,15,0.9905349794238685,1.0
2002-12-19,1.2230032835652493,0.9438028696170712,15,1.0,1.0
2002-12-20,1.2234754991030636,0.9438115688818491,15,0.9666666666666662,1.0
2002-12-23,1.2235548254791888,0.9438022188539966,15,0.9833333333333333,1.0
2002-12-24,1.2477811513312986,0.9448805847069492,15,1.0,1.0
2002-12-25,1.2477970561811405,0.9448685409344915,15,1.0,1.0
2002-12-26,1.2684334601704408,0.9457529440735932,15,1.0,1.0
2002-12-27,1.2642449741546782,0.9455606354254426,15,1.0,1.0
2002-12-30,1.2738123847098124,0.9459570265037527,15,1.0,1.0
2002-12-31,1.2738937778729753,0.945947982705333,15,1.0,1.0
2003-01-01,1.2830507779428861,1.0,15,1.0,1.0
2003-01-02,1.283750714925282,1.0,15,1.0,1.0
2003-01-03,1.2896750156496402,1.0,15,1.0,1.0
2003-01-06,1.277590949006702,1.0,15,1.0,1.0
2003-01-07,1.2810034086678574,1.0000000000000002,15,1.0,1.0
2003-01-08,1.2836291615772322,1.0000000000000004,15,1.0,1.0
2003-01-09,1.3111954231009344,1.0000000000000004,15,1.0,1.0
2003-01-10,1.2844515296909353,1.0000000000000004,15,1.0,1.0
2003-01-13,1.284220507117791,1.0000000000000004,15,1.0,1.0
2003-01-14,1.283299065245157,1.0000000000000004,15,1.0,1.0
2003-01-15,1.2984126665515918,1.0000000000000002,15,1.0,1.0
2003-01-16,1.3173075531691134,1.0000000000000002,15,1.0,1.0
2003-01-17,1.326751840153134,1.0000000000000004,15,1.0,1.0
2003-01-20,1.3147534320060363,1.0000000000000004,15,1.0,1.0
2003-01-21,1.317621611386694,1.0000000000000004,15,1.0,1.0
2003-01-22,1.3274862578903834,1.0000000000000004,15,1.0,1.0
2003-01-23,1.3073570271431096,1.0000000000000004,15,1.0,1.0
2003-01-24,1.2786860527625106,1.0000000000000004,15,1.0,1.0
2003-01-27,1.2452462293918634,1.0000000000000004,15,1.0,1.0
2003-01-28,1.2514541829656702,1.0000000000000004,15,1.0,1.0
2003-01-29,1.238624001371168,1.0000000000000004,15,1.0,1.0
2003-01-30,1.237800972916209,1.0000000000000004,15,1.0,1.0
2003-01-31,1.2355308698645282,1.0000000000000004,15,1.0,1.0
2003-02-03,1.2558663452384877,1.0,15,1.0,1.0
2003-02-04,1.259527196784638,0.9999999999999999,15,1.0,1.0
2003-02-05,1.2511405673467455,0.9999999999999999,15,1.0,1.0
2003-02-06,1.2663976619044,0.9999999999999998,15,1.0,1.0
2003-02-07,1.256421187371059,1.0,15,1.0,1.0
2003-02-10,1.247916372688163,0.9999999999999998,15,1.0,1.0
2003-02-11,1.2464677917540197,0.9999999999999999,15,1.0,1.0
2003-02-12,1.2434074250248162,0.9999999999999998,15,1.0,1.0
2003-02-13,1.2434074250248162,0.9999999999999998,15,1.0,1.0
2003-02-14,1.2323546002312973,0.9999999999999999,15,1.0,1.0
2003-02-17,1.263461669117049,0.9999999999999999,15,1.0,1.0
2003-02-18,1.2822187257763265,0.9999999999999998,15,1.0,1.0
2003-02-19,1.2936927904844968,1.0,15,1.0,1.0
2003-02-20,1.2881400864120962,1.0,15,1.0,1.0
2003-02-21,1.2744411699829945,0.9999999999999998,15,1.0,1.0
2003-02-24,1.28456209408943,1.0,15,1.0,1.0
2003-02-25,1.2703325458937578,0.9448076673364612,14,1.0,1.0
2003-02-26,1.267669351319413,0.9446789258449861,14,1.0,1.0
2003-02-27,1.2814584484975553,0.9452615512097353,14,1.0,1.0
2003-02-28,1.2726976217203163,0.9448720044066827,14,1.0,1.0
2003-03-03,1.2689610677024987,1.0,15,1.0,1.0
2003-03-04,1.2474799519815976,1.0,15,1.0,1.0
2003-03-05,1.250830731154029,1.0,15,1.0,1.0
2003-03-06,1.2387791401400674,1.0,15,0.9979919678714857,1.0
2003-03-07,1.2188515052852813,1.0,15,0.9257028112449797,1.0
2003-03-10,1.206576809978187,1.0,15,0.0,1.0
2003-03-11,1.204723211856169,0.0,0,0.0,1.0
2003-03-12,1.205001807183774,0.0,0,0.0,1.0
2003-03-13,1.2052804669372619,0.0,0,0.0,1.0
2003-03-14,1.2055591911315313,0.0,0,0.0,1.0
2003-03-17,1.2058379797814844,0.0,0,0.0,1.0
2003-03-18,1.2061168329020266,0.0,0,0.0,1.0
2003-03-19,1.2063957505080671,0.0,0,0.0,1.0
2003-03-20,1.2066747326145182,0.0,0,0.0,1.0
2003-03-21,1.2069537792362957,0.0,0,0.740376138701146,1.0
2003-03-24,1.205892180749471,0.370188069350573,15,0.7845528455284552,1.0
2003-03-25,1.2049436856152682,0.3695465402257998,15,0.8128575730201745,1.0
2003-03-26,1.205340381071865,0.3696082858474891,15,0.8167720566094548,1.0
2003-03-27,1.2026588305025596,0.368056606044783,15,0.0,1.0
2003-03-28,1.2002114446176373,0.0,0,0.0,1.0
2003-03-31,1.2004889965875154,0.0,0,0.0,1.0
2003-04-01,1.2007666127419974,0.0,0,0.0,1.0
2003-04-02,1.2010442930959258,0.0,0,0.0,1.0
2003-04-03,1.2013220376641471,0.0,0,0.0,1.0
2003-04-04,1.2015998464615112,0.0,0,0.0,1.0
2003-04-07,1.201877719502871,0.0,0,0.6849114450740464,1.0
2003-04-08,1.2009206015509255,0.34245572253702317,15,0.6921717683461991,1.0
2003-04-09,1.201441825077997,0.34258899324653236,15,0.686131930451693,1.0
2003-04-10,1.1948137693242675,0.33878922989040405,15,0.0,1.0
2003-04-11,1.1943504640036513,0.0,0,0.0,1.0
2003-04-14,1.1946266606067546,0.0,0,0.0,1.0
2003-04-15,1.1949029210810296,0.0,0,0.0,1.0
2003-04-16,1.1951792454412467,0.0,0,0.0,1.0
2003-04-17,1.1954556337021796,0.0,0,0.0,1.0
2003-04-18,1.1957320858786056,0.0,0,0.0,1.0
2003-04-21,1.1960086019853053,0.0,0,0.0,1.0
2003-04-22,1.1962851820370628,0.0,0,0.0,1.0
2003-04-23,1.1965618260486655,0.0,0,0.0,1.0
2003-04-24,1.1968385340349041,0.0,0,0.0,1.0
2003-04-25,1.1971153060105733,0.0,0,0.0,1.0
2003-04-28,1.1973921419904705,0.0,0,0.0,1.0
2003-04-29,1.197669041989397,0.0,0,0.0,1.0
2003-04-30,1.1979460060221572,0.0,0,0.0,1.0
2003-05-01,1.1982230341035591,0.0,0,0.0,1.0
2003-05-02,1.1985001262484143,0.0,0,0.0,1.0
2003-05-05,1.1987772824715375,0.0,0,0.0,1.0
2003-05-06,1.1990545027877468,0.0,0,0.0,1.0
2003-05-07,1.1993317872118643,0.0,0,0.0,1.0
2003-05-08,1.1996091357587149,0.0,0,0.0,1.0
2003-05-09,1.1998865484431271,0.0,0,0.0,1.0
2003-05-12,1.200164025279933,0.0,0,0.0,1.0
2003-05-13,1.2004415662839678,0.0,0,0.0,1.0
2003-05-14,1.2007191714700705,0.0,0,0.0,1.0
2003-05-15,1.2009968408530833,0.0,0,0.0,1.0
2003-05-16,1.2012745744478521,0.0,0,0.0,1.0
2003-05-19,1.2015523722692258,0.0,0,0.0,1.0
2003-05-20,1.201830234332057,0.0,0,0.0,1.0
2003-05-21,1.2021081606512019,0.0,0,0.0,1.0
2003-05-22,1.2023861512415195,0.0,0,0.0,1.0
2003-05-23,1.202664206117873,0.0,0,0.0,1.0
2003-05-26,1.2029423252951286,0.0,0,0.0,1.0
2003-05-27,1.2032205087881562,0.0,0,0.0,1.0
2003-05-28,1.203498756611829,0.0,0,0.0,1.0
2003-05-29,1.2037770687810234,0.0,0,0.0,1.0
2003-05-30,1.2040554453106196,0.0,0,1.0,1.0
2003-06-02,1.202527385386178,0.5,15,1.0,1.0
2003-06-03,1.201564521990488,0.4994836103637841,15,1.0,1.0
2003-06-04,1.207945717679695,0.5020125461101758,15,1.0,1.0
2003-06-05,1.2022881032772,0.4995534607480431,15,1.0,1.0
2003-06-06,1.2056018856891897,0.5008136036728351,15,1.0,1.0
2003-06-09,1.2135713741566105,0.5039770663914608,15,1.0,1.0
2003-06-10,1.2051991485443037,0.5004158121968316,15,1.0,1.0
2003-06-11,1.2138428295145964,0.5038586051433891,15,1.0,1.0
2003-06-12,1.2204574287664307,0.5064334655365448,15,1.0,1.0
2003-06-13,1.2235308207093791,0.5075594054608511,15,1.0,1.0
2003-06-16,1.226459091868926,0.5086215413078441,15,1.0,1.0
2003-06-17,1.2381998837137844,0.5131683084566347,15,1.0,1.0
2003-06-18,1.2464459466173758,0.5162771852499978,15,1.0,1.0
2003-06-19,1.2596909507598653,1.0,15,1.0,1.0
2003-06-20,1.2703086068126062,1.0,15,1.0,1.0
2003-06-23,1.2589223789387831,0.9999999999999999,15,1.0,1.0
2003-06-24,1.2793717030277363,0.9999999999999997,15,1.0,1.0
2003-06-25,1.2842712858743004,0.9999999999999998,15,1.0,1.0
2003-06-26,1.269234219362143,0.9999999999999998,15,1.0,1.0
2003-06-27,1.2859913623013766,0.9999999999999997,15,1.0,1.0
2003-06-30,1.3118450785677163,0.9999999999999997,15,1.0,1.0
2003-07-01,1.3180331346782184,1.0,15,1.0,1.0
2003-07-02,1.3249551352947986,1.0,15,1.0,1.0
2003-07-03,1.340283711045547,1.0,15,1.0,1.0
2003-07-04,1.3458798726675083,1.0,15,1.0,1.0
2003-07-07,1.3567402084767097,1.0,15,1.0,1.0
2003-07-08,1.3598075112089532,1.0,15,1.0,1.0
2003-07-09,1.3382556595780637,1.0,15,1.0,1.0
2003-07-10,1.330790604174978,1.0,15,1.0,1.0
2003-07-11,1.3489224533674824,1.0,15,1.0,1.0
2003-07-14,1.3649926826151602,1.0,15,1.0,1.0
2003-07-15,1.3531408809513121,1.0,15,1.0,1.0
2003-07-16,1.3638786983392146,1.0,15,1.0,1.0
2003-07-17,1.349360159787617,1.0000000000000002,15,1.0,1.0
2003-07-18,1.3311980795463778,1.0,15,1.0,1.0
2003-07-21,1.316566451596658,1.0,15,1.0,1.0
2003-07-22,1.2946755497067859,1.0,15,1.0,1.0
2003-07-23,1.2917208429403508,1.0,15,1.0,1.0
2003-07-24,1.3246626609282108,1.0,15,1.0,1.0
2003-07-25,1.3568322151355212,1.0,15,1.0,1.0
2003-07-28,1.3561486426978937,1.0,15,1.0,1.0
2003-07-29,1.3640680201370172,1.0,15,1.0,1.0
2003-07-30,1.3817935151685905,1.0,15,1.0,1.0
2003-07-31,1.3953953066031037,0.9999999999999999,15,1.0,1.0
2003-08-01,1.3916637267012284,1.0,15,1.0,1.0
2003-08-04,1.4129638237467799,0.9999999999999999,15,1.0,1.0
2003-08-05,1.4041250195686286,0.9999999999999999,15,1.0,1.0
2003-08-06,1.404844765266213,0.9999999999999999,15,1.0,1.0
2003-08-07,1.4237307458365105,0.9999999999999999,15,1.0,1.0
2003-08-08,1.452440766528445,1.0,15,1.0,1.0
2003-08-11,1.4778132290837547,1.0,15,1.0,1.0
2003-08-12,1.475693415108529,1.0,15,1.0,1.0
2003-08-13,1.4973640294062898,1.0000000000000002,15,1.0,1.0
2003-08-14,1.4907966151482772,1.0000000000000002,15,1.0,1.0
2003-08-15,1.4907966151482772,1.0000000000000002,15,1.0,1.0
2003-08-18,1.5309446980442891,1.0000000000000002,15,1.0,1.0
2003-08-19,1.5101994861058137,1.0000000000000002,15,1.0,1.0
2003-08-20,1.5349801532247682,1.0000000000000002,15,1.0,1.0
2003-08-21,1.540039893946458,1.0000000000000002,15,1.0,1.0
2003-08-22,1.5447959365266373,1.0000000000000002,15,1.0,1.0
2003-08-25,1.4925798162890742,1.0000000000000002,15,1.0,1.0
2003-08-26,1.5443842225621618,1.0000000000000004,15,1.0,0.9173955672919968
2003-08-27,1.5871880603940591,1.0000000000000002,15,1.0,0.870202005246963
2003-08-28,1.5954587857434575,1.0000000000000004,15,1.0,0.8944397965258357
2003-08-29,1.6496614881082994,1.0000000000000004,15,1.0,0.8248609029014605
2003-09-01,1.667429180716455,0.8248609029014604,15,1.0,0.8396892238342144
2003-09-02,1.6561381746305377,0.823626084575392,15,1.0,0.8614936677076362
2003-09-03,1.6281935703467423,0.8205575010002897,15,1.0,0.8571800820974935
2003-09-04,1.6499069525738865,0.8228780798470214,15,1.0,0.8593891709061304
2003-09-05,1.6751617680701973,0.8255080356387512,15,1.0,0.856357553929893
2003-09-08,1.7227485943476128,0.8302887234152716,15,1.0,0.7923699665083246
2003-09-09,1.717012459081157,0.8296823806291482,15,1.0,0.8165518533869465
2003-09-10,1.7026744624834533,0.8282084404149958,15,1.0,0.8372469577391595
2003-09-11,1.7321568077311307,0.8310933844883759,15,1.0,0.83019005644593
2003-09-12,1.7103194257096779,0.828897223684363,15,1.0,0.8403544349845796
2003-09-15,1.6853421916753142,0.8263212791956132,15,1.0,0.8477947868978125
2003-09-16,1.6978382434274053,0.8275596826768989,15,1.0,0.8670189468628029
2003-09-17,1.7006585639477991,0.8278058413291458,15,1.0,0.8933907897413502
2003-09-18,1.6415948259089703,0.8215691309543265,15,1.0,0.7926748681854289
2003-09-19,1.6307557239457118,0.8203416222498414,15,1.0,0.8140874233224822
2003-09-22,1.6231598024412641,0.8194591317765458,15,1.0,0.837539513740728
2003-09-23,1.6518736139343646,0.8225563715524429,15,1.0,0.8267628146447045
2003-09-24,1.6696478721079753,0.824404752548359,15,1.0,0.8385199207170956
2003-09-25,1.7026876671023319,0.8277722708236457,15,1.0,0.820756043065254
2003-09-26,1.7212470694842539,0.8295899232467856,15,1.0,0.8333539187733655
2003-09-29,1.73192389771482,0.8306012890566652,15,1.0,0.8546077536685832
2003-09-30,1.7557972691900416,0.832865942405193,15,1.0,0.857345568656749
2003-10-01,1.7766465142184393,0.857345568656749,15,1.0,0.8641815939861534
2003-10-02,1.7767051243701297,0.85731728644315,15,1.0,0.8913352566631089
2003-10-03,1.793470420258681,0.8586183919306813,15,1.0,0.9078455213228953
2003-10-06,1.855136829299201,0.8632864351040574,15,1.0,0.8027494532718029
2003-10-07,1.85057114897856,0.8629174456407105,15,1.0,0.8275995021115338
2003-10-08,1.8493677250640541,0.8627965217126907,15,1.0,0.8535915610912036
2003-10-09,1.9021048633842286,0.8665697315912977,15,1.0,0.800298425683873
2003-10-10,1.905858235546015,0.8668017120846695,15,1.0,0.8247638864307671
2003-10-13,1.9312677957587585,0.8685237958011549,15,1.0,0.8328836212993901
2003-10-14,1.889094513936445,0.8655575589925988,15,1.0,0.814895958898503
2003-10-15,1.8734446144530548,0.8644031384563848,15,1.0,0.8347802051060196
2003-10-16,1.865971844186005,0.8638286228071331,15,1.0,0.8596871891644574
2003-10-17,1.869777809909895,0.8640743761668706,15,1.0,0.8859533079740533
2003-10-20,1.8446156926794226,0.8621883738418284,15,1.0,0.8937112689397462
2003-10-21,1.7925579265795724,0.8581533845741292,15,1.0,0.8381984981935742
2003-10-22,1.7906045264131252,0.8579658035718059,15,1.0,0.8645090657714691
2003-10-23,1.7791672288241063,0.8570196861229025,15,1.0,0.8880301840446241
2003-10-24,1.8128312470766077,0.8596423596428976,15,1.0,0.8718472962529539
2003-10-27,1.8252245351159329,0.8605631513816492,15,1.0,0.8928650145063628
2003-10-28,1.808550875683416,0.8592450921788086,15,1.0,0.91060842799346
2003-10-29,1.82567141132909,0.8605327999188196,15,1.0,0.9264156557984763
2003-10-30,1.8642437235868838,0.8633868744697688,15,1.0,0.8956598993082928
2003-10-31,1.8932971479827292,0.8654521517975625,15,1.0,0.8906705542725919
2003-11-03,1.892975707754234,0.8906705542725919,15,1.0,0.9181959555735616
2003-11-04,1.9188427517275346,0.8921194327769666,15,1.0,0.9211828581524533
2003-11-05,1.925494882099107,0.8924672732061221,15,1.0,0.9473017285345136
2003-11-06,1.9457039369191778,0.8935595529865121,15,1.0,0.9606521709802726
2003-11-07,1.9608915985697732,0.8943595404624899,15,1.0,0.9807311294131084
2003-11-10,2.0067724239868165,0.8967509265378392,15,1.0,0.922823636668328
2003-11-11,2.030284906689095,0.8979230414061401,15,1.0,0.9331400148910752
2003-11-12,2.0318338033204246,0.845750370933122,14,1.0,0.9621279744804084
2003-11-13,2.000842116721168,0.8433249257185841,14,1.0,0.9570864163897722
2003-11-14,1.9632659713780152,0.8402893009050705,14,1.0,0.9348446321444733
2003-11-17,1.9723164345183961,0.8409854090302902,14,1.0,0.9604106081760584
2003-11-18,1.9824245393770517,0.8417596171079191,14,1.0,0.9857768175137079
2003-11-19,1.963470219285612,0.840195100020505,14,1.0,1.0
2003-11-20,1.9176572042668218,0.9999999999999999,14,1.0,0.9486297547991909
2003-11-21,1.937362266936907,0.9999999999999998,14,1.0,0.9647292160161516
2003-11-24,1.9755893958167743,1.0,14,1.0,0.9476656703238734
2003-11-25,1.994562533328147,0.9999999999999998,14,1.0,0.9659898460711916
2003-11-26,1.99456628598235,0.9999999999999998,14,1.0,0.9963424504845686
2003-11-27,2.0276788560346515,0.9999999999999999,14,1.0,0.9919942321447573
2003-11-28,2.0502792711652393,0.9999999999999998,14,1.0,1.0
2003-12-01,2.1077284254162887,1.0,15,1.0,0.9342224031691055
2003-12-02,2.1317392516338165,1.0,15,1.0,0.9476031667434559
2003-12-03,2.1422913371047625,1.0,15,1.0,0.9742806351411318
2003-12-04,2.1516446205681174,1.0,15,1.0,1.0
2003-12-05,2.1523786853026543,1.0,15,1.0,1.0
2003-12-08,2.1700303947803508,1.0,15,1.0,1.0
2003-12-09,2.191994822485418,1.0,15,1.0,1.0
2003-12-10,2.2043080565022737,1.0000000000000002,15,1.0,1.0
2003-12-11,2.198235035462358,1.0000000000000002,15,1.0,1.0
2003-12-12,2.2243679382047414,1.0000000000000002,15,1.0,1.0
2003-12-15,2.239231275674119,1.0000000000000004,15,1.0,1.0
2003-12-16,2.2403995156797154,1.0000000000000002,15,1.0,1.0
2003-12-17,2.232159181259216,1.0000000000000004,15,1.0,1.0
2003-12-18,2.269619414842385,1.0000000000000004,15,1.0,1.0
2003-12-19,2.2894535366052953,1.0000000000000004,15,1.0,1.0
2003-12-22,2.314427639395306,1.0000000000000004,15,1.0,1.0
2003-12-23,2.295066039444062,1.0000000000000007,15,1.0,1.0
2003-12-24,2.3093035354845663,1.0000000000000004,15,1.0,1.0
2003-12-25,2.309307424813513,1.0000000000000004,15,1.0,1.0
2003-12-26,2.3269390298577863,1.0000000000000007,15,1.0,1.0
2003-12-29,2.3621235989270275,1.0000000000000004,15,1.0,1.0
2003-12-30,2.343898796610556,1.0000000000000007,15,1.0,1.0
2003-12-31,2.3364261438453684,1.0000000000000004,15,1.0,1.0
2004-01-01,2.3601455780902407,1.0,15,1.0,1.0
2004-01-02,2.3849891022266396,1.0000000000000002,15,1.0,1.0
2004-01-05,2.376702430783943,1.0,15,1.0,1.0
2004-01-06,2.3692242294380326,1.0,15,1.0,1.0
2004-01-07,2.361928106705365,1.0000000000000002,15,1.0,1.0
2004-01-08,2.4365980658418156,1.0000000000000002,15,1.0,1.0
2004-01-09,2.442697684883162,1.0,15,1.0,1.0
2004-01-12,2.414771533066158,1.0,15,1.0,1.0
2004-01-13,2.4163487704761564,1.0,15,1.0,1.0
2004-01-14,2.461030586213567,1.0,15,1.0,1.0
2004-01-15,2.4508595559891253,1.0,15,1.0,1.0
2004-01-16,2.398577825269477,1.0,15,1.0,1.0
2004-01-19,2.391616154867441,1.0,15,1.0,1.0
2004-01-20,2.343905174515247,1.0,15,1.0,1.0
2004-01-21,2.217199838554241,1.0,15,1.0,0.8675445230942285
2004-01-22,2.162988244118336,1.0000000000000002,15,1.0,0.8487430549218802
2004-01-23,2.2324847841133106,0.8487430549218801,15,1.0,0.7940117075529033
2004-01-26,2.2325628732070473,0.8487133681539196,15,1.0,0.8189605449482882
2004-01-27,2.2599234618155224,0.8505104131479126,15,1.0,0.828883397107328
2004-01-28,2.2211433136417025,0.8478652197887085,15,1.0,0.8270066250362855
2004-01-29,2.215068947406661,0.8474127437362413,15,1.0,0.8523730197509809
2004-01-30,2.178849765391989,0.8030820721752017,14,1.0,0.8522788207008115
2004-02-02,2.176792461995525,0.8522788207008116,15,1.0,0.8790584834072058
2004-02-03,2.1428691131361135,0.7954602326540908,14,1.0,0.8821258561936615
2004-02-04,2.1490712177200413,0.796003359643457,14,1.0,0.9084570053981239
2004-02-05,2.155941447051346,0.7404834084232155,13,1.0,0.9346897071997035
2004-02-06,2.1488681905822,0.9346897071997037,13,1.0,0.9627893592634362
2004-02-09,2.186370544811798,0.9357951168084837,13,1.0,0.9529543622985567
2004-02-10,2.1833755443220104,0.9356921771702363,13,1.0,0.9827848614580205
2004-02-11,2.205718904518748,0.9363288780241016,13,1.0,0.997896357700878
2004-02-12,2.2279342220781655,0.9369491822200667,13,1.0,1.0
2004-02-13,2.238224632514679,0.9372245495921092,13,1.0,1.0
2004-02-16,2.2488007930167417,0.9375053352315772,13,1.0,1.0
2004-02-17,2.243790206916197,0.9373512946791661,13,1.0,1.0
2004-02-18,2.251220293491014,0.9375436250368867,13,1.0,1.0
2004-02-19,2.2292653909000464,0.9369139384811245,13,1.0,1.0
2004-02-20,2.2146909320381774,0.9364840963161961,13,1.0,1.0
2004-02-23,2.1958532424487385,0.935924394642508,13,1.0,1.0
2004-02-24,2.182388183594523,0.9355141471970786,13,1.0,1.0
2004-02-25,2.1384600129414593,0.9341742622173996,13,1.0,1.0
2004-02-26,2.1186913251415365,0.9335447033599874,13,0.0,1.0
2004-02-27,2.0979827901012924,0.0,0,1.0,1.0
2004-03-01,2.0921725501317026,1.0,15,1.0,1.0
2004-03-02,2.0921725501317026,1.0,15,1.0,1.0
2004-03-03,2.134768162628175,1.0,15,1.0,1.0
2004-03-04,2.141497190420094,0.9999999999999999,15,1.0,1.0
2004-03-05,2.1636249162735988,0.9999999999999999,15,1.0,1.0
2004-03-08,2.169303849371796,0.9999999999999998,15,1.0,1.0
2004-03-09,2.144216850691137,0.9999999999999998,15,1.0,1.0
2004-03-10,2.1573716400730216,1.0,15,1.0,1.0
2004-03-11,2.11065553341215,0.9999999999999999,15,1.0,1.0
2004-03-12,2.0898790129268634,0.9999999999999998,15,1.0,1.0
2004-03-15,2.0813124994633942,0.9999999999999999,15,0.0,1.0
2004-03-16,2.0148309765318158,0.0,0,0.0,1.0
2004-03-17,2.015296911354397,0.0,0,0.0,1.0
2004-03-18,2.015762953925599,0.0,0,0.0,1.0
2004-03-19,2.016229104270339,0.0,0,0.0,1.0
2004-03-22,2.01669536241354,0.0,0,0.0,1.0
2004-03-23,2.01716172838013,0.0,0,0.0,1.0
2004-03-24,2.0176282021950445,0.0,0,0.0,1.0
2004-03-25,2.018094783883223,0.0,0,0.0,1.0
2004-03-26,2.0185614734696116,0.0,0,0.0,0.9825634281222386
2004-03-29,2.0190282709791623,0.0,0,0.0,0.9785061284105814
2004-03-30,2.0194951764368323,0.0,0,0.0,0.9834393530482493
2004-03-31,2.019962189867585,0.0,0,1.0,0.998828335829316
2004-04-01,2.0143751251564,0.9988283358293157,15,1.0,0.8948780581794622
2004-04-02,2.038750515944166,0.998842076586799,15,1.0,0.9074583665694214
2004-04-05,2.045016436281402,0.9988453575061617,15,1.0,0.9345954482211928
2004-04-06,2.02787949521437,0.9988353307326254,15,1.0,0.9570576397527893
2004-04-07,2.0124539775008863,0.998826132111945,15,1.0,0.9810076402578782
2004-04-08,2.0361791992662206,0.9988395415286166,15,1.0,0.9909849721679345
2004-04-09,2.0361797456932202,0.9988392734811151,15,1.0,1.0
2004-04-12,2.043741481467087,0.9988433006802271,15,1.0,1.0
2004-04-13,2.038431693434799,0.9988400194773392,15,1.0,1.0
2004-04-14,2.038432240240974,0.998839751540108,15,1.0,1.0
2004-04-15,2.042350227101219,0.9988417095322005,15,1.0,1.0
2004-04-16,2.0541280715145502,0.9988480845513591,15,1.0,1.0
2004-04-19,2.0500831068044665,0.9988455448284885,15,1.0,1.0
2004-04-20,2.0392365161820902,0.9988391359520854,15,1.0,1.0
2004-04-21,2.0608245250993846,0.9988510308535679,15,1.0,1.0
2004-04-22,2.085249705266288,0.9988642264977261,15,1.0,1.0
2004-04-23,2.077220236563318,0.9988595725137328,15,1.0,1.0
2004-04-26,2.0772207843819146,0.9988593090877871,15,1.0,1.0
2004-04-27,1.9977875955613094,0.9988136802821524,15,1.0,1.0
2004-04-28,1.9973397789353773,0.9988131399005409,15,1.0,1.0
2004-04-29,2.0013449134840147,0.9988152411553634,15,1.0,1.0
2004-04-30,2.020227273474002,0.998826043265493,15,1.0,1.0
2004-05-03,1.9997724840436926,1.0,15,1.0,1.0
2004-05-04,2.053600353273422,1.0,15,1.0,1.0
2004-05-05,2.046327556751224,1.0000000000000002,15,1.0,1.0
2004-05-06,2.0489012598173058,1.0000000000000002,15,1.0,1.0
2004-05-07,2.0138388297635124,1.0,15,1.0,1.0
2004-05-10,1.9906508061016204,1.0,15,1.0,1.0
2004-05-11,1.9298527908695442,1.0,15,0.0,1.0
2004-05-12,1.9170646774561968,0.0,0,0.0,1.0
2004-05-13,1.9175080035717724,0.0,0,0.0,1.0
2004-05-14,1.9179514322076474,0.0,0,0.0,0.6461583731506517
2004-05-17,1.91839496338753,0.0,0,0.0,0.43795410838769994
2004-05-18,1.9188385971351336,0.0,0,0.0,0.4036350059551688
2004-05-19,1.9192823334741773,0.0,0,0.0,0.39885418075449935
2004-05-20,1.9197261724283856,0.0,0,0.0,0.4107382962530383
2004-05-21,1.9201701140214886,0.0,0,0.0,0.42360420696361994
2004-05-24,1.9206141582772218,0.0,0,0.0,0.42377387830175084
2004-05-25,1.9210583052193262,0.0,0,0.0,0.4370066150302716
2004-05-26,1.9215025548715483,0.0,0,0.0,0.4504953552557964
2004-05-27,1.92194690725764,0.0,0,0.0,0.46397870162679933
2004-05-28,1.9223913624013589,0.0,0,0.0,0.4536545060770629
2004-05-31,1.9228359203264678,0.0,0,0.0,0.4557229470185302
2004-06-01,1.9232805810567353,0.0,0,0.0,0.4673969746096909
2004-06-02,1.9237253446159353,0.0,0,0.0,0.481016764646984
2004-06-03,1.9241702110278471,0.0,0,0.0,0.4919063231993438
2004-06-04,1.924615180316256,0.0,0,0.0,0.5073576431830888
2004-06-07,1.925060252504952,0.0,0,0.0,0.5217182700202198
2004-06-08,1.9255054276177315,0.0,0,0.0,0.5381047765467749
2004-06-09,1.9259507056783958,0.0,0,0.0,0.5535301288268881
2004-06-10,1.9263960867107517,0.0,0,0.0,0.5699797140760218
2004-06-11,1.9268415707386117,0.0,0,0.0,0.5822584923842201
2004-06-14,1.927287157785794,0.0,0,0.0,0.5823216508011869
2004-06-15,1.927732847876122,0.0,0,0.0,0.5981677285404398
2004-06-16,1.9281786410334245,0.0,0,0.0,0.6169288342248003
2004-06-17,1.9286245372815363,0.0,0,0.0,0.6361590080245192
2004-06-18,1.929070536644297,0.0,0,0.0,0.6557907298724203
2004-06-21,1.9295166391455527,0.0,0,0.0,0.671745119447143
2004-06-22,1.929962844809154,0.0,0,0.0,0.6890059477230258
2004-06-23,1.9304091536589574,0.0,0,0.0,0.68996172162977
2004-06-24,1.9308555657188253,0.0,0,0.0,0.7113806897948028
2004-06-25,1.9313020810126251,0.0,0,0.0,0.7013274422936085
2004-06-28,1.9317486995642301,0.0,0,0.0,0.6849477030444602
2004-06-29,1.9321954213975188,0.0,0,0.0,0.7031488295126759
2004-06-30,1.9326422465363753,0.0,0,0.0,0.7248998940688993
2004-07-01,1.9330891750046892,0.0,0,0.0,0.7422204511701477
2004-07-02,1.933536206826356,0.0,0,0.0,0.7645711086760166
2004-07-05,1.933983342025276,0.0,0,0.0,0.7860526656007463
2004-07-06,1.9344305806253559,0.0,0,0.0,0.8043279637535135
2004-07-07,1.9348779226505073,0.0,0,0.0,0.8265052048035127
2004-07-08,1.9353253681246474,0.0,0,0.0,0.7856534759495648
2004-07-09,1.935772917071699,0.0,0,0.0,0.7767408885352992
2004-07-12,1.936220569515591,0.0,0,0.0,0.7897025676310616
2004-07-13,1.9366683254802566,0.0,0,0.0,0.813108484364915
2004-07-14,1.9371161849896357,0.0,0,0.0,0.8383821112333798
2004-07-15,1.937564148067673,0.0,0,0.0,0.8271925766752566
2004-07-16,1.9380122147383194,0.0,0,0.0,0.8126675156038781
2004-07-19,1.9384603850255306,0.0,0,0.0,0.8223680301977965
2004-07-20,1.9389086589532685,0.0,0,0.0,0.8457882701636495
2004-07-21,1.9393570365455,0.0,0,0.0,0.8704356096112428
2004-07-22,1.9398055178261977,0.0,0,0.0,0.8905861989191763
2004-07-23,1.94025410281934,0.0,0,0.0,0.9122012459751005
2004-07-26,1.9407027915489108,0.0,0,0.0,0.9373500627105023
2004-07-27,1.941151584038899,0.0,0,0.0,0.9457480835191479
2004-07-28,1.9416004803132998,0.0,0,0.0,0.9707934040817664
2004-07-29,1.9420494803961135,0.0,0,0.0,0.9816168664564249
2004-07-30,1.942498584311346,0.0,0,0.0,1.0
2004-08-02,1.942947792083009,0.0,0,0.0,1.0
2004-08-03,1.9433971037351194,0.0,0,0.0,1.0
2004-08-04,1.9438465192916998,0.0,0,0.0,1.0
2004-08-05,1.9442960387767785,0.0,0,0.0,1.0
2004-08-06,1.9447456622143893,0.0,0,0.0,1.0
2004-08-09,1.9451953896285712,0.0,0,0.0,1.0
2004-08-10,1.9456452210433692,0.0,0,0.0,1.0
2004-08-11,1.946095156482834,0.0,0,0.0,1.0
2004-08-12,1.9465451959710212,0.0,0,0.0,1.0
2004-08-13,1.9469953395319923,0.0,0,0.0,1.0
2004-08-16,1.9474455871898146,0.0,0,0.0,1.0
2004-08-17,1.9478959389685608,0.0,0,0.0,1.0
2004-08-18,1.948346394892309,0.0,0,0.0,1.0
2004-08-19,1.948796954985143,0.0,0,0.0,1.0
2004-08-20,1.949247619271152,0.0,0,0.0,1.0
2004-08-23,1.9496983877744314,0.0,0,0.0,1.0
2004-08-24,1.9501492605190813,0.0,0,0.0,1.0
2004-08-25,1.950600237529208,0.0,0,0.0,1.0
2004-08-26,1.951051318828923,0.0,0,0.0,1.0
2004-08-27,1.9515025044423435,0.0,0,0.0,1.0
2004-08-30,1.9519537943935925,0.0,0,0.0,1.0
2004-08-31,1.9524051887067984,0.0,0,0.0,1.0
2004-09-01,1.952856687406095,0.0,0,0.0,1.0
2004-09-02,1.953308290515622,0.0,0,0.0,1.0
2004-09-03,1.9537599980595246,0.0,0,0.0,1.0
2004-09-06,1.9542118100619532,0.0,0,0.0,1.0
2004-09-07,1.9546637265470643,0.0,0,0.0,1.0
2004-09-08,1.95511574753902,0.0,0,0.0,1.0
2004-09-09,1.9555678730619874,0.0,0,0.0,1.0
2004-09-10,1.9560201031401396,0.0,0,0.0,1.0
2004-09-13,1.9564724377976555,0.0,0,0.0,1.0
2004-09-14,1.956924877058719,0.0,0,0.0,1.0
2004-09-15,1.9573774209475205,0.0,0,0.0,1.0
2004-09-16,1.9578300694882549,0.0,0,1.0,1.0
2004-09-17,1.9553453984710658,0.5,15,1.0,1.0
2004-09-20,1.9512686799751253,0.498839499354253,15,1.0,1.0
2004-09-21,1.9642057405881577,0.5020252156188527,15,1.0,1.0
2004-09-22,1.9677090538296558,0.50279685803132,15,1.0,1.0
2004-09-23,1.9688228986703915,0.5029632320368536,15,1.0,1.0
2004-09-24,1.9720776928092538,0.5036688096322924,15,1.0,1.0
2004-09-27,1.9763115676982344,0.5046175736528016,15,1.0,1.0
2004-09-28,1.973376729995234,0.5037661040901531,15,1.0,1.0
2004-09-29,1.9851774132246613,0.5066018423070667,15,1.0,1.0
2004-09-30,1.9841904387384075,0.5062422602311698,15,1.0,1.0
2004-10-01,1.992164414673533,0.5,15,1.0,1.0
2004-10-04,2.0059139228823746,0.5033124091056798,15,1.0,1.0
2004-10-05,2.0215695629825023,0.507044935788967,15,1.0,1.0
2004-10-06,2.0346777272002163,0.5101074762298891,15,1.0,1.0
2004-10-07,2.047347311149139,0.5130264866101022,15,1.0,1.0
2004-10-08,2.0493910090742893,0.5133996057697093,15,1.0,1.0
2004-10-11,2.0523249118508002,0.5139828590427868,15,1.0,1.0
2004-10-12,2.028265415528117,1.0,15,1.0,1.0
2004-10-13,2.028265415528117,1.0,15,1.0,1.0
2004-10-14,2.0228745978721108,1.0,15,1.0,1.0
2004-10-15,2.0330303930524143,1.0,15,1.0,1.0
2004-10-18,2.036824280768301,1.0,15,1.0,1.0
2004-10-19,2.064542284731344,1.0,15,1.0,1.0
2004-10-20,2.0692968726895296,1.0000000000000002,15,1.0,1.0
2004-10-21,2.055890216033554,1.0000000000000002,15,1.0,1.0
2004-10-22,2.055890216033554,1.0000000000000002,15,1.0,1.0
2004-10-25,2.0097579556005223,1.0000000000000002,15,1.0,1.0
2004-10-26,2.044137077248652,1.0000000000000002,15,1.0,1.0
2004-10-27,2.077545215254964,1.0,15,1.0,1.0
2004-10-28,2.112019913872826,1.0,15,1.0,1.0
2004-10-29,2.109170644016858,1.0,15,1.0,1.0
2004-11-01,2.119887429385078,1.0,15,1.0,1.0
2004-11-02,2.14301895267487,1.0,15,1.0,1.0
2004-11-03,2.192035861028738,1.0,15,1.0,1.0
2004-11-04,2.218064249452427,1.0,15,1.0,1.0
2004-11-05,2.2265142381160525,0.9999999999999999,15,1.0,1.0
2004-11-08,2.2491319638281735,0.9999999999999998,15,1.0,1.0
2004-11-09,2.222359120669656,0.9999999999999999,15,1.0,1.0
2004-11-10,2.2503451206382405,0.9999999999999998,15,1.0,1.0
2004-11-11,2.266287763305225,0.9999999999999998,15,1.0,1.0
2004-11-12,2.2690867904608734,0.9999999999999999,15,1.0,1.0
2004-11-15,2.268498428747746,1.0,15,1.0,1.0
2004-11-16,2.2719147952859267,0.9999999999999998,15,1.0,1.0
2004-11-17,2.2897218983446903,1.0,15,1.0,1.0
2004-11-18,2.3025316234038313,0.9999999999999998,15,1.0,1.0
2004-11-19,2.2753037990489076,0.9999999999999999,15,1.0,1.0
2004-11-22,2.2716456815109454,0.9999999999999999,15,1.0,1.0
2004-11-23,2.3071355508962426,0.9999999999999998,15,1.0,1.0
2004-11-24,2.313184219084111,0.9999999999999999,15,1.0,1.0
2004-11-25,2.3263151322142415,0.9999999999999999,15,1.0,1.0
2004-11-26,2.3263151322142415,0.9999999999999999,15,1.0,1.0
2004-11-29,2.3386194909407907,0.9999999999999999,15,1.0,1.0
2004-11-30,2.3084110115316387,1.0,15,1.0,1.0
2004-12-01,2.311789157005683,1.0,15,1.0,1.0
2004-12-02,2.325998345171079,0.9999999999999998,15,1.0,1.0
2004-12-03,2.342444535340314,0.9999999999999998,15,1.0,1.0
2004-12-06,2.369450104523138,0.9999999999999998,15,1.0,1.0
2004-12-07,2.3964064175877327,0.9999999999999998,15,1.0,1.0
2004-12-08,2.404390554285079,0.9999999999999998,15,1.0,1.0
2004-12-09,2.445244752921681,0.9999999999999998,15,1.0,1.0
2004-12-10,2.443950430323584,0.9999999999999998,15,1.0,1.0
2004-12-13,2.487566094869632,0.9999999999999999,15,1.0,1.0
2004-12-14,2.526514336764973,0.9999999999999999,15,1.0,1.0
2004-12-15,2.5303355624024544,0.9999999999999998,15,1.0,1.0
2004-12-16,2.507586627922797,0.9999999999999999,15,1.0,1.0
2004-12-17,2.5011974285994327,0.9999999999999999,15,1.0,1.0
2004-12-20,2.5078914426788317,0.9999999999999999,15,1.0,1.0
2004-12-21,2.528755551309759,0.9999999999999999,15,1.0,1.0
2004-12-22,2.5273855335701207,0.9999999999999998,15,1.0,1.0
2004-12-23,2.5485564816899244,0.9999999999999997,15,1.0,1.0
2004-12-24,2.5466379981131344,0.9999999999999998,15,1.0,1.0
2004-12-27,2.5288254890125246,0.9999999999999998,15,1.0,1.0
2004-12-28,2.562024368362236,0.9999999999999999,15,1.0,1.0
2004-12-29,2.5584294371136482,0.9999999999999998,15,1.0,1.0
2004-12-30,2.5684367463461912,1.0,15,1.0,1.0
2004-12-31,2.5996219733157564,1.0,15,1.0,1.0
2005-01-03,2.6651166490286347,1.0,15,1.0,1.0
2005-01-04,2.6830389372285643,1.0,15,1.0,1.0
2005-01-05,2.588747996753792,1.0,15,1.0,1.0
2005-01-06,2.554996275231118,1.0,15,1.0,1.0
2005-01-07,2.648699087285438,1.0,15,1.0,0.9654695425438622
2005-01-10,2.640088083266294,1.0,15,1.0,0.9951289380433274
2005-01-11,2.593325298029466,1.0,15,1.0,0.9917440389704751
2005-01-12,2.4773434397776852,1.0,15,1.0,0.8422594670142285
2005-01-13,2.5356673367646025,0.8422594670142285,15,1.0,0.8231487563180865
2005-01-14,2.522572308085146,0.8414039463928811,15,1.0,0.8467130518668592
2005-01-17,2.4944207038772657,0.8395769688754406,15,1.0,0.8607549785969972
2005-01-18,2.515661234490583,0.8408946867177512,15,1.0,0.878679019560144
2005-01-19,2.507032560597449,0.8403101598569579,15,1.0,0.904992707953757
2005-01-20,2.492071083295051,0.8393142904575357,15,1.0,0.9297079564024594
2005-01-24,2.502747707138668,0.8399627689474756,15,1.0,0.9558453604271478
2005-01-25,2.5328512667430862,0.8418282816000789,15,1.0,0.9603479344442213
2005-01-27,2.5727863011269543,0.8442474282473905,15,1.0,0.9509188862706641
2005-01-28,2.632658710915938,0.847754382901481,15,1.0,0.9006279980122237
2005-01-31,2.6683977724052887,0.8497587418520078,15,1.0,0.9031702289676706
2005-02-01,2.709482708780235,0.9031702289676706,15,1.0,0.8935333821750836
2005-02-02,2.743300597286739,0.9043417765947318,15,1.0,0.9016726977797709
2005-02-03,2.787808799121091,0.9058472207233245,15,1.0,0.8968591425979417
2005-02-04,2.8032288231477973,0.906343483799456,15,1.0,0.9192291282049969
2005-02-07,2.8369640417115414,0.8508110897839445,14,1.0,0.927498251852308
2005-02-08,2.841819218089087,0.8510315338954106,14,1.0,0.9558238713084808
2005-02-09,2.8776414070191443,0.8528519406112492,14,1.0,0.9589759779793186
2005-02-10,2.863820044867574,0.8521075823698203,14,1.0,0.986345087457517
2005-02-11,2.8576519344986346,0.8517540890627059,14,1.0,1.0
2005-02-14,2.846100579508311,0.8511179879058492,14,1.0,1.0
2005-02-15,2.841053585965355,0.850819015742491,14,1.0,1.0
2005-02-16,2.8429284846042813,0.8508829242023468,14,1.0,1.0
2005-02-17,2.8369023115835237,0.8505316114327881,14,1.0,1.0
2005-02-18,2.8639589887596624,0.8519094456033427,14,1.0,1.0
2005-02-21,2.822421049489143,0.8496952272421462,14,1.0,1.0
2005-02-22,2.8177349107684027,1.0,14,1.0,1.0
2005-02-23,2.845460901981811,1.0,14,1.0,1.0
2005-02-24,2.884197729377652,1.0,14,1.0,1.0
2005-02-25,2.8150728359417836,1.0,14,1.0,1.0
2005-02-28,2.871108766880513,1.0000000000000002,14,1.0,1.0
2005-03-01,2.880566129882375,1.0,15,1.0,1.0
2005-03-02,2.9074396441752013,1.0,15,1.0,1.0
2005-03-03,2.98779976020342,1.0,15,1.0,1.0
2005-03-04,3.0076820958053276,1.0000000000000002,15,1.0,1.0
2005-03-07,3.0196153435181974,1.0000000000000002,15,1.0,1.0
2005-03-08,3.066291534186719,1.0,15,1.0,1.0
2005-03-09,3.0526217372210946,1.0,15,1.0,1.0
2005-03-10,3.0495883440645493,1.0,15,1.0,1.0
2005-03-11,3.027790935393978,1.0,15,1.0,1.0
2005-03-14,2.980754625069167,1.0,15,1.0,1.0
2005-03-15,2.963868385074543,1.0,15,1.0,1.0
2005-03-16,2.9410320631538767,1.0,15,1.0,1.0
2005-03-17,2.8945406810789334,1.0,15,1.0,1.0
2005-03-18,2.898039868989975,0.9379284009816119,14,1.0,1.0
2005-03-21,2.921143547206021,0.9384050920913405,14,1.0,1.0
2005-03-22,2.865827298880202,0.9372016671907515,14,1.0,1.0
2005-03-23,2.809725956848709,0.9359329708354541,14,1.0,1.0
2005-03-24,2.799154090844762,0.9356761303824059,14,1.0,1.0
2005-03-28,2.855693966489491,0.9369350979214831,14,1.0,1.0
2005-03-29,2.7919840400247815,0.9354811112839,14,1.0,1.0
2005-03-30,2.8443953701129217,0.9366553024546749,14,1.0,1.0
2005-03-31,2.907693396759857,0.9380199332237569,14,1.0,0.9963349935352105
2005-04-01,2.9890950778033245,0.9963349935352105,15,1.0,0.9121005863210062
2005-04-04,3.009296455231398,0.9963587548348787,15,1.0,0.9353288357956577
2005-04-05,2.9817381803651144,0.9963242513343187,15,1.0,0.9562242406270531
2005-04-06,3.0331100958196306,0.9963856720173646,15,1.0,0.9509838789435691
2005-04-07,3.0637882796751015,0.9964210353866662,15,1.0,0.9679969156331574
2005-04-08,3.0324123934996745,0.9963831682038228,15,1.0,0.9872721601905062
2005-04-11,2.9973509379575476,0.9963400141973272,15,1.0,1.0
2005-04-12,3.000345436881056,0.9963428215148755,15,1.0,1.0
2005-04-13,3.0112615693312876,0.9963552364964576,15,1.0,1.0
2005-04-15,2.907867125415537,0.996224767546569,15,1.0,0.9475411435177433
2005-04-18,2.915920869681367,0.9962343240799652,15,0.0,0.9753082111492778
2005-04-19,2.894876284535802,0.0,0,0.0,1.0
2005-04-20,2.895545732089339,0.0,0,1.0,1.0
2005-04-21,2.8875266884509743,1.0,15,1.0,1.0
2005-04-22,2.9281934365002162,1.0,15,1.0,1.0
2005-04-25,2.929581040773416,1.0,15,1.0,1.0
2005-04-26,2.908196828829187,1.0,15,1.0,1.0
2005-04-27,2.9088343349533248,1.0000000000000002,15,1.0,1.0
2005-04-28,2.8881214530236297,1.0000000000000004,15,1.0,1.0
2005-04-29,2.813927269537262,1.0000000000000002,15,0.0,1.0
2005-05-02,2.7467162655499284,0.0,0,0.0,1.0
2005-05-03,2.7473514507196906,0.0,0,0.0,1.0
2005-05-04,2.7479867827776494,0.0,0,1.0,1.0
2005-05-05,2.7403763949725004,1.0,15,1.0,1.0
2005-05-06,2.7473004944814727,1.0,15,1.0,1.0
2005-05-09,2.8080249639074557,1.0,15,1.0,1.0
2005-05-10,2.790963771523558,1.0,15,1.0,1.0
2005-05-11,2.820101945519238,1.0,15,1.0,1.0
2005-05-12,2.850422973940909,1.0,15,1.0,1.0
2005-05-13,2.9027734337620514,1.0,15,1.0,1.0
2005-05-16,2.9423919911559095,1.0,15,1.0,1.0
2005-05-17,2.9070076124560167,1.0,15,1.0,1.0
2005-05-18,2.9048532461778405,1.0,15,1.0,1.0
2005-05-19,2.9447157882960937,1.0,15,1.0,1.0
2005-05-20,2.952006218148144,1.0,15,1.0,1.0
2005-05-23,2.9862956938243856,0.9999999999999998,15,1.0,1.0
2005-05-24,2.957725491598762,1.0,15,1.0,1.0
2005-05-25,2.98502986071637,0.9999999999999998,15,1.0,1.0
2005-05-26,2.9969042324419655,0.9999999999999998,15,1.0,1.0
2005-05-27,2.9943629934305753,0.9999999999999998,15,1.0,1.0
2005-05-30,2.951759550677252,0.9999999999999998,15,1.0,1.0
2005-05-31,2.985752268804608,0.9999999999999998,15,1.0,1.0
2005-06-01,3.0086391782938198,1.0,15,1.0,1.0
2005-06-02,2.9961216765016676,1.0,15,1.0,1.0
2005-06-03,3.038590240571096,0.9999999999999999,15,1.0,1.0
2005-06-06,3.10669795653448,1.0,15,1.0,1.0
2005-06-07,3.1411193363320535,0.9999999999999999,15,1.0,1.0
2005-06-08,3.112958804967391,0.9999999999999998,15,1.0,1.0
2005-06-09,3.130982180190369,0.9999999999999998,15,1.0,1.0
2005-06-10,3.1237072093012195,0.9999999999999998,15,1.0,1.0
2005-06-13,3.106751725405786,0.9999999999999998,15,1.0,1.0
2005-06-14,3.1100326528722073,1.0,15,1.0,1.0
2005-06-15,3.111943812710269,0.9999999999999998,15,1.0,1.0
2005-06-16,3.07036462310926,0.9999999999999998,15,1.0,1.0
2005-06-17,3.0158277269371383,0.9999999999999998,15,1.0,1.0
2005-06-20,2.964648728282777,0.9999999999999999,15,1.0,1.0
2005-06-21,2.9927564055484313,0.9999999999999998,15,1.0,1.0
2005-06-22,3.0266478184061376,0.9999999999999998,15,1.0,1.0
2005-06-23,3.0701440708540453,0.9999999999999998,15,1.0,1.0
2005-06-24,3.0835082890605388,0.9999999999999998,15,1.0,1.0
2005-06-27,3.1140624677919755,0.9999999999999998,15,1.0,1.0
2005-06-28,3.075610570270939,0.9999999999999998,15,1.0,1.0
2005-06-29,3.152041952275464,0.9999999999999998,15,1.0,1.0
2005-06-30,3.1483638015493756,0.9999999999999997,15,1.0,1.0
2005-07-01,3.199488017298426,1.0,15,1.0,1.0
2005-07-04,3.240226483265754,1.0,15,1.0,1.0
2005-07-05,3.1942396470946623,1.0,15,1.0,1.0
2005-07-06,3.2189190252366453,1.0,15,1.0,1.0
2005-07-07,3.186456426969047,1.0,15,1.0,1.0
2005-07-08,3.225946658929927,1.0,15,1.0,1.0
2005-07-11,3.272098066638068,1.0,15,1.0,1.0
2005-07-12,3.260788252785472,1.0000000000000002,15,1.0,1.0
2005-07-13,3.3175818815126052,1.0000000000000004,15,1.0,1.0
2005-07-14,3.368287217353458,1.0000000000000002,15,1.0,1.0
2005-07-15,3.4028884273824875,1.0,15,1.0,1.0
2005-07-18,3.511921955356065,1.0000000000000002,15,1.0,1.0
2005-07-19,3.484948897400369,1.0000000000000002,15,1.0,1.0
2005-07-20,3.4636773911377827,1.0,15,1.0,1.0
2005-07-21,3.486087127422702,1.0,15,1.0,1.0
2005-07-22,3.5942306157514796,1.0000000000000002,15,1.0,0.9952902839113199
2005-07-25,3.62636901379825,1.0000000000000002,15,1.0,1.0
2005-07-26,3.646913987284886,1.0000000000000004,15,1.0,1.0
2005-07-27,3.652032731797072,1.0000000000000002,15,1.0,1.0
2005-07-28,3.652020275964649,1.0000000000000004,15,1.0,1.0
2005-07-29,3.616128915576967,1.0000000000000004,15,1.0,1.0
2005-08-01,3.6346626933170456,1.0,15,1.0,1.0
2005-08-02,3.7259203730798096,1.0,15,1.0,1.0
2005-08-03,3.7596363531042716,0.9999999999999999,15,1.0,1.0
2005-08-04,3.7932443132642018,1.0,15,1.0,1.0
2005-08-05,3.865330933845032,1.0,15,1.0,1.0
2005-08-08,3.7850285275779476,1.0,15,1.0,1.0
2005-08-09,3.8595022053432113,1.0,15,1.0,1.0
2005-08-10,3.9884605843182914,1.0,15,1.0,0.9183987200141307
2005-08-11,4.05811954684559,1.0,15,1.0,0.913662113433048
2005-08-12,4.158589147743874,1.0,15,1.0,0.8789152100157557
2005-08-16,4.2427520629119115,0.9999999999999999,15,1.0,0.8687240866534096
2005-08-17,4.364989977663592,1.0,15,1.0,0.8293119508845322
2005-08-18,4.419233783914108,0.8293119508845321,15,1.0,0.8406658989744169
2005-08-19,4.520420589599856,0.8330941082988499,15,1.0,0.8051213290012572
2005-08-22,4.5449067815207735,0.8339549429289632,15,1.0,0.8260015367505237
2005-08-23,4.444204773415723,0.8301532307124285,15,1.0,0.8067921965497475
2005-08-24,4.388169018491027,0.8279445534367598,15,1.0,0.8191356683228971
2005-08-25,4.483628974709186,0.8315688068855813,15,1.0,0.7942195222422872
2005-08-26,4.525384168618338,0.8330843111778041,15,1.0,0.808013947103942
2005-08-29,4.505920558759974,0.8323245418510575,15,1.0,0.8319506452720687
2005-08-30,4.502194247890106,0.8321469551864359,15,1.0,0.8580561284669088
2005-08-31,4.519556274974325,0.8327531009586602,15,1.0,0.8829062122469712
2005-09-01,4.5534689026860455,0.8829062122469711,15,1.0,0.9009696069148443
2005-09-02,4.555468263979865,0.882930537489676,15,1.0,0.9291859713029739
2005-09-05,4.600518940674736,0.8840501351141115,15,1.0,0.9434180633379737
2005-09-06,4.579077502029336,0.8834802629374563,15,1.0,0.9704883620150727
2005-09-08,4.5357639161456405,0.8823403726764417,15,1.0,0.9875780485656014
2005-09-09,4.508483586589413,0.8816010537116699,15,1.0,1.0
2005-09-12,4.530863736305061,0.882158639139583,15,1.0,1.0
2005-09-13,4.592028169963122,0.883701362472504,15,1.0,1.0
2005-09-14,4.560265986785397,0.8828642625560021,15,1.0,1.0
2005-09-15,4.636218437711697,0.8847565845550395,15,1.0,1.0
2005-09-16,4.670764745337643,0.8855825044885056,15,1.0,1.0
2005-09-19,4.675880383130152,0.8856812523347695,15,1.0,1.0
2005-09-20,4.631204845306697,0.8845517696976718,15,1.0,1.0
2005-09-21,4.564777298031892,0.8828446578760356,15,1.0,1.0
2005-09-22,4.339039403917756,0.8767211662810184,15,1.0,0.8300508721000459
2005-09-23,4.358669970829418,0.8772480090346948,15,1.0,0.8527735927637686
2005-09-26,4.525181060928781,0.8817375176850168,15,1.0,0.7533864925453724
2005-09-27,4.565050823263666,0.8827432765074508,15,1.0,0.7703246424671321
2005-09-28,4.603705270197915,0.8837009199697038,15,1.0,0.7871375425517418
2005-09-29,4.629942649286909,0.8843332320963785,15,1.0,0.8074870839988437
2005-09-30,4.577948937140082,0.8829925034164694,15,1.0,0.8227134055008063
2005-10-03,4.613698367635492,0.8227134055008064,15,1.0,0.8391479388396643
2005-10-04,4.672672652730875,0.8249104774170359,15,1.0,0.8452643202925136
2005-10-05,4.613769695015474,0.8226341421229376,15,1.0,0.8541489247517073
2005-10-06,4.569759532275967,0.8208845664580267,15,1.0,0.8704325821683793
2005-10-07,4.550784825263651,0.7675246587772575,14,1.0,0.8958057139174364
2005-10-10,4.5397289640793685,0.7141860033755973,13,1.0,0.9233234337427754
2005-10-11,4.473673311683592,0.9233234337427754,13,1.0,0.9153007848666687
2005-10-13,4.470690929240448,0.9232545395898368,13,1.0,0.944057262576175
2005-10-14,4.335088760640488,0.9208356283737867,13,1.0,0.8754006522006311
2005-10-17,4.282701820208525,0.85780687813859,12,1.0,0.8904901767555464
2005-10-18,4.25418099817736,0.7919265934553648,11,1.0,0.9143216359054841
2005-10-19,4.1504549565087645,0.7866772095554871,11,1.0,0.8649583095992373
2005-10-20,4.069068330393004,0.7823601598803334,11,1.0,0.8459233065684091
2005-10-21,4.148438810030019,0.7864748121641385,11,1.0,0.8221471440685191
2005-10-24,4.190891576424788,0.7885888950801695,11,1.0,0.8345070615392981
2005-10-25,4.172928277011392,0.7264550801736129,10,1.0,0.8592157307543394
2005-10-26,4.168808784961175,0.726121450799477,10,1.0,0.8861044720257606
2005-10-27,4.070568141559962,0.8861044720257605,10,0.0,0.8340122887186507
2005-10-28,4.03278032574272,0.0,0,0.0,0.8565094745209021
2005-10-31,4.0337129165195496,0.0,0,0.0,0.8480961374102215
2005-11-02,4.034645722960384,0.0,0,1.0,0.8309048273438193
2005-11-04,4.02551919953377,0.8309048273438193,15,1.0,0.8570128925414097
2005-11-07,4.09043408623849,0.8335498721203886,15,1.0,0.8525877192285405
2005-11-08,4.180976986196889,0.837116844209026,15,1.0,0.8250892180141336
2005-11-09,4.21557843241339,0.8384164303437275,15,1.0,0.8425878391733271
2005-11-10,4.256822927740253,0.8399450142197674,15,1.0,0.8563997642653262
2005-11-11,4.363054132983595,0.8438059050569607,15,1.0,0.8142048642916574
2005-11-14,4.410018933879605,0.8454335692283765,15,1.0,0.827370057012632
2005-11-16,4.440028837475379,0.8464427726930923,15,1.0,0.8477098164299381
2005-11-17,4.44400415787751,0.8465446563794081,15,1.0,0.8740012846819979
2005-11-18,4.4301500173240775,0.8460291668351909,15,1.0,0.9005240339532643
2005-11-21,4.374183550404698,0.8440230909530793,15,1.0,0.9102325897280925
2005-11-22,4.393108337046022,0.8446590990933023,15,1.0,0.9354908387176124
2005-11-23,4.428456448141673,0.8458633999456668,15,1.0,0.9543610936515375
2005-11-24,4.482300568353581,0.8476797662191121,15,1.0,0.960454929431239
2005-11-25,4.484025738562393,0.847703158543293,15,1.0,0.9904959982915706
2005-11-28,4.506620797770212,0.8484316940113823,15,1.0,1.0
2005-11-29,4.477812052333133,1.0,15,1.0,1.0
2005-11-30,4.432058597713854,1.0,15,1.0,1.0
2005-12-01,4.454685248914971,1.0,15,1.0,1.0
2005-12-02,4.48481576042923,1.0000000000000002,15,1.0,1.0
2005-12-05,4.503252984151655,1.0,15,1.0,1.0
2005-12-06,4.511216441306624,1.0,15,1.0,1.0
2005-12-07,4.59375892924624,0.9999999999999998,15,1.0,1.0
2005-12-08,4.6149934509545245,0.9999999999999997,15,1.0,1.0
2005-12-09,4.716381593801982,0.9999999999999998,15,1.0,1.0
2005-12-12,4.731011616361755,0.9999999999999998,15,1.0,1.0
2005-12-13,4.714008587826195,0.9999999999999997,15,1.0,1.0
2005-12-14,4.682847937191147,0.9999999999999997,15,1.0,1.0
2005-12-15,4.616740471637062,0.9999999999999996,15,1.0,1.0
2005-12-16,4.666099562536254,0.9999999999999996,15,1.0,1.0
2005-12-19,4.720636195643689,0.9999999999999996,15,1.0,1.0
2005-12-20,4.713027725685787,0.9999999999999994,15,1.0,1.0
2005-12-21,4.738320284634641,0.9999999999999993,15,1.0,1.0
2005-12-22,4.768157069572326,0.9999999999999994,15,1.0,1.0
2005-12-23,4.708987335396604,0.9999999999999994,15,1.0,1.0
2005-12-26,4.589208167344342,0.9999999999999994,15,1.0,1.0
2005-12-27,4.685945079151782,0.9999999999999993,15,1.0,1.0
2005-12-28,4.6986889754796275,0.9999999999999993,15,1.0,1.0
2005-12-29,4.758787601504333,0.9999999999999994,15,1.0,1.0
2005-12-30,4.871494984559061,0.9999999999999993,15,1.0,1.0
2006-01-02,4.891977357868295,1.0,15,1.0,1.0
2006-01-03,4.9265674914323405,1.0,15,1.0,1.0
2006-01-04,4.927514144447601,1.0,15,1.0,1.0
2006-01-05,4.934497311588168,1.0,15,1.0,1.0
2006-01-06,4.97513704876808,0.9999999999999998,15,1.0,1.0
2006-01-09,5.000927064835815,0.9999999999999998,15,1.0,1.0
2006-01-10,4.970463443909092,0.9999999999999999,15,1.0,1.0
2006-01-12,5.003485822311052,0.9999999999999998,15,1.0,1.0
2006-01-13,5.094966212627019,0.9999999999999998,15,1.0,1.0
2006-01-16,5.1083476081152845,0.9999999999999998,15,1.0,1.0
2006-01-17,5.053651024577503,1.0,15,1.0,1.0
2006-01-18,4.985916259101781,0.9999999999999999,15,1.0,1.0
2006-01-19,5.079882992245928,0.9999999999999998,15,1.0,1.0
2006-01-20,5.118892881007612,0.9999999999999998,15,1.0,1.0
2006-01-23,5.146439242695777,0.9999999999999999,15,1.0,1.0
2006-01-24,5.171524784496398,0.9999999999999999,15,1.0,1.0
2006-01-25,5.152803136748911,0.9999999999999999,15,1.0,1.0
2006-01-27,5.155171149007485,0.9999999999999998,15,1.0,1.0
2006-01-30,5.1056090628596555,0.9999999999999999,15,1.0,1.0
2006-01-31,5.116012044342004,0.9999999999999998,15,1.0,1.0
2006-02-01,5.057388248402677,1.0,15,1.0,1.0
2006-02-02,5.025784113603866,1.0,15,1.0,1.0
2006-02-03,5.029092883483925,0.9339441340569459,14,1.0,1.0
2006-02-06,5.085820540972689,0.9346658213750771,14,1.0,1.0
2006-02-07,5.100383649975311,0.9348373042885088,14,1.0,1.0
2006-02-08,5.045010174599373,0.9341068512893389,14,1.0,1.0
2006-02-10,5.101701869096779,0.9348240077775076,14,1.0,1.0
2006-02-13,5.153392144466586,0.9354628242027763,14,1.0,1.0
2006-02-14,5.127656479677808,0.9351239133671599,14,1.0,1.0
2006-02-15,5.1250500658230385,0.9350759093606918,14,1.0,1.0
2006-02-16,5.216987483748031,0.9362052980121627,14,1.0,1.0
2006-02-17,5.120824501626894,0.934992279801063,14,1.0,1.0
2006-02-20,5.074503752882097,0.9343837102123718,14,1.0,1.0
2006-02-21,5.097721428135035,0.8747878791422246,13,1.0,1.0
2006-02-22,5.041874785265631,0.8733716828653797,13,1.0,1.0
2006-02-23,5.040392475497574,0.8733051514929843,13,1.0,1.0
2006-02-24,5.0308040023607825,0.8730343227883083,13,1.0,1.0
2006-02-27,5.034383357032558,0.8730952528045034,13,1.0,1.0
2006-02-28,5.07466992992343,0.8740736047225386,13,1.0,1.0
2006-03-01,5.128754635754064,1.0,15,1.0,1.0
2006-03-02,5.2221228953211165,1.0,15,1.0,1.0
2006-03-03,5.246322005844675,1.0,15,1.0,1.0
2006-03-06,5.275553357444948,1.0,15,1.0,1.0
2006-03-07,5.308594090064492,1.0,15,1.0,1.0
2006-03-08,5.283165662106873,1.0,15,1.0,1.0
2006-03-09,5.267934876563577,1.0,15,1.0,1.0
2006-03-10,5.317112935183893,1.0000000000000002,15,1.0,1.0
2006-03-13,5.32917659280045,1.0000000000000002,15,1.0,1.0
2006-03-14,5.353782399601654,1.0000000000000002,15,1.0,1.0
2006-03-16,5.435073389664722,1.0000000000000002,15,1.0,1.0
2006-03-17,5.371323584389544,1.0000000000000002,15,1.0,1.0
2006-03-20,5.3970821890323855,1.0000000000000002,15,1.0,1.0
2006-03-21,5.389594359172332,1.0,15,1.0,1.0
2006-03-22,5.340351511816193,1.0000000000000002,15,1.0,1.0
2006-03-23,5.39427395084722,0.9450353351506511,14,1.0,1.0
2006-03-24,5.417237948515065,0.9452556768346809,14,1.0,1.0
2006-03-27,5.46779410759898,0.9457493094951048,14,1.0,1.0
2006-03-28,5.422170263614363,0.9452801759684156,14,1.0,1.0
2006-03-29,5.504744289919438,0.946088537496766,14,1.0,1.0
2006-03-30,5.59538286143841,0.946949574090798,14,1.0,1.0
2006-03-31,5.618569133224871,0.9471562810204411,14,1.0,1.0
2006-04-03,5.75541269819733,1.0,15,1.0,1.0
2006-04-04,5.812919200784398,1.0,15,1.0,1.0
2006-04-05,5.9106927257986,1.0,15,1.0,1.0
2006-04-07,5.894514602361274,1.0,15,1.0,1.0
2006-04-10,5.938131043882726,1.0,15,1.0,1.0
2006-04-12,5.888396365528658,1.0,15,1.0,1.0
2006-04-13,5.790526028461709,1.0,15,1.0,1.0
2006-04-17,5.961385579568189,0.9999999999999998,15,1.0,1.0
2006-04-18,5.983074111375943,0.9999999999999998,15,1.0,1.0
2006-04-19,6.0200908237831525,0.9999999999999998,15,1.0,1.0
2006-04-20,6.138765359622789,0.9999999999999997,15,1.0,1.0
2006-04-21,6.185840037854625,0.9999999999999998,15,1.0,1.0
2006-04-24,6.289081300712524,0.9999999999999998,15,1.0,1.0
2006-04-25,6.2822328177830125,0.9999999999999998,15,1.0,1.0
2006-04-26,6.476460381921641,0.9999999999999998,15,1.0,1.0
2006-04-27,6.599622334316578,0.9999999999999998,15,1.0,1.0
2006-04-28,6.615153398050314,0.9999999999999999,15,1.0,1.0
2006-05-02,6.888208689819899,1.0,15,1.0,0.8438600060160877
2006-05-03,6.932576042839266,0.8438600060160876,15,1.0,0.8660371328251286
2006-05-04,6.903233586735843,0.8431600658005678,15,1.0,0.891446963233148
2006-05-05,6.951883759083848,0.8442216359178865,15,1.0,0.912216399310772
2006-05-08,7.023004733079204,0.8457635220079359,15,1.0,0.9252363289320871
2006-05-09,7.073083937787168,0.8468201398332025,15,1.0,0.9461698131906162
2006-05-10,7.109587944824026,0.8475713967585087,15,1.0,0.9712841515006638
2006-05-11,7.156548614456651,0.8485366022223468,15,1.0,0.9930301073171656
2006-05-12,7.165303889802437,0.8486866916477671,15,1.0,1.0
2006-05-15,7.036205513027992,1.0,15,1.0,1.0
2006-05-16,6.984134303854365,1.0,15,1.0,1.0
2006-05-17,7.191576499005468,1.0000000000000002,15,1.0,0.9503795603149351
2006-05-18,6.727094542150135,1.0,15,1.0,0.7020503276015897
2006-05-19,6.536087036144407,0.6552469724281504,14,0.0,0.6943768849466945
2006-05-22,6.3065420351117,0.0,0,0.0,0.6258710907849836
2006-05-23,6.308000439106108,0.0,0,0.0,0.595064579284069
2006-05-24,6.309459180360173,0.0,0,0.0,0.6131214858001027
2006-05-25,6.31091825895189,0.0,0,0.0,0.6319816580468866
2006-05-26,6.312377674959267,0.0,0,0.0,0.6282709374888905
2006-05-29,6.3138374284603325,0.0,0,0.0,0.6455900842887707
2006-05-30,6.315297519533133,0.0,0,0.0,0.6651765308221167
2006-05-31,6.3167579482557334,0.0,0,0.0,0.6443861765256368
2006-06-01,6.318218714706215,0.0,0,0.0,0.6241163997997516
2006-06-02,6.319679818962679,0.0,0,0.0,0.6431834508527254
2006-06-05,6.321141261103244,0.0,0,0.0,0.6519613694799546
2006-06-06,6.322603041206046,0.0,0,0.0,0.6309804223309393
2006-06-07,6.32406515934924,0.0,0,0.0,0.5471438307259606
2006-06-08,6.325527615610998,0.0,0,0.0,0.46364230999224715
2006-06-09,6.326990410069511,0.0,0,0.0,0.4320760002010089
2006-06-12,6.328453542802989,0.0,0,0.0,0.44153456135197877
2006-06-13,6.329917013889658,0.0,0,0.0,0.41383579317890473
2006-06-14,6.3313808234077635,0.0,0,0.0,0.4192758124194515
2006-06-15,6.332844971435568,0.0,0,0.0,0.40425813467900834
2006-06-16,6.3343094580513535,0.0,0,0.0,0.4043798889957576
2006-06-19,6.335774283333419,0.0,0,0.0,0.4080177951053426
2006-06-20,6.337239447360081,0.0,0,0.0,0.42045268374077716
2006-06-21,6.338704950209676,0.0,0,0.0,0.4236455684165594
2006-06-22,6.340170791960558,0.0,0,0.0,0.42943035266658997
2006-06-23,6.341636972691099,0.0,0,0.0,0.44244543587362556
2006-06-26,6.343103492479687,0.0,0,0.0,0.4407834046838618
2006-06-27,6.344570351404732,0.0,0,0.0,0.4534377695889935
2006-06-28,6.3460375495446595,0.0,0,0.0,0.4672431418786134
2006-06-29,6.347505086977914,0.0,0,0.0,0.48165935844930036
2006-06-30,6.348972963782957,0.0,0,0.0,0.4791411929530412
2006-07-03,6.3504411800382705,0.0,0,0.0,0.49413688609964435
2006-07-04,6.351909735822352,0.0,0,0.0,0.5095746784582771
2006-07-05,6.35337863121372,0.0,0,0.0,0.5237227380461713
2006-07-06,6.354847866290908,0.0,0,0.0,0.5395648680878886
2006-07-07,6.35631744113247,0.0,0,0.0,0.5490179813494172
2006-07-10,6.357787355816977,0.0,0,0.0,0.565908121095781
2006-07-11,6.359257610423018,0.0,0,0.0,0.5836843592498538
2006-07-12,6.360728205029202,0.0,0,0.0,0.5996993629459815
2006-07-13,6.362199139714155,0.0,0,0.0,0.6185025583836908
2006-07-14,6.363670414556521,0.0,0,0.0,0.6362610612845958
2006-07-17,6.365142029634961,0.0,0,0.0,0.6382199969757052
2006-07-18,6.366613985028156,0.0,0,0.0,0.6484293118329847
2006-07-19,6.368086280814805,0.0,0,0.0,0.637192069748017
2006-07-20,6.369558917073625,0.0,0,0.0,0.64202279448161
2006-07-21,6.37103189388335,0.0,0,0.0,0.6409391698090324
2006-07-24,6.372505211322734,0.0,0,0.0,0.6605017029085274
2006-07-25,6.373978869470548,0.0,0,0.0,0.6639709847416124
2006-07-26,6.375452868405583,0.0,0,0.0,0.6662191221017857
2006-07-27,6.376927208206646,0.0,0,0.0,0.6816270193635258
2006-07-28,6.378401888952563,0.0,0,0.0,0.6998636674666096
2006-07-31,6.379876910722179,0.0,0,0.0,0.7184334977206015
2006-08-01,6.381352273594356,0.0,0,0.0,0.7401920524977864
2006-08-02,6.382827977647975,0.0,0,0.0,0.753358392266004
2006-08-03,6.384304022961935,0.0,0,0.0,0.7745840724913965
2006-08-04,6.385780409615154,0.0,0,0.0,0.7988399289298939
2006-08-07,6.387257137686567,0.0,0,0.0,0.8239230035246999
2006-08-08,6.388734207255128,0.0,0,0.0,0.8341464497241425
2006-08-09,6.390211618399809,0.0,0,0.5541965214637191,0.8312646130513002
2006-08-10,6.382855724945878,0.46068395696891506,15,0.6206007902496886,0.8354012782631748
2006-08-11,6.439547756345472,0.4653083288648805,15,0.7317119013607999,0.8319512055436743
2006-08-14,6.529606017087713,0.472561011391616,15,0.8583703232414521,0.7869003610508294
2006-08-16,6.574547006546894,0.6754519172740159,15,0.9685055209059906,0.7937059057880494
2006-08-17,6.515496173980774,0.67243476084398,15,1.0,0.8077886730235596
2006-08-18,6.539243564510695,0.6735488451863668,15,1.0,0.8306761988890977
2006-08-21,6.562861251129871,0.8306761988890978,15,1.0,0.8535658171669518
2006-08-22,6.562108461115118,0.8306176133969001,15,1.0,0.8803839960681221
2006-08-23,6.416151063070338,0.8267243679461559,15,1.0,0.8533010314394891
2006-08-24,6.40995527942962,0.8265167726941447,15,1.0,0.8800940516200245
2006-08-25,6.51671578997445,0.8293194114921227,15,1.0,0.8718502198784335
2006-08-28,6.517212116706842,0.8292929425762424,15,1.0,0.8992328391919014
2006-08-29,6.538155781031073,0.8298004182405507,15,1.0,0.9258338430388299
2006-08-30,6.477973606415906,0.8281794920925306,15,1.0,0.943032649042131
2006-08-31,6.468883258297212,0.8278982528857481,15,1.0,0.9725810773483391
2006-09-01,6.531470986182183,0.9725810773483391,15,1.0,0.9807330471804381
2006-09-04,6.663806831179852,0.9731193720973428,15,1.0,0.9593740198091638
2006-09-05,6.713676772202972,0.973312874364834,15,1.0,0.9807117798622427
2006-09-06,6.762225760768087,0.9734983458017247,15,1.0,1.0
2006-09-07,6.767830771886705,0.9735141705555701,15,1.0,1.0
2006-09-08,6.816573351410511,0.9736974789701309,15,1.0,1.0
2006-09-11,6.678616250137417,0.9731479517327307,15,1.0,1.0
2006-09-12,6.810867427561589,0.9736632669210821,15,1.0,1.0
2006-09-13,7.000835832684568,0.9743719917275192,15,1.0,0.9395135477373643
2006-09-14,7.117921502972089,0.9747877285088428,15,1.0,0.9355598805353359
2006-09-15,7.223400685820956,0.9751501436042133,15,1.0,0.939573724901463
2006-09-18,7.212213955675579,0.9751058439504765,15,1.0,0.9689865997887346
2006-09-19,7.211266879778857,0.9750968169377766,15,1.0,0.9993425154193232
2006-09-20,7.254268519320375,0.9752387125065295,15,1.0,1.0
2006-09-21,7.319250675027936,0.9754528741961961,15,1.0,1.0
2006-09-22,7.322233222096506,0.9754571986425012,15,1.0,1.0
2006-09-25,7.316024467986675,0.9754306899585142,15,1.0,1.0
2006-09-26,7.307567461591282,0.9753965677440132,15,1.0,1.0
2006-09-27,7.3867833362376425,0.975654786393969,15,1.0,1.0
2006-09-28,7.380338351203047,0.9756278917818793,15,1.0,1.0
2006-09-29,7.464261806390794,0.9758963436619316,15,1.0,1.0
2006-10-03,7.506961450296232,1.0,15,1.0,1.0
2006-10-04,7.448390096346425,1.0,15,1.0,1.0
2006-10-05,7.662073576779064,1.0,15,1.0,1.0
2006-10-06,7.7269686997658775,1.0,15,1.0,1.0
2006-10-09,7.678254222136745,1.0,15,1.0,1.0
2006-10-10,7.800465005504393,1.0000000000000002,15,1.0,1.0
2006-10-11,7.761619015993254,1.0,15,1.0,1.0
2006-10-12,7.895642647812541,1.0,15,1.0,1.0
2006-10-13,7.926194280027191,1.0000000000000002,15,1.0,1.0
2006-10-16,7.933651264695707,1.0000000000000002,15,1.0,1.0
2006-10-17,7.892812398594397,1.0000000000000002,15,1.0,1.0
2006-10-18,7.8942228397480365,1.0000000000000002,15,1.0,1.0
2006-10-19,7.889061924289213,1.0000000000000002,15,1.0,1.0
2006-10-20,7.907854826876399,1.0000000000000002,15,1.0,1.0
2006-10-23,8.030777907103374,1.0000000000000002,15,1.0,1.0
2006-10-26,8.098734646041217,1.0000000000000004,15,1.0,1.0
2006-10-27,8.188921444430502,1.0000000000000004,15,1.0,1.0
2006-10-30,8.270240873003646,1.0000000000000004,15,1.0,1.0
2006-10-31,8.240088560028017,1.0000000000000004,15,1.0,1.0
2006-11-01,8.414653580613068,1.0,15,1.0,1.0
2006-11-02,8.581074296789549,1.0,15,1.0,1.0
2006-11-03,8.726515353187244,1.0,15,1.0,1.0
2006-11-06,8.797709743746985,1.0,15,1.0,1.0
2006-11-07,8.812013268576935,1.0,15,1.0,1.0
2006-11-08,8.786297846745345,1.0,15,1.0,1.0
2006-11-09,8.806508418107075,1.0,15,1.0,1.0
2006-11-10,8.911395797491926,1.0,15,1.0,1.0
2006-11-13,9.129044584819143,1.0,15,1.0,1.0
2006-11-14,9.111836933297734,1.0,15,1.0,1.0
2006-11-15,9.159042335617062,1.0,15,1.0,1.0
2006-11-16,9.227315588853994,1.0,15,1.0,1.0
2006-11-17,9.169687749514422,1.0,15,1.0,1.0
2006-11-20,9.161505339897872,1.0,15,1.0,1.0
2006-11-21,9.372017422192377,0.9999999999999999,15,1.0,1.0
2006-11-22,9.476800509677572,1.0,15,1.0,1.0
2006-11-23,9.60096247306493,1.0,15,1.0,1.0
2006-11-24,9.635599991022893,1.0,15,1.0,1.0
2006-11-27,9.830496426393495,1.0,15,1.0,1.0
2006-11-28,9.826357542389921,1.0,15,1.0,1.0
2006-11-29,10.006532652561182,1.0000000000000002,15,1.0,1.0
2006-11-30,10.039924897283134,1.0000000000000002,15,1.0,1.0
2006-12-01,10.142479929730397,1.0,15,1.0,1.0
2006-12-04,10.234444928293108,1.0,15,1.0,1.0
2006-12-05,10.271998625228331,1.0,15,1.0,1.0
2006-12-06,10.250567596398476,1.0,15,1.0,1.0
2006-12-07,10.238455824470416,1.0000000000000002,15,1.0,1.0
2006-12-08,10.225245652951743,1.0,15,1.0,1.0
2006-12-11,10.031036107054828,1.0,15,1.0,1.0
2006-12-12,9.540506445676183,1.0,15,1.0,0.9671656765965805
2006-12-13,9.843100030933972,1.0,15,1.0,0.8894315508348926
2006-12-14,10.149191886514801,1.0,15,1.0,0.8367989819708874
2006-12-15,10.218909586467012,0.8367989819708874,15,1.0,0.8585107380648388
2006-12-18,10.184256975786113,0.836205810600718,15,1.0,0.8843679254906691
2006-12-19,10.120779378700643,0.8351403769352926,15,1.0,0.9077289364899643
2006-12-20,10.10638968069811,0.8348674677170607,15,1.0,0.9361011950592236
2006-12-21,10.124090807839199,0.8351180676031135,15,1.0,0.9648912017398354
2006-12-22,10.263054819925424,0.8373129920234483,15,1.0,0.9624772135745165
2006-12-26,10.40486821231503,0.839493229348107,15,1.0,0.9600597677352413
2006-12-27,10.570071306446529,0.8419653045715376,15,1.0,0.9489614162728682
2006-12-28,10.719204574659981,0.8441279592157425,15,1.0,0.9464657081800459
2006-12-29,10.756645821208862,0.8446345912275806,15,1.0,0.9738194642966046
2007-01-02,10.881253633778766,0.9738194642966046,15,1.0,0.9721085269902104
2007-01-03,10.99246426296487,0.9740783393980214,15,1.0,0.9878480498532397
2007-01-04,11.123698731512878,0.9743782325946827,15,1.0,0.998251449393167
2007-01-05,11.177102780212063,0.9744947562699218,15,1.0,1.0
2007-01-08,11.061790734703704,0.9742229208899866,15,1.0,1.0
2007-01-09,10.949823644872986,0.9739533161790244,15,1.0,1.0
2007-01-10,10.810845448905802,0.9736123737521765,15,1.0,1.0
2007-01-11,10.845396748795038,0.9736903567711455,15,1.0,1.0
2007-01-12,10.975272534169681,0.9739956795140334,15,1.0,1.0
2007-01-15,11.052688021679606,0.9741718481185849,15,1.0,1.0
2007-01-16,10.993534856727234,0.9740268690254472,15,1.0,1.0
2007-01-17,11.105233308800095,0.9742821655505122,15,1.0,1.0
2007-01-18,11.124109462690525,0.9743198681172465,15,1.0,1.0
2007-01-19,11.13850118346422,0.974347117716424,15,1.0,1.0
2007-01-22,11.147215529634348,0.9743612442240123,15,1.0,1.0
2007-01-23,11.09153030274312,0.9742265655959076,15,1.0,1.0
2007-01-24,11.050097520935653,0.9741239445540496,15,1.0,1.0
2007-01-25,11.071372169775703,0.9741676953431925,15,1.0,1.0
2007-01-29,11.063209089769515,0.9741426565698934,15,1.0,1.0
2007-01-31,11.012836620150315,0.9740183787291463,15,1.0,1.0
2007-02-01,11.08049567159406,1.0,15,1.0,1.0
2007-02-02,11.137239909351592,0.9999999999999999,15,1.0,1.0
2007-02-05,11.220557278441008,0.9999999999999999,15,1.0,1.0
2007-02-06,11.225363236293987,0.9405858543076399,14,1.0,1.0
2007-02-07,11.194172819337512,0.9404065302223745,14,1.0,1.0
2007-02-08,11.1688882978483,0.9402578080923361,14,1.0,1.0
2007-02-09,11.034921651682943,0.9395185400207058,14,1.0,1.0
2007-02-12,10.55752195494223,0.936769015025611,14,1.0,1.0
2007-02-13,10.478335351892042,0.9362764346419323,14,1.0,1.0
2007-02-14,10.443624143708925,0.9360498530309127,14,1.0,1.0
2007-02-15,10.712329066443871,0.8213382355839698,12,1.0,1.0
2007-02-19,10.659924737357219,1.0,12,1.0,1.0
2007-02-20,10.568534024264487,1.0,12,1.0,1.0
2007-02-21,10.499067422750544,1.0,12,1.0,1.0
2007-02-22,10.322283183567672,1.0,12,1.0,1.0
2007-02-23,10.100547021862521,0.9303843909121998,11,1.0,1.0
2007-02-26,10.002320239503677,0.9296844809234361,11,1.0,1.0
2007-02-27,9.990340470798008,0.929583882968354,11,1.0,1.0
2007-02-28,9.737479871472017,0.9277386269502816,11,0.0,1.0
2007-03-01,9.754259693511077,0.0,0,0.0,1.0
2007-03-02,9.756515391042356,0.0,0,0.0,1.0
2007-03-05,9.758771610209465,0.0,0,0.0,0.8136299132567392
2007-03-06,9.761028351133033,0.0,0,0.0,0.8384911223140558
2007-03-07,9.76328561393372,0.0,0,0.0,0.8256881734213798
2007-03-08,9.76554339873221,0.0,0,0.0,0.7857466073334988
2007-03-09,9.767801705649214,0.0,0,0.0,0.81014983981847
2007-03-12,9.770060534805475,0.0,0,0.0,0.830475666225177
2007-03-13,9.772319886321764,0.0,0,0.0,0.8358477705505274
2007-03-14,9.774579760318876,0.0,0,0.0,0.8254204548776571
2007-03-15,9.776840156917636,0.0,0,0.0,0.8483321314792456
2007-03-16,9.779101076238899,0.0,0,0.0,0.867620181308346
2007-03-19,9.781362518403544,0.0,0,0.0,0.8854265401342459
2007-03-20,9.78362448353248,0.0,0,0.0,0.9065534746055945
2007-03-21,9.785886971746644,0.0,0,0.0,0.933632247449025
2007-03-22,9.788149983167001,0.0,0,0.824909747292419,0.9342318782133222
2007-03-23,9.767778366295074,0.7706569825694736,15,0.868231046931408,0.9635861905812549
2007-03-26,9.53957019349798,0.7651162721038861,15,0.0,0.9270902937405228
2007-03-28,9.38164518968973,0.0,0,0.0,0.9220885797308819
2007-03-29,9.383814719162867,0.0,0,0.0,0.9497405889966674
2007-03-30,9.385984750345251,0.0,0,0.0,0.9558383189198526
2007-04-02,9.388155283352903,0.0,0,0.0,0.878032378402311
2007-04-03,9.390326318301872,0.0,0,0.0,0.9033868986750939
2007-04-04,9.392497855308232,0.0,0,0.0,0.9233615503145687
2007-04-05,9.394669894488084,0.0,0,0.0,0.9427510312098087
2007-04-09,9.39684243595756,0.0,0,0.0,0.9231223081596758
2007-04-10,9.399015479832812,0.0,0,0.8224066754501538,0.9394462237541672
2007-04-11,9.37939875723351,0.7726068456418659,15,0.0,0.9607935898232711
2007-04-12,9.264941634321136,0.0,0,0.0,0.9750560341573862
2007-04-13,9.26708417579826,0.0,0,0.9618369028270648,0.9779469231466998
2007-04-16,9.243070599975903,0.9406254396886793,15,1.0,0.9611192397055228
2007-04-17,9.127251083694604,0.9398581062442557,15,1.0,0.9731333140992671
2007-04-18,9.10204515203464,0.9396776112079507,15,1.0,1.0
2007-04-19,9.067554857531093,0.939434159930171,15,1.0,1.0
2007-04-20,9.35476126542035,0.9412800538715734,15,1.0,0.9226786727152533
2007-04-23,9.422379919232638,0.9416879692972737,15,1.0,0.9447784772717089
2007-04-24,9.563701771049228,0.9425363547224095,15,1.0,0.9430449794796428
2007-04-25,9.721074790109586,0.9434535515534346,15,1.0,0.9371537371917057
2007-04-26,9.68954570304256,0.9432564344030185,15,1.0,0.9657960241824722
2007-04-27,9.519829814304229,0.9422314757647321,15,1.0,0.9589215215808661
2007-04-30,9.689113561595967,0.9432276552042531,15,1.0,0.9464870263203657
2007-05-03,9.705707671018653,0.9464870263203657,15,1.0,0.9747359215891435
2007-05-04,9.713264754937073,0.94651629493285,15,1.0,1.0
2007-05-07,9.701802310847654,0.9464407223761615,15,1.0,1.0
2007-05-08,9.583207337723296,0.9457653717685692,15,1.0,1.0
2007-05-09,9.598729892829464,0.9458405555082307,15,1.0,1.0
2007-05-10,9.572413319421594,0.8891882955383283,14,1.0,1.0
2007-05-11,9.601845191413053,0.8895024120497977,14,1.0,1.0
2007-05-14,9.857521304496114,0.8923435156513665,14,1.0,1.0
2007-05-15,9.865204716194793,0.8924024863324362,14,1.0,1.0
2007-05-16,10.00820266294293,0.8939153209579249,14,1.0,1.0
2007-05-17,10.156785422927777,0.8954430513362581,14,1.0,1.0
2007-05-18,10.120473597361153,0.8950436396695649,14,1.0,1.0
2007-05-21,10.132918907879844,0.8951483060710146,14,1.0,1.0
2007-05-22,10.191251504001027,0.8957243468419475,14,1.0,1.0
2007-05-23,10.072417519106159,0.8944697082879565,14,1.0,1.0
2007-05-24,9.978352063775045,0.893450244987208,14,1.0,1.0
2007-05-25,10.001733313705289,0.8936747461559329,14,1.0,1.0
2007-05-28,10.10795601546244,0.8947677696337373,14,1.0,1.0
2007-05-29,10.074801286916943,0.8943970501240727,14,1.0,1.0
2007-05-30,9.965443067419642,0.8932135014612907,14,1.0,1.0
2007-05-31,10.047194217102959,0.8940578989818305,14,1.0,1.0
2007-06-01,10.086836850261912,1.0,15,1.0,1.0
2007-06-04,10.011766426799865,1.0,15,1.0,1.0
2007-06-05,10.21624776163,0.9999999999999999,15,1.0,1.0
2007-06-06,10.003705993256897,0.9999999999999999,15,1.0,1.0
2007-06-07,10.087852098623054,0.9999999999999998,15,1.0,1.0
2007-06-08,9.93340599418849,0.9999999999999998,15,1.0,1.0
2007-06-11,9.834828216414667,0.9999999999999999,15,1.0,1.0
2007-06-12,9.755131981612987,0.9405435363877813,14,1.0,1.0
2007-06-13,9.721733412057649,0.9403254797370488,14,1.0,1.0
2007-06-14,9.909743098281625,0.9414440989495945,14,1.0,1.0
2007-06-15,9.921636925344927,0.9415007694295988,14,1.0,1.0
2007-06-18,9.915232524294229,0.9414494470427694,14,1.0,1.0
2007-06-19,9.98771907647521,0.9418609399748781,14,1.0,1.0
2007-06-20,10.085957362897226,0.9424139066869098,14,1.0,1.0
2007-06-21,10.063296497562751,0.9422708854900554,14,1.0,1.0
2007-06-22,10.054539710018467,0.9422072459129618,14,1.0,1.0
2007-06-25,10.04102347375579,0.9421160682902145,14,1.0,1.0
2007-06-26,10.146103653255961,0.9427023077897225,14,1.0,1.0
2007-06-27,10.162554615554747,0.9427818314839435,14,1.0,1.0
2007-06-28,10.188922822934746,0.9429167104284022,14,1.0,1.0
2007-06-29,10.310290293041634,0.9435756204855781,14,1.0,1.0
2007-07-02,10.356542903603469,1.0,15,1.0,1.0
2007-07-03,10.524213197131061,1.0,15,1.0,1.0
2007-07-04,10.531230741783205,0.9999999999999998,15,1.0,1.0
2007-07-05,10.454260379476448,1.0,15,1.0,1.0
2007-07-06,10.518689668513588,0.9999999999999999,15,1.0,1.0
2007-07-09,10.752334311635597,0.9999999999999998,15,1.0,1.0
2007-07-10,10.672970205459478,1.0,15,1.0,1.0
2007-07-11,10.83921939177836,1.0,15,1.0,1.0
2007-07-12,11.105577577860949,1.0,15,1.0,1.0
2007-07-13,11.185754831514071,0.9999999999999999,15,1.0,1.0
2007-07-16,11.312173705030212,0.9999999999999998,15,1.0,1.0
2007-07-17,11.200246388715366,0.9999999999999997,15,1.0,1.0
2007-07-18,11.113273769017342,0.9999999999999998,15,1.0,1.0
2007-07-19,11.192637670462105,1.0,15,1.0,1.0
2007-07-20,11.27635271949617,1.0,15,1.0,1.0
2007-07-23,11.30640724187044,0.9999999999999998,15,1.0,1.0
2007-07-24,11.214273440213015,0.9999999999999998,15,1.0,1.0
2007-07-25,11.142802089865622,0.9999999999999998,15,1.0,1.0
2007-07-26,11.334447000509122,0.9999999999999998,15,1.0,1.0
2007-07-27,10.88185252747042,0.9999999999999998,15,1.0,1.0
2007-07-30,10.907651522923889,0.9999999999999998,15,1.0,1.0
2007-07-31,10.995478973419642,0.9999999999999998,15,1.0,1.0
2007-08-01,10.399398776980425,1.0,15,1.0,0.8493298605502164
2007-08-02,10.458510988418354,0.8493298605502164,15,1.0,0.8715121724124948
2007-08-03,10.598586354396627,0.7927078698468686,14,1.0,0.8757734360408873
2007-08-06,10.521675750015357,0.7911443331917534,14,1.0,0.897105065037877
2007-08-07,10.572017801586716,0.79209079797753,14,1.0,0.9213781427721046
2007-08-08,10.640134067936923,0.7386789402651647,13,1.0,0.9425472877130534
2007-08-09,10.488721188213312,0.9425472877130533,13,1.0,0.9398312007094507
2007-08-10,10.5208457574565,0.8721110133112986,12,1.0,0.9666756649894229
2007-08-13,10.613465367238954,0.8001525719074549,11,1.0,0.9829559796969696
2007-08-14,10.584136004606476,0.9829559796969694,11,1.0,1.0
2007-08-16,10.318418844134142,0.9825130236746495,11,1.0,0.9706644293119853
2007-08-17,10.238319244756225,0.9823721385839849,11,0.0,0.9955450590212133
2007-08-20,10.305973619781112,0.0,0,1.0,1.0
2007-08-21,10.27743183186287,1.0,15,0.0,0.8899799650183873
2007-08-22,10.228991067986934,0.0,0,1.0,0.9178671131417604
2007-08-23,10.203183471268463,0.9178671131417604,15,0.0,0.936977858652731
2007-08-24,10.411725914054271,0.0,0,1.0,0.9002564363503336
2007-08-27,10.386007479784011,0.9002564363503336,15,1.0,0.8574155408111244
2007-08-28,10.447435702697431,0.9008199724039272,15,1.0,0.8801375240254713
2007-08-29,10.527421094974207,0.9015507624776128,15,1.0,0.9008546196211562
2007-08-30,10.600599918789488,0.9022077748611353,15,1.0,0.9224185596014703
2007-08-31,10.887853115605825,0.9047657998074666,15,1.0,0.8657890637557398
2007-09-03,11.108099776806643,0.8657890637557398,15,1.0,0.849923053595637
2007-09-04,11.1301394559067,0.8660238503974989,15,1.0,0.8760100822667133
2007-09-05,11.156938520658091,0.8663147543829248,15,1.0,0.9025736829789841
2007-09-06,11.306487468061329,0.8680524797771964,15,1.0,0.9041529801649719
2007-09-07,11.367771799793971,0.8687334679780361,15,1.0,0.9275196012806687
2007-09-10,11.581936460882977,0.8711309578554831,15,1.0,0.9046368369851189
2007-09-11,11.591272971626038,0.8712049816906563,15,1.0,0.9329107343080469
2007-09-12,11.677471988815668,0.8721261371832649,15,1.0,0.9538015874485056
2007-09-13,11.880656126811555,0.8742839830078766,15,1.0,0.9365297550371262
2007-09-14,11.95839959386585,0.8750723997792169,15,1.0,0.9576021918759116
2007-09-17,12.013470755663684,0.8756163251873591,15,1.0,0.9833727987869938
2007-09-18,12.204664431732537,0.8775365595509048,15,1.0,0.9701660267763549
2007-09-19,12.58345292820095,0.8811955001325587,15,1.0,0.8633599766950047
2007-09-20,12.774034612304977,0.8829409350329367,15,1.0,0.8620842344377333
2007-09-21,12.978306621365963,0.8847567416159181,15,1.0,0.8590448990809445
2007-09-24,13.20746666554149,0.8867301158515293,15,1.0,0.8420687524921191
2007-09-25,13.25866945009368,0.8871414525820682,15,1.0,0.8660455715209238
2007-09-26,13.3646467995347,0.8880104926814268,15,1.0,0.8847975687540955
2007-09-27,13.38319809217853,0.8881398664196899,15,1.0,0.9116983422322317
2007-09-28,13.733022773313104,0.8909640982297772,15,1.0,0.8608903305151839
2007-10-01,13.900546789075975,0.8608903305151838,15,1.0,0.8650449259928714
2007-10-03,13.987018242925275,0.8617183727739852,15,1.0,0.8858769702495617
2007-10-04,14.255661260601457,0.864292866959925,15,1.0,0.8667030607293644
2007-10-05,14.132530953388336,0.863078856456944,15,1.0,0.8871223642863162
2007-10-08,13.750982126015955,0.8592471603086147,15,1.0,0.8424876806995891
2007-10-09,14.352651446542396,0.8651163949071609,15,1.0,0.7125987233074391
2007-10-10,14.645778330870485,0.7125987233074391,15,1.0,0.7018758620702578
2007-10-11,14.9619919476838,0.7186077363891703,15,1.0,0.6834741036660229
2007-10-12,15.20442207188515,0.723030419748121,15,1.0,0.6820854006088043
2007-10-15,15.617751102370375,0.73029815792933,15,1.0,0.6477859845962141
2007-10-16,15.974887766863942,0.7362666724118601,15,1.0,0.6326649096173926
2007-10-17,16.0112263215522,0.7368043823428578,15,1.0,0.6514013053310725
2007-10-18,15.72378577490407,0.7319310260680709,15,1.0,0.654540033743594
2007-10-19,15.316670680306865,0.7247421485898232,15,1.0,0.6346200385651528
2007-10-22,15.284142217503213,0.6917292667862408,14,1.0,0.6544630595640941
2007-10-23,15.600804276188276,0.6979166441363764,14,1.0,0.6381585401496964
2007-10-24,15.837757066798135,0.7023673791686992,14,1.0,0.6381285150567902
2007-10-25,16.101129861587957,0.7071681757493424,14,1.0,0.6382987970535061
2007-10-26,16.673188924553806,0.7171498752112966,14,1.0,0.5822496617405238
2007-10-29,17.00357318412379,0.7225815946407297,14,1.0,0.5799020099057991
2007-10-30,16.807208850821787,0.719275517877916,14,1.0,0.592449006256488
2007-10-31,17.057981999286355,0.7233385464096764,14,1.0,0.598894973444249
2007-11-01,16.9769870347303,0.598894973444249,15,1.0,0.617301221955887
2007-11-02,17.04983613766836,0.6005164209556972,15,1.0,0.6345275122280352
2007-11-05,17.205795922959833,0.6040459456771906,15,1.0,0.6455724838933429
2007-11-06,17.232902687596575,0.6045773464590254,15,1.0,0.6653901241297848
2007-11-07,17.068329481097926,0.6006723483856422,15,1.0,0.6771694319942803
2007-11-08,17.007132199303257,0.5991427577024007,15,1.0,0.6973934654354549
2007-11-12,16.87985002078775,0.5681146764187208,14,1.0,0.7150721207882919
2007-11-13,17.205427137762246,0.5761892280909163,14,1.0,0.6831548861579081
2007-11-14,17.397716576981374,0.5807765012196544,14,1.0,0.6884909390431375
2007-11-15,17.519538080323805,0.5835952849552519,14,1.0,0.702161513573971
2007-11-16,17.390629882180942,0.5804116728725827,14,1.0,0.7172557996642853
2007-11-19,17.519608027351115,0.5834043366382746,14,1.0,0.7297986441810876
2007-11-20,17.45793786362828,0.581836033369181,14,1.0,0.751488717186994
2007-11-21,16.862178698195784,0.6978109516736373,13,1.0,0.6409505025795635
2007-11-22,16.68910662670802,0.6946065352603007,13,1.0,0.6544260683526715
2007-11-23,17.018881815927003,0.700454895544727,13,1.0,0.6454801837915437
2007-11-26,17.113655586089347,0.7020448604157894,13,1.0,0.6634023393881318
2007-11-27,17.24159984315812,0.7041874961919937,13,1.0,0.6785260066584883
2007-11-28,17.121380962410804,0.702041541890821,13,1.0,0.6965149440505282
2007-11-29,17.020792110962155,0.7002113670888201,13,1.0,0.7155974322974349
2007-11-30,17.54273050579981,0.7090635351840506,13,1.0,0.6572374960286744
2007-12-03,18.06001753829787,0.6572374960286744,15,1.0,0.6131626290459163
2007-12-04,18.284224843740564,0.6613622722263494,15,1.0,0.6200311242939723
2007-12-05,18.596419845274475,0.6669702953712617,15,1.0,0.618339062767387
2007-12-06,18.42004313303062,0.6637036977794967,15,1.0,0.6318560042999263
2007-12-07,18.237578044570707,0.6602605404845528,15,1.0,0.644712400318371
2007-12-10,18.33653973963504,0.6620159614432086,15,1.0,0.6619727846128743
2007-12-11,18.515634154555922,0.665207743867157,15,1.0,0.6737991089386288
2007-12-12,18.77881247462774,0.6698234007015799,15,1.0,0.6763513984369974
2007-12-13,18.89729294730617,0.6718176354712564,15,1.0,0.6933680130581675
2007-12-14,18.877497626445905,0.6713975242972653,15,1.0,0.715080715423518
2007-12-17,18.28821003994098,0.6607307688553844,15,1.0,0.652279522224791
2007-12-18,18.206932185870016,0.6591374245931148,15,1.0,0.6716502687417715
2007-12-19,18.25920256300828,0.6600346076782297,15,1.0,0.6919038513143645
2007-12-20,18.14703057074591,0.657854080413973,15,1.0,0.7122912103944218
2007-12-24,18.400039998014407,0.5863383114226741,13,1.0,0.7122960753614396
2007-12-26,18.847772650830507,0.5960715406372102,13,1.0,0.6628248297669364
2007-12-27,19.037032600718828,0.5999947843854748,13,1.0,0.6720788558693599
2007-12-28,19.374527392984696,0.606871788736143,13,1.0,0.6595399244892675
2007-12-31,19.800575497633705,0.6152417552610593,13,1.0,0.6334424721329036
2008-01-01,20.000823437816056,0.6334424721329036,15,1.0,0.6418581656487335
2008-01-02,20.222743524684162,0.6373811593436531,15,1.0,0.6507661459984673
2008-01-03,20.310049578652595,0.6388564393889942,15,1.0,0.6692385934540208
2008-01-04,20.365185838911408,0.6397509023280251,15,1.0,0.689310984014231
2008-01-07,20.75364841988354,0.6464122226827593,15,1.0,0.668379967490411
2008-01-08,20.470534918099787,0.6414391010621809,15,1.0,0.675197995694053
2008-01-09,20.211778338804702,0.6367647290950755,15,1.0,0.6815350676440166
2008-01-10,19.694353258471846,0.6271353288473995,15,1.0,0.644919620462529
2008-01-11,19.480163178775836,0.6229483989735279,15,1.0,0.6553034513307635
2008-01-14,19.739694627795874,0.6278197100017415,15,1.0,0.6575115087335096
2008-01-15,19.52691162768386,0.6236770893322773,15,1.0,0.6684776723649913
2008-01-16,19.221337500401912,0.6176060296612935,15,1.0,0.6658797892661645
2008-01-17,19.560015560013678,0.624140212243852,15,1.0,0.6563016297264649
2008-01-18,18.85760282509878,0.6100499361950074,15,1.0,0.580269331849254
2008-01-21,17.607283355890164,0.5822624196300185,15,0.0,0.4323648251184615
2008-01-22,17.04119436768551,0.0,0,0.0,0.420742219342715
2008-01-23,17.045135187519413,0.0,0,0.0,0.3907021267082489
2008-01-24,17.049076918677994,0.0,0,0.0,0.3931771596572992
2008-01-25,17.053019561371997,0.0,0,0.0,0.3764152369543895
2008-01-28,17.05696311581222,0.0,0,0.0,0.3876533598993459
2008-01-29,17.060907582209506,0.0,0,0.0,0.3995220267719835
2008-01-30,17.064852960774747,0.0,0,0.0,0.40626520949409
2008-01-31,17.068799251718882,0.0,0,0.0,0.41771869227947417
2008-02-01,17.072746455252904,0.0,0,0.0,0.42970306772527256
2008-02-04,17.07669457158785,0.0,0,0.0,0.432185116669329
2008-02-05,17.08064360093481,0.0,0,0.0,0.44411174100915435
2008-02-06,17.084593543504916,0.0,0,0.0,0.4565786789515315
2008-02-07,17.088544399509356,0.0,0,0.0,0.46239854659295215
2008-02-08,17.092496169159364,0.0,0,0.0,0.47116336951185833
2008-02-11,17.096448852666224,0.0,0,0.0,0.45403726188536025
2008-02-12,17.100402450241265,0.0,0,0.0,0.4614635744861617
2008-02-13,17.10435696209587,0.0,0,0.0,0.47590224982934876
2008-02-14,17.10831238844147,0.0,0,0.0,0.45636346854928744
2008-02-15,17.112268729489536,0.0,0,0.0,0.46441257666992825
2008-02-18,17.116225985451603,0.0,0,0.0,0.4770437880831439
2008-02-19,17.120184156539242,0.0,0,0.0,0.4916147485981614
2008-02-20,17.12414324296408,0.0,0,0.0,0.5015846609564037
2008-02-21,17.128103244937794,0.0,0,0.0,0.5164631573164591
2008-02-22,17.132064162672105,0.0,0,0.0,0.530997594965818
2008-02-25,17.136025996378784,0.0,0,0.0,0.5476623714063963
2008-02-26,17.13998874626965,0.0,0,0.0,0.5593833147834175
2008-02-27,17.14395241255658,0.0,0,0.0,0.57652592581032
2008-02-28,17.147916995451485,0.0,0,0.0,0.5946383805152239
2008-02-29,17.151882495166337,0.0,0,0.0,0.6123365124097636
2008-03-03,17.155848911913154,0.0,0,0.0,0.5867192557280853
2008-03-04,17.159816245904,0.0,0,0.0,0.587572725331993
2008-03-05,17.16378449735099,0.0,0,0.0,0.6034893438968418
2008-03-07,17.167753666466286,0.0,0,0.0,0.5719831336353606
2008-03-10,17.171723753462107,0.0,0,0.0,0.5876378494778447
2008-03-11,17.17569475855071,0.0,0,0.0,0.5707245120661252
2008-03-12,17.179666681944408,0.0,0,0.0,0.5869391265244117
2008-03-13,17.18363952385556,0.0,0,0.0,0.5355328230363836
2008-03-14,17.187613284496578,0.0,0,0.0,0.5516686749762625
2008-03-17,17.191587964079922,0.0,0,0.0,0.4873470596330397
2008-03-18,17.195563562818094,0.0,0,0.0,0.50117353789445
2008-03-19,17.199540080923658,0.0,0,0.0,0.5150017271653843
2008-03-24,17.203517518609214,0.0,0,0.0,0.5224877584085681
2008-03-25,17.20749587608742,0.0,0,0.0,0.481147378550577
2008-03-26,17.21147515357098,0.0,0,0.0,0.4936405335302163
2008-03-27,17.21545535127265,0.0,0,0.0,0.5089719644647018
2008-03-28,17.219436469405228,0.0,0,0.0,0.4930992426639622
2008-03-31,17.223418508181567,0.0,0,0.0,0.504567966983732
2008-04-01,17.22740146781457,0.0,0,0.0,0.5203909929556135
2008-04-02,17.231385348517186,0.0,0,0.0,0.5363273744891441
2008-04-03,17.23537015050242,0.0,0,0.0,0.5529034916782722
2008-04-04,17.239355873983314,0.0,0,0.0,0.5628953525594778
2008-04-07,17.24334251917297,0.0,0,0.0,0.5761476514845559
2008-04-08,17.247330086284535,0.0,0,0.0,0.5938994655039362
2008-04-09,17.251318575531204,0.0,0,0.0,0.6053414045847473
2008-04-10,17.255307987126226,0.0,0,0.0,0.6238965959231181
2008-04-11,17.259298321282895,0.0,0,0.0,0.6417763868086411
2008-04-15,17.263289578214554,0.0,0,0.0,0.6530704777307972
2008-04-16,17.267281758134597,0.0,0,0.0,0.6690029960027924
2008-04-17,17.271274861256472,0.0,0,0.0,0.673184732628361
2008-04-21,17.27526888779367,0.0,0,0.0,0.6683205082753422
2008-04-22,17.27926383795973,0.0,0,0.0,0.6873620438228528
2008-04-23,17.283259711968242,0.0,0,0.0,0.7088983028612674
2008-04-24,17.287256510032854,0.0,0,0.0,0.7273663249647014
2008-04-25,17.29125423236725,0.0,0,0.0,0.7477534536304457
2008-04-28,17.295252879185174,0.0,0,0.0,0.7709993836802571
2008-04-29,17.299252450700415,0.0,0,0.0,0.7851599774876561
2008-04-30,17.303252947126808,0.0,0,0.0,0.8097288530991649
2008-05-02,17.307254368678244,0.0,0,0.43433179723502313,0.825748706332039
2008-05-05,17.29263072501034,0.3586489196856899,15,0.4863530373857597,0.8500825375510659
2008-05-06,17.203751922350584,0.3551864623693182,15,0.514427720496414,0.8608562230543373
2008-05-07,17.115262355782356,0.3517027527459793,15,0.5057999683202747,0.8707741232862722
2008-05-08,17.06775230990863,0.34974780529282157,15,0.0,0.8926190176287042
2008-05-09,16.90797620849413,0.0,0,0.0,0.8728278915423411
2008-05-12,16.911886221287595,0.0,0,0.0,0.8963296898144117
2008-05-13,16.915797138281533,0.0,0,0.0,0.924360116811141
2008-05-14,16.91970895968504,0.0,0,0.0,0.9477478228831782
2008-05-15,16.92362168570726,0.0,0,0.0,0.9492161762671991
2008-05-16,16.927535316557396,0.0,0,0.0,0.9683488526492916
2008-05-20,16.931449852444686,0.0,0,0.0,0.9983549180690425
2008-05-21,16.935365293578425,0.0,0,0.0,1.0
2008-05-22,16.939281640167952,0.0,0,0.0,1.0
2008-05-23,16.943198892422654,0.0,0,0.0,1.0
2008-05-26,16.94711705055197,0.0,0,0.0,0.9435441011132574
2008-05-27,16.951036114765387,0.0,0,0.0,0.9586774995665087
2008-05-28,16.95495608527244,0.0,0,0.0,0.9738121681613621
2008-05-29,16.95887696228271,0.0,0,0.0,0.996663975762748
2008-05-30,16.962798746005827,0.0,0,0.0,1.0
2008-06-02,16.966721436651476,0.0,0,0.0,0.9649668954084188
2008-06-03,16.970645034429378,0.0,0,0.0,0.9903633924509047
2008-06-04,16.974569539549314,0.0,0,0.0,0.925676937505414
2008-06-05,16.97849495222111,0.0,0,0.0,0.9506642214211217
2008-06-06,16.982421272654634,0.0,0,0.0,0.9754458805006418
2008-06-09,16.986348501059815,0.0,0,0.0,0.896446972317044
2008-06-10,16.99027663764662,0.0,0,0.0,0.9136135917802375
2008-06-11,16.99420568262507,0.0,0,0.0,0.9088845377545103
2008-06-12,16.99813563620523,0.0,0,0.0,0.9335574872909561
2008-06-13,17.00206649859722,0.0,0,0.0,0.9614762087886636
2008-06-16,17.005998270011204,0.0,0,0.0,0.9707724498469598
2008-06-17,17.009930950657395,0.0,0,0.0,0.9562608970374479
2008-06-18,17.013864540746056,0.0,0,0.0,0.9841571440059083
2008-06-19,17.017799040487496,0.0,0,0.0,0.9774441897481183
2008-06-20,17.02173445009208,0.0,0,0.0,0.8894269570521648
2008-06-23,17.02567076977021,0.0,0,0.0,0.8102841577927933
2008-06-24,17.02960799973234,0.0,0,0.0,0.8070472714673943
2008-06-25,17.03354614018899,0.0,0,0.0,0.8261845326342397
2008-06-26,17.0374851913507,0.0,0,0.0,0.8516918115122202
2008-06-27,17.04142515342808,0.0,0,0.0,0.7966549879026708
2008-06-30,17.045366026631775,0.0,0,0.0,0.7476556530138041
2008-07-01,17.049307811172493,0.0,0,0.0,0.6644067503804597
2008-07-02,17.05325050726098,0.0,0,0.0,0.6349921367798891
2008-07-03,17.057194115108032,0.0,0,0.0,0.623892536011858
2008-07-04,17.061138634924497,0.0,0,0.0,0.6252686186747897
2008-07-07,17.06508406692127,0.0,0,0.0,0.6330706799221283
2008-07-08,17.069030411309292,0.0,0,0.0,0.6529447590944689
2008-07-09,17.07297766829956,0.0,0,0.0,0.6255768215394697
2008-07-10,17.07692583810312,0.0,0,0.0,0.6447601788774489
2008-07-11,17.080874920931052,0.0,0,0.0,0.6526272548209575
2008-07-14,17.084824916994503,0.0,0,0.0,0.671095871724038
2008-07-15,17.088775826504655,0.0,0,0.0,0.643698007450852
2008-07-16,17.09272764967275,0.0,0,0.0,0.654346012425031
2008-07-17,17.09668038671007,0.0,0,0.0,0.6620262688223358
2008-07-18,17.10063403782795,0.0,0,0.0,0.6690182378892914
2008-07-21,17.10458860323778,0.0,0,0.0,0.6894183665298681
2008-07-22,17.108544083150985,0.0,0,0.0,0.6901391085626183
2008-07-23,17.112500477779047,0.0,0,0.0,0.6028830650136222
2008-07-24,17.1164577873335,0.0,0,0.0,0.6215172213221956
2008-07-25,17.120416012025917,0.0,0,0.0,0.6401930867244987
2008-07-28,17.12437515206793,0.0,0,0.0,0.6533425005375821
2008-07-29,17.128335207671217,0.0,0,0.0,0.6521351828287437
2008-07-30,17.132296179047504,0.0,0,0.0,0.6527598968975427
2008-07-31,17.136258066408566,0.0,0,0.0,0.6731411117331851
2008-08-01,17.14022086996622,0.0,0,0.0,0.6801965054949652
2008-08-04,17.144184589932348,0.0,0,0.0,0.6893761951214377
2008-08-05,17.148149226518868,0.0,0,0.0,0.6921986888567446
2008-08-06,17.15211477993775,0.0,0,0.0,0.7136209864620018
2008-08-07,17.156081250401016,0.0,0,0.0,0.7351751118926205
2008-08-08,17.16004863812073,0.0,0,0.0,0.7573086161440339
2008-08-11,17.164016943309015,0.0,0,0.0,0.7659275471062492
2008-08-12,17.167986166178036,0.0,0,0.0,0.783487220227474
2008-08-13,17.171956306940007,0.0,0,0.0,0.8080879508236942
2008-08-14,17.175927365807198,0.0,0,0.0,0.8079839394132182
2008-08-18,17.17989934299192,0.0,0,0.0,0.824240793324541
2008-08-19,17.183872238706538,0.0,0,0.0,0.8494591186728323
2008-08-20,17.18784605316346,0.0,0,0.0,0.8622511176593844
2008-08-21,17.191820786575153,0.0,0,0.0,0.8396464231684003
2008-08-22,17.195796439154126,0.0,0,0.0,0.8653982176596234
2008-08-25,17.19977301111294,0.0,0,0.0,0.8924155031632156
2008-08-26,17.203750502664196,0.0,0,0.0,0.9203118973227785
2008-08-27,17.20772891402056,0.0,0,0.0,0.9412715474630771
2008-08-28,17.21170824539474,0.0,0,0.0,0.946170937519439
2008-08-29,17.215688496999487,0.0,0,0.0,0.9083765449315729
2008-09-01,17.21966966904761,0.0,0,0.0,0.9369167274105824
2008-09-02,17.223651761751967,0.0,0,0.0,0.9216459424674806
2008-09-04,17.227634775325456,0.0,0,0.0,0.9498483630886564
2008-09-05,17.23161870998103,0.0,0,0.0,0.9608675961422405
2008-09-08,17.235603565931697,0.0,0,0.0,0.9643505706183054
2008-09-09,17.239589343390506,0.0,0,0.0,0.9909810782583132
2008-09-10,17.24357604257056,0.0,0,0.0,1.0
2008-09-11,17.247563663685007,0.0,0,0.0,1.0
2008-09-12,17.251552206947046,0.0,0,0.0,1.0
2008-09-15,17.25554167256993,0.0,0,0.0,0.8178558246976403
2008-09-16,17.259532060766954,0.0,0,0.0,0.8322825190413654
2008-09-17,17.263523371751468,0.0,0,0.0,0.8412872337379017
2008-09-18,17.267515605736865,0.0,0,0.0,0.8537004470378733
2008-09-19,17.271508762936595,0.0,0,0.0,0.8065395543405183
2008-09-22,17.27550284356415,0.0,0,0.0,0.8318568189090478
2008-09-23,17.27949784783308,0.0,0,0.0,0.8320498897637038
2008-09-24,17.283493775956977,0.0,0,0.0,0.8562081963911236
2008-09-25,17.287490628149484,0.0,0,0.0,0.8709571374265732
2008-09-26,17.291488404624296,0.0,0,0.0,0.8197304260846809
2008-09-29,17.295487105595154,0.0,0,0.0,0.7187944385686685
2008-09-30,17.299486731275852,0.0,0,0.0,0.7347386693812449
2008-10-01,17.30348728188023,0.0,0,0.0,0.7544712859597316
2008-10-03,17.307488757622178,0.0,0,0.0,0.7379533693720258
2008-10-06,17.31149115871564,0.0,0,0.0,0.5946083807358932
2008-10-07,17.315494485374604,0.0,0,0.0,0.5963105859214078
2008-10-08,17.319498737813106,0.0,0,0.0,0.5461595409197503
2008-10-10,17.32350391624524,0.0,0,0.0,0.45579401301327405
2008-10-13,17.327510020885143,0.0,0,0.0,0.4384949181398643
2008-10-14,17.331517051947,0.0,0,0.0,0.44806956959672894
2008-10-15,17.33552500964505,0.0,0,0.0,0.43546918113564886
2008-10-16,17.339533894193583,0.0,0,0.0,0.4476545201396983
2008-10-17,17.34354370580693,0.0,0,0.0,0.4455934291154444
2008-10-20,17.347554444699483,0.0,0,0.0,0.4593416069671127
2008-10-21,17.351566111085674,0.0,0,0.0,0.4621869166458191
2008-10-22,17.35557870517999,0.0,0,0.0,0.46207450176835924
2008-10-23,17.359592227196966,0.0,0,0.0,0.4574482685303795
2008-10-24,17.363606677351186,0.0,0,0.0,0.39016673077169467
2008-10-27,17.367622055857282,0.0,0,0.0,0.38783679455842
2008-10-29,17.37163836292994,0.0,0,0.0,0.3790250698528748
2008-10-31,17.37565559878389,0.0,0,0.0,0.3798786252557227
2008-11-03,17.37967376363392,0.0,0,0.0,0.3757090899988419
2008-11-04,17.38369285769486,0.0,0,0.0,0.37787465736896186
2008-11-05,17.387712881181596,0.0,0,0.0,0.38674982890422743
2008-11-06,17.391733834309054,0.0,0,0.0,0.39335250340974265
2008-11-07,17.39575571729222,0.0,0,0.0,0.4033792556966319
2008-11-10,17.399778530346126,0.0,0,0.0,0.40170808708651345
2008-11-11,17.403802273685848,0.0,0,0.0,0.4003352135579532
2008-11-12,17.407826947526523,0.0,0,0.0,0.40842506019869085
2008-11-14,17.411852552083328,0.0,0,0.0,0.4182548774293759
2008-11-17,17.415879087571497,0.0,0,0.0,0.4238801239745272
2008-11-18,17.419906554206307,0.0,0,0.0,0.427943550831823
2008-11-19,17.42393495220309,0.0,0,0.0,0.4364043676340879
2008-11-20,17.427964281777225,0.0,0,0.0,0.4413362052906165
2008-11-21,17.431994543144143,0.0,0,0.0,0.45494458125302845
2008-11-24,17.43602573651932,0.0,0,0.0,0.468803673986974
2008-11-25,17.440057862118287,0.0,0,0.0,0.48226543402211436
2008-11-26,17.444090920156626,0.0,0,0.0,0.497394901486292
2008-11-27,17.448124910849963,0.0,0,0.0,0.5130236518039447
2008-11-28,17.452159834413976,0.0,0,0.0,0.5284697445671713
2008-12-01,17.456195691064394,0.0,0,0.0,0.5434301677446263
2008-12-02,17.460232481016998,0.0,0,0.0,0.5580309054746924
2008-12-03,17.464270204487615,0.0,0,0.0,0.5729711241151351
2008-12-04,17.468308861692126,0.0,0,0.0,0.5576837717744614
2008-12-05,17.472348452846454,0.0,0,0.0,0.5741668705522637
2008-12-08,17.476388978166582,0.0,0,0.0,0.5909114481199217
2008-12-10,17.480430437868538,0.0,0,0.0,0.5848411710687581
2008-12-11,17.484472832168397,0.0,0,0.0,0.5963082245496029
2008-12-12,17.488516161282288,0.0,0,0.0,0.6027991394788493
2008-12-15,17.49256042542639,0.0,0,0.0,0.5800959567963235
2008-12-16,17.496605624816933,0.0,0,0.0,0.5691963676806395
2008-12-17,17.50065175967019,0.0,0,0.0,0.566167883439842
2008-12-18,17.504698830202496,0.0,0,0.0,0.5673890457109069
2008-12-19,17.508746836630227,0.0,0,0.0,0.5806205872452422
2008-12-22,17.512795779169807,0.0,0,0.0,0.5984066813635587
2008-12-23,17.516845658037717,0.0,0,0.0,0.5968162006044785
2008-12-24,17.520896473450485,0.0,0,0.0,0.6110609447659306
2008-12-26,17.52494822562469,0.0,0,0.0,0.6226759864538581
2008-12-29,17.52900091477696,0.0,0,0.0,0.6376204583030769
2008-12-30,17.533054541123978,0.0,0,0.0,0.6402380831108073
2008-12-31,17.537109104882465,0.0,0,0.0,0.657265929240486
2009-01-02,17.541164606269206,0.0,0,0.0,0.5880225134976144
2009-01-05,17.545221045501027,0.0,0,0.0,0.5964218098422831
2009-01-06,17.549278422794806,0.0,0,0.0,0.6151275477187184
2009-01-07,17.553336738367474,0.0,0,0.0,0.5186353057400348
2009-01-09,17.55739599243601,0.0,0,0.0,0.5205712375863198
2009-01-12,17.561456185217445,0.0,0,0.0,0.5289470109088098
2009-01-13,17.565517316928855,0.0,0,0.0,0.5419260989004729
2009-01-14,17.569579387787375,0.0,0,0.0,0.5503367178575623
2009-01-15,17.573642398010183,0.0,0,0.0,0.5576753589255331
2009-01-16,17.577706347814505,0.0,0,0.0,0.5743096174262032
2009-01-19,17.581771237417627,0.0,0,0.0,0.590847116116622
2009-01-20,17.585837067036877,0.0,0,0.0,0.6076407116501772
2009-01-21,17.58990383688964,0.0,0,0.0,0.6129655486485374
2009-01-22,17.593971547193345,0.0,0,0.0,0.6204837759303361
2009-01-23,17.598040198165474,0.0,0,0.0,0.6292054071603933
2009-01-27,17.602109790023558,0.0,0,0.0,0.6462226152531527
2009-01-28,17.60618032298518,0.0,0,0.0,0.6568214867198259
2009-01-29,17.61025179726797,0.0,0,0.0,0.6774306738848799
2009-01-30,17.614324213089617,0.0,0,0.0,0.6915923515491808
2009-02-02,17.61839757066785,0.0,0,0.0,0.6974780127283526
2009-02-03,17.62247187022045,0.0,0,0.0,0.7177766835773017
2009-02-04,17.62654711196526,0.0,0,0.0,0.7399726592490943
2009-02-05,17.630623296120156,0.0,0,0.0,0.7596941408792064
2009-02-06,17.634700422903077,0.0,0,0.0,0.7653834685869862
2009-02-09,17.638778492532005,0.0,0,0.0,0.7689723041724478
2009-02-10,17.642857505224978,0.0,0,0.0,0.7889718140874127
2009-02-11,17.64693746120008,0.0,0,0.0,0.8130420878104877
2009-02-12,17.651018360675447,0.0,0,0.0,0.8383197377735889
2009-02-13,17.65510020386927,0.0,0,0.0,0.8503399994742414
2009-02-16,17.659182990999785,0.0,0,0.0,0.8142720237435592
2009-02-17,17.663266722285275,0.0,0,0.0,0.7908506783453153
2009-02-18,17.667351397944085,0.0,0,0.0,0.8141583982306144
2009-02-19,17.6714370181946,0.0,0,0.0,0.8395522889342059
2009-02-20,17.675523583255256,0.0,0,0.0,0.8460707718609549
2009-02-24,17.679611093344548,0.0,0,0.0,0.8532632943305557
2009-02-25,17.683699548681016,0.0,0,0.0,0.8771887281999419
2009-02-26,17.68778894948325,0.0,0,0.0,0.9040456990539725
2009-02-27,17.69187929596989,0.0,0,0.0,0.9321147323983745
2009-03-02,17.69597058835963,0.0,0,0.0,0.9222548118476547
2009-03-03,17.70006282687121,0.0,0,0.0,0.9244609323857607
2009-03-04,17.704156011723427,0.0,0,0.0,0.9530243787304195
2009-03-05,17.70825014313512,0.0,0,0.0,0.937171156103623
2009-03-06,17.712345221325187,0.0,0,0.0,0.9655410025807905
2009-03-09,17.71644124651257,0.0,0,0.0,0.968068316295123
2009-03-12,17.720538218916268,0.0,0,0.0,0.9931036884173323
2009-03-13,17.724636138755322,0.0,0,0.0,0.9258652593128988
2009-03-16,17.728735006248833,0.0,0,0.0,0.8871838880519154
2009-03-17,17.73283482161595,0.0,0,0.0,0.9148580344175697
2009-03-18,17.736935585075866,0.0,0,0.0,0.9012877099524094
2009-03-19,17.741037296847836,0.0,0,0.0,0.9213028340292392
2009-03-20,17.745139957151153,0.0,0,0.0,0.9502011576655928
2009-03-23,17.749243566205173,0.0,0,0.0,0.9023622050080141
2009-03-24,17.753348124229294,0.0,0,0.0,0.9288744052018209
2009-03-25,17.757453631442967,0.0,0,0.0,0.9506516067530488
2009-03-26,17.761560088065696,0.0,0,0.0,0.9511682034634559
2009-03-27,17.765667494317036,0.0,0,0.0,0.9242598852756571
2009-03-30,17.76977585041659,0.0,0,0.0,0.9074640416416335
2009-03-31,17.77388515658401,0.0,0,0.0,0.8980273682528203
2009-04-01,17.777995413039005,0.0,0,0.0,0.8755095794691597
2009-04-02,17.78210662000133,0.0,0,0.0,0.8004809542994334
2009-04-06,17.78621877769079,0.0,0,0.0,0.7723708233228945
2009-04-08,17.790331886327248,0.0,0,0.0,0.7218561145089316
2009-04-09,17.794445946130608,0.0,0,0.0,0.7323175739097549
2009-04-13,17.798560957320834,0.0,0,0.0,0.6897434959865412
2009-04-15,17.802676920117936,0.0,0,0.0,0.6389875787025596
2009-04-16,17.80679383474197,0.0,0,0.0,0.6037919893905207
2009-04-17,17.810911701413055,0.0,0,0.0,0.6200677890971025
2009-04-20,17.815030520351353,0.0,0,0.0,0.6331113082212729
2009-04-21,17.819150291777078,0.0,0,0.0,0.6527124183666809
2009-04-22,17.823271015910493,0.0,0,0.0,0.6665293454585096
2009-04-23,17.827392692971916,0.0,0,0.0,0.6783600849722115
2009-04-24,17.831515323181712,0.0,0,0.5311111111111112,0.6885644087419273
2009-04-27,17.81607120214797,0.36570420819849025,15,0.5542697881828317,0.7067813924688426
2009-04-28,17.725605060788606,0.3623195226609659,15,0.0,0.7203503531951647
2009-04-29,17.791916784832825,0.0,0,0.5560535117056856,0.7339698536007946
2009-04-30,17.77424211457329,0.40812651458082977,15,0.5525306577480491,0.7570309510863944
2009-05-04,17.835852662010222,0.4182828093393967,15,0.5869565217391305,0.7766968442030527
2009-05-05,17.854670047328437,0.4187615106299303,15,0.6471571906354516,0.8005993155290033
2009-05-06,17.934754207203163,0.42122310546499897,15,0.7207357859531772,0.8157599088596044
2009-05-07,17.97991532912657,0.5879473590610191,15,0.8010033444816055,0.8378184949989647
2009-05-08,17.890001525801434,0.58578064631153,15,0.8901895206243029,0.858695789916441
2009-05-11,17.83523459047978,0.7644019935878239,15,0.9035674470457077,0.8842987378717629
2009-05-12,17.874468705859336,0.7648647636313417,15,0.9102564102564102,0.9111618044157621
2009-05-13,17.887897834691273,0.7649869538398186,15,0.9459308807134894,0.9395478750990781
2009-05-14,17.969954423239134,0.766005999755117,15,0.9548494983277591,0.9638869292695669
2009-05-15,18.111501245679328,0.9203669508577301,15,0.9682274247491639,0.9790754262107506
2009-05-18,19.447545042241785,0.925820580686378,15,1.0,0.6087777440092041
2009-05-19,19.34419536575475,0.6087777440092041,15,1.0,0.6277965825327315
2009-05-20,19.522683655880765,0.6122648926594574,15,1.0,0.6395033843223858
2009-05-21,19.621984869945543,0.6141378973964285,15,1.0,0.6565111535392274
2009-05-22,19.75061134968222,0.6165621860416224,15,1.0,0.6723484914829176
2009-05-25,19.898228375805793,0.61931874520722,15,1.0,0.6871256142893882
2009-05-26,19.613461553893497,0.6137023423212933,15,1.0,0.6877993190853439
2009-05-27,19.664641895333233,0.6146186432659151,15,1.0,0.7085451410681509
2009-05-28,19.679851297551448,0.6148274303520312,15,1.0,0.7306279062062234
2009-05-29,19.88161400614925,0.6186480725985246,15,1.0,0.7379056627283208
2009-06-01,20.133920728450228,0.7379056627283207,15,1.0,0.7272237016735578
2009-06-02,20.128651614175702,0.737776427957424,15,1.0,0.7500734763207547
2009-06-03,20.295694862695072,0.7398745122424428,15,1.0,0.7662071082208132
2009-06-04,20.527301344280648,0.7427499933817454,15,1.0,0.7753048035940605
2009-06-05,20.66079341454625,0.7443530137415594,15,1.0,0.7944067199063092
2009-06-08,20.332579031432264,0.7401662126662395,15,1.0,0.7913344227618391
2009-06-09,20.577682879550697,0.7432017601176591,15,1.0,0.7978994656844182
2009-06-10,20.70751428281823,0.7447528137375452,15,1.0,0.8174211053972998
2009-06-11,20.576368819850508,0.7430665685033221,15,1.0,0.8383312525891569
2009-06-12,20.487211246673617,0.7418887538639991,15,1.0,0.8624632914723634
2009-06-15,20.325344899854166,0.7397730513494409,15,1.0,0.8805776615108093
2009-06-16,20.42133663027708,0.7409363686148909,15,1.0,0.9044416910296461
2009-06-17,20.271923733214155,0.9044416910296463,15,1.0,0.926171705190721
2009-06-18,20.083136970410003,0.8508631133222408,14,1.0,0.9465035462531856
2009-06-19,20.220344263733303,0.8518408432415518,14,1.0,0.9685100295106611
2009-06-22,19.973609222054254,0.8499759399850966,14,1.0,0.975917476440196
2009-06-23,19.80608082735915,0.8486719847231396,14,1.0,0.9953421485976678
2009-06-24,20.01681531359854,0.8502305202565578,14,1.0,1.0
2009-06-25,19.871283191039122,0.8490987592137176,14,1.0,1.0
2009-06-26,20.351644363354993,1.0,14,1.0,0.94422179520647
2009-06-29,20.441038873046992,1.0,14,1.0,0.9710363123465477
2009-06-30,20.3083649024312,1.0,14,1.0,0.9970069180655937
2009-07-01,20.22699010032768,0.9970069180655935,15,1.0,1.0
2009-07-02,20.39465661049437,0.997030838023732,15,1.0,1.0
2009-07-03,20.645850215692207,0.9970662849046199,15,1.0,1.0
2009-07-06,19.834007362670334,0.9969454962845827,15,1.0,0.916910237158324
2009-07-07,20.0108033881987,0.9969717827919952,15,1.0,0.9351529113789083
2009-07-08,19.72702880411143,0.9969275113351783,15,0.0,0.9486209194414895
2009-07-09,19.801524125339913,0.0,0,0.0,0.9724019724033821
2009-07-10,19.806103278498487,0.0,0,0.0,0.9569394091343454
2009-07-13,19.810683490597953,0.0,0,0.0,0.8924846132977815
2009-07-14,19.815264761883196,0.0,0,0.0,0.7752368161462045
2009-07-15,19.819847092599154,0.0,0,1.0,0.7010015808773159
2009-07-16,19.782739611665118,0.7010015808773158,15,1.0,0.7212559020637932
2009-07-17,20.06233190210917,0.7051002964467117,15,1.0,0.723925714749096
2009-07-20,20.342329806079896,0.7090921264196405,15,1.0,0.7267947808514957
2009-07-21,20.421035116462114,0.7101463090763063,15,1.0,0.7474895131244276
2009-07-22,20.1891388799645,0.7067491958875084,15,1.0,0.7587141629849103
2009-07-23,20.528271997206247,0.7115270911192855,15,1.0,0.7500149697797093
2009-07-24,20.811531302979525,0.7153876043933957,15,1.0,0.7521736726357003
2009-07-27,20.883206215617985,0.7162988537797683,15,1.0,0.7735878298542413
2009-07-28,21.03153458621792,0.7182345590459432,15,1.0,0.7912188615679958
2009-07-29,21.000984981162915,0.7177594281754701,15,1.0,0.8159282644819884
2009-07-30,21.134212898646613,0.719473786478984,15,1.0,0.8350471102187671
2009-07-31,21.13802863275265,0.7194595650117186,15,1.0,0.8612622126994912
2009-08-03,21.42663315696571,0.8612622126994913,15,1.0,0.8521177723446485
2009-08-04,21.275038004980342,0.8602413253733054,15,1.0,0.8739804647921544
2009-08-05,21.24872238342565,0.8600358807354781,15,1.0,0.901380899369787
2009-08-06,20.888919460856197,0.8575921326059985,15,1.0,0.8947161727067842
2009-08-07,20.449872158765494,0.854501076230481,15,1.0,0.8729436676087161
2009-08-10,20.17817598082968,0.8525078545268967,15,1.0,0.8825920990709213
2009-08-11,20.281061938398206,0.8532221482223418,15,1.0,0.9061740663845183
2009-08-12,20.463071928650724,0.8544940315624605,15,1.0,0.9227634590191962
2009-08-13,21.1544198098586,0.8592167651372699,15,1.0,0.8179580132395071
2009-08-14,20.91608641310905,0.8575796491197406,15,1.0,0.8324447503168978
2009-08-17,20.330788205981435,0.853445660414303,15,1.0,0.7881761087642069
2009-08-18,20.63241052995143,0.8555547221906521,15,1.0,0.7932189998004041
2009-08-19,20.444257491063233,0.8541916494834842,15,1.0,0.8115292702002408
2009-08-20,20.658175943301266,0.8055067366959159,14,1.0,0.8256600696255876
2009-08-21,20.677244368060716,0.8056411615729661,14,1.0,0.85143492933915
2009-08-24,20.99878987555588,0.8085730377768077,14,1.0,0.8483402707389391
2009-08-25,20.895199805935878,0.8075795317828054,14,1.0,0.8721646294653296
2009-08-26,21.280650948267613,0.8110211041569207,14,1.0,0.8521942783853632
2009-08-27,21.36643626053291,0.8117363198116739,14,1.0,0.876839935452131
2009-08-28,21.559099620731775,0.813375594869204,14,1.0,0.8919313000318604
2009-08-31,21.714498522789395,0.8146683161149694,14,1.0,0.9119231794137692
2009-09-01,21.504267891656745,0.9119231794137692,15,1.0,0.9333222890604992
2009-09-02,21.40184655385626,0.9114812107972041,15,1.0,0.9599552544872172
2009-09-03,21.420024248900997,0.9115358777543576,15,1.0,0.9898779043256177
2009-09-04,21.629937276757357,0.9123741404920385,15,1.0,1.0
2009-09-07,21.911149715891053,0.9134787461080058,15,1.0,1.0
2009-09-08,21.95753637014936,0.9136415616177456,15,1.0,1.0
2009-09-09,21.7373309296087,0.912746552776643,15,1.0,1.0
2009-09-10,21.694747430398348,0.9125550703030461,15,1.0,1.0
2009-09-11,21.86278683021118,0.9132071136762727,15,1.0,1.0
2009-09-14,21.84514574830859,0.913116936658397,15,1.0,1.0
2009-09-15,22.224379243570706,0.914579747217716,15,1.0,1.0
2009-09-16,22.450728354691964,0.9154214030131476,15,1.0,1.0
2009-09-17,22.52651676903102,0.9156864667881395,15,1.0,1.0
2009-09-18,23.015168542577438,0.917457504950898,15,1.0,1.0
2009-09-22,23.217686701489235,0.9181585669060414,15,1.0,1.0
2009-09-23,23.20872209678924,0.9181080214696917,15,1.0,1.0
2009-09-24,23.040380033168972,0.9174906104224029,15,1.0,1.0
2009-09-25,23.017812143556906,0.9173906146048898,15,1.0,1.0
2009-09-29,23.11967415783182,0.9177355604086002,15,1.0,1.0
2009-09-30,23.75089158279479,0.9199033494386543,15,1.0,1.0
2009-10-01,23.50566024505441,1.0,15,1.0,1.0
2009-10-05,23.11446171445006,0.9999999999999999,15,1.0,1.0
2009-10-06,23.025580849565326,1.0,15,1.0,1.0
2009-10-07,23.154918582403045,0.9999999999999999,15,1.0,1.0
2009-10-08,23.247593589671464,1.0,15,1.0,1.0
2009-10-09,23.241045199867195,1.0,15,1.0,1.0
2009-10-12,23.65138666679613,0.9999999999999999,15,1.0,1.0
2009-10-13,23.667357689550283,0.9999999999999998,15,1.0,1.0
2009-10-14,24.023192779507863,0.9999999999999999,15,1.0,1.0
2009-10-15,24.150061003587435,1.0,15,1.0,1.0
2009-10-16,24.111334248851914,0.9999999999999999,15,1.0,1.0
2009-10-20,24.32988781258305,0.9999999999999998,15,1.0,1.0
2009-10-21,24.11601182122562,0.9999999999999998,15,1.0,1.0
2009-10-22,23.610220684641067,0.9999999999999999,15,1.0,1.0
2009-10-23,23.827578128878375,1.0,15,1.0,1.0
2009-10-26,23.614591696896472,0.9999999999999998,15,1.0,1.0
2009-10-27,22.87904246840334,0.9999999999999998,15,1.0,1.0
2009-10-28,22.793170549623007,0.9999999999999997,15,1.0,1.0
2009-10-29,22.42719228538991,0.9999999999999998,15,1.0,1.0
2009-10-30,22.267132773782365,0.9999999999999998,15,1.0,1.0
2009-11-03,21.88689724353173,1.0,15,0.0,1.0
2009-11-04,22.35105313460884,0.0,0,1.0,1.0
2009-11-05,22.289153207260597,1.0,15,1.0,1.0
2009-11-06,23.076626012449573,0.9999999999999999,15,1.0,0.9234334997609492
2009-11-09,23.738476835009678,1.0,15,1.0,0.869068283654884
2009-11-10,23.522424052983187,1.0,15,1.0,0.8908863163939164
2009-11-11,24.107872066273984,1.0,15,1.0,0.8635404445844144
2009-11-12,23.837434893241532,1.0,15,1.0,0.8809033976393111
2009-11-13,24.16992099958609,1.0,15,1.0,0.888703367524454
2009-11-16,24.328302046383133,1.0,15,1.0,0.9121767374803937
2009-11-17,24.183678160388993,1.0000000000000002,15,1.0,0.9376021068973314
2009-11-18,24.462759683527757,1.0000000000000002,15,1.0,0.9510187922283997
2009-11-19,24.281883063447204,1.0000000000000002,15,1.0,0.9762480506982262
2009-11-20,24.507944195699192,1.0000000000000002,15,1.0,0.9949133832090815
2009-11-23,24.72498464706783,1.0000000000000002,15,1.0,1.0
2009-11-24,24.744946540071847,1.0000000000000002,15,1.0,1.0
2009-11-25,24.83327856110904,1.0000000000000004,15,1.0,1.0
2009-11-26,24.456131063630217,1.0000000000000004,15,1.0,1.0
2009-11-27,24.085376979826478,1.0000000000000007,15,1.0,1.0
2009-11-30,24.705101619771668,1.0000000000000004,15,1.0,1.0
2009-12-01,25.02378097497081,1.0,15,1.0,1.0
2009-12-02,25.03868040103883,1.0,15,1.0,1.0
2009-12-03,25.252265701386555,1.0,15,1.0,1.0
2009-12-04,25.18881797948412,1.0,15,1.0,1.0
2009-12-07,24.94241481924272,0.9999999999999999,15,1.0,1.0
2009-12-08,25.161849385461533,0.9999999999999998,15,1.0,1.0
2009-12-09,25.067838967768953,0.9999999999999999,15,1.0,1.0
2009-12-10,24.885933000459204,0.9999999999999998,15,1.0,1.0
2009-12-11,24.861007476719713,0.9999999999999999,15,1.0,1.0
2009-12-14,24.61578237272815,0.9999999999999999,15,1.0,1.0
2009-12-15,24.26269834722888,0.9999999999999999,15,1.0,1.0
2009-12-16,24.54796460577618,0.9999999999999999,15,1.0,1.0
2009-12-17,24.781853950513955,1.0,15,1.0,1.0
2009-12-18,24.51433176199304,1.0,15,1.0,1.0
2009-12-21,24.220688975315404,1.0,15,1.0,1.0
2009-12-22,24.522095881276247,0.9999999999999999,15,1.0,1.0
2009-12-23,25.180747555192998,0.9999999999999999,15,1.0,1.0
2009-12-24,25.19073577947245,0.9999999999999999,15,1.0,1.0
2009-12-29,25.299126988598257,1.0,15,1.0,1.0
2009-12-30,25.550940772730204,1.0,15,1.0,1.0
2009-12-31,25.862703962242048,0.9999999999999998,15,1.0,1.0
2010-01-04,26.00222931226613,1.0,15,1.0,1.0
2010-01-05,26.108004756828752,1.0,15,1.0,1.0
2010-01-06,26.320925249199277,1.0,15,1.0,1.0
2010-01-07,26.253849181265192,1.0,15,1.0,1.0
2010-01-08,26.040422649988976,1.0,15,1.0,1.0
2010-01-11,26.1230703602093,0.9999999999999999,15,1.0,1.0
2010-01-12,25.976459112870295,0.9999999999999998,15,1.0,1.0
2010-01-13,26.381067192163464,0.9999999999999998,15,1.0,1.0
2010-01-14,26.735447065298303,0.9999999999999998,15,1.0,1.0
2010-01-15,26.46046458105237,1.0,15,1.0,1.0
2010-01-18,26.399943207423977,1.0,15,1.0,1.0
2010-01-19,26.212426381650843,0.9999999999999999,15,1.0,1.0
2010-01-20,26.31086205141307,0.9999999999999998,15,1.0,1.0
2010-01-21,25.7099809040563,1.0,15,1.0,1.0
2010-01-22,25.424219536957537,0.9999999999999999,15,1.0,1.0
2010-01-25,25.017737912323444,0.9999999999999998,15,1.0,1.0
2010-01-27,23.955243468720717,0.9999999999999998,15,1.0,1.0
2010-01-28,24.161192649796394,0.9384599888577871,14,1.0,1.0
2010-01-29,24.112778484209503,0.9383221676144078,14,1.0,1.0
2010-02-01,24.485287630050244,1.0,15,1.0,1.0
2010-02-02,24.402383929386495,1.0,15,1.0,1.0
2010-02-03,24.848517375492737,1.0,15,1.0,1.0
2010-02-04,24.24156627576322,1.0,15,1.0,1.0
2010-02-05,23.80176832742585,1.0,15,0.0,1.0
2010-02-06,23.730363022443573,0.0,0,0.0,1.0
2010-02-08,23.735850729657447,0.0,0,1.0,1.0
2010-02-09,23.670115686799914,1.0,15,1.0,1.0
2010-02-10,23.853718381374264,1.0,15,0.0,1.0
2010-02-11,24.276351672638874,0.0,0,1.0,1.0
2010-02-15,24.20911974420281,1.0,15,1.0,1.0
2010-02-16,24.339986506817446,1.0,15,1.0,1.0
2010-02-17,24.48958051049975,1.0,15,1.0,1.0
2010-02-18,24.281598921440914,1.0,15,1.0,1.0
2010-02-19,23.93043998508876,1.0000000000000002,15,1.0,1.0
2010-02-22,23.874110541001244,1.0,15,1.0,1.0
2010-02-23,23.673486215658997,1.0,15,1.0,1.0
2010-02-24,23.616847324495673,1.0,15,1.0,1.0
2010-02-25,23.33513808601609,0.9999999999999999,15,1.0,1.0
2010-02-26,23.60285182743327,1.0,15,1.0,1.0
2010-03-02,24.00983631841872,1.0,15,1.0,1.0
2010-03-03,24.403577490290274,1.0,15,1.0,1.0
2010-03-04,24.671251017611183,1.0000000000000002,15,1.0,1.0
2010-03-05,24.687563671209492,1.0,15,1.0,1.0
2010-03-08,24.83445915922755,1.0,15,1.0,1.0
2010-03-09,24.653060550512226,1.0,15,1.0,1.0
2010-03-10,24.615271412062093,1.0,15,1.0,1.0
2010-03-11,24.611157677012315,1.0000000000000002,15,1.0,1.0
2010-03-12,24.70361195020768,1.0,15,1.0,1.0
2010-03-15,24.73858754573199,1.0,15,1.0,1.0
2010-03-16,24.816970942618322,1.0000000000000002,15,1.0,1.0
2010-03-17,24.94328127743662,1.0000000000000002,15,1.0,1.0
2010-03-18,25.158099675584143,1.0000000000000002,15,1.0,1.0
2010-03-19,25.21580892269604,1.0000000000000004,15,1.0,1.0
2010-03-22,25.055207535151382,1.0000000000000002,15,1.0,1.0
2010-03-23,25.17297882847006,1.0000000000000004,15,1.0,1.0
2010-03-25,25.208866620671404,1.0000000000000004,15,1.0,1.0
2010-03-26,25.370721430252697,1.0000000000000004,15,1.0,1.0
2010-03-29,25.08142276740684,1.0000000000000004,15,1.0,1.0
2010-03-30,24.934523323254865,1.0000000000000004,15,1.0,1.0
2010-03-31,24.9193067924646,1.0000000000000004,15,1.0,1.0
2010-04-01,25.112179227802024,1.0,15,1.0,1.0
2010-04-05,25.34328084728075,1.0,15,1.0,1.0
2010-04-06,25.412687779785458,0.9999999999999999,15,1.0,1.0
2010-04-07,25.536369230121483,1.0,15,1.0,1.0
2010-04-08,25.347437542307983,1.0,15,1.0,1.0
2010-04-09,25.441344060908403,1.0,15,1.0,1.0
2010-04-12,25.542480904980632,1.0,15,1.0,1.0
2010-04-13,25.621032978924212,1.0,15,1.0,1.0
2010-04-15,25.436087820125593,1.0,15,1.0,1.0
2010-04-16,25.329703194229307,1.0,15,1.0,1.0
2010-04-19,25.16279885503701,1.0,15,1.0,1.0
2010-04-20,25.486708798114314,1.0,15,1.0,1.0
2010-04-21,25.667400472288147,1.0,15,1.0,1.0
2010-04-22,25.556008754363113,1.0,15,1.0,1.0
2010-04-23,25.64450980597433,1.0,15,1.0,1.0
2010-04-26,25.8084039014945,1.0,15,1.0,1.0
2010-04-27,25.85117867169106,1.0,15,1.0,1.0
2010-04-28,25.41124080869642,1.0,15,1.0,1.0
2010-04-29,25.665073318447423,1.0000000000000002,15,1.0,1.0
2010-04-30,25.784161172571157,1.0000000000000002,15,1.0,1.0
2010-05-03,25.694297083152968,1.0,15,1.0,1.0
2010-05-04,25.25603278623176,1.0,15,1.0,1.0
2010-05-05,25.08138991684832,1.0,15,1.0,1.0
2010-05-06,25.02607014534636,1.0,15,1.0,1.0
2010-05-07,24.20974845314016,1.0,15,1.0,1.0
2010-05-10,24.90567038902863,1.0,15,1.0,1.0
2010-05-11,24.645557814418627,1.0000000000000002,15,1.0,1.0
2010-05-12,24.650289134072082,1.0,15,1.0,1.0
2010-05-13,25.017035709027503,1.0,15,1.0,1.0
2010-05-14,24.771085343227455,1.0000000000000002,15,1.0,1.0
2010-05-17,25.000928409024652,1.0000000000000002,15,1.0,1.0
2010-05-18,25.073907790878657,1.0000000000000002,15,1.0,1.0
2010-05-19,24.422487839835114,1.0,15,0.0,1.0
2010-05-20,24.339181257786873,0.0,0,0.0,1.0
2010-05-21,24.344809755776634,0.0,0,0.0,1.0
2010-05-24,24.35043955537097,0.0,0,0.0,1.0
2010-05-25,24.356070656870877,0.0,0,0.0,1.0
2010-05-26,24.361703060577423,0.0,0,0.0,1.0
2010-05-27,24.367336766791748,0.0,0,0.0,1.0
2010-05-28,24.372971775815063,0.0,0,0.0,1.0
2010-05-31,24.378608087948646,0.0,0,1.0,1.0
2010-06-01,24.311092966383356,1.0,15,0.0,1.0
2010-06-02,24.347954714959805,0.0,0,0.0,1.0
2010-06-03,24.353585241834004,0.0,0,1.0,1.0
2010-06-04,24.28613941956961,1.0,15,1.0,1.0
2010-06-07,23.876838869900414,1.0,15,1.0,1.0
2010-06-08,23.680822858095,0.5,15,0.0,1.0
2010-06-09,23.73383886111569,0.0,0,0.0,1.0
2010-06-10,23.739327372126155,0.0,0,0.0,1.0
2010-06-11,23.744817152368846,0.0,0,1.0,1.0
2010-06-14,23.71468273983407,0.5,15,1.0,1.0
2010-06-15,23.886357362034207,0.5034787753229364,15,1.0,1.0
2010-06-16,24.21739632184676,0.5101527047964388,15,1.0,1.0
2010-06-17,24.38782944093594,0.5134634911739583,15,1.0,1.0
2010-06-18,24.29331405507149,0.5114576253186782,15,1.0,1.0
2010-06-21,24.492612401740548,0.5153208763329019,15,1.0,1.0
2010-06-22,24.52569669751155,0.5158627592039553,15,1.0,1.0
2010-06-23,24.679465396142948,0.5187679804049613,15,1.0,1.0
2010-06-24,24.594148744679494,1.0,15,1.0,1.0
2010-06-25,24.338765079861904,1.0,15,1.0,1.0
2010-06-28,24.5852373515947,1.0,15,1.0,1.0
2010-06-29,24.293787135658135,1.0,15,1.0,1.0
2010-06-30,24.350230808414803,0.9999999999999999,15,1.0,1.0
2010-07-01,24.124012872063595,1.0,15,1.0,1.0
2010-07-02,24.15998794354047,0.5,15,1.0,1.0
2010-07-05,24.231535772900667,0.5013610522028277,15,1.0,1.0
2010-07-06,24.337521528074056,0.5034177303996625,15,1.0,1.0
2010-07-07,24.313743545532322,0.502817142250028,15,1.0,1.0
2010-07-08,24.43122996097869,0.5050936041329531,15,1.0,1.0
2010-07-09,24.5300395949317,0.5069731528862185,15,1.0,1.0
2010-07-12,24.59628939422184,0.5081874079350268,15,1.0,1.0
2010-07-13,24.728507590894967,0.5107039029539848,15,1.0,1.0
2010-07-14,24.638015616255768,0.50879322047488,15,1.0,1.0
2010-07-15,24.669808289822612,0.5093128059874388,15,1.0,1.0
2010-07-16,24.73930200966454,0.5105780126356002,15,1.0,1.0
2010-07-19,24.709384548662154,0.509872116478608,15,1.0,1.0
2010-07-20,24.757250950714894,0.5107066200545838,15,1.0,1.0
2010-07-21,24.693407931020193,0.5093281445309263,15,1.0,1.0
2010-07-22,24.820239493711284,0.5117225911627019,15,1.0,1.0
2010-07-23,24.75105158633327,1.0,15,1.0,1.0
2010-07-26,24.570309187701977,1.0,15,1.0,1.0
2010-07-27,24.70180151531444,1.0000000000000002,15,1.0,1.0
2010-07-28,24.822024256536135,1.0000000000000002,15,1.0,1.0
2010-07-29,24.88159147147764,1.0000000000000004,15,1.0,1.0
2010-07-30,24.62368518421534,1.0000000000000002,15,1.0,1.0
2010-08-02,24.696920412547232,1.0,15,1.0,1.0
2010-08-03,24.731355811115545,0.9999999999999999,15,1.0,1.0
2010-08-04,25.153006636239127,1.0,15,1.0,1.0
2010-08-05,25.218012648215645,1.0,15,1.0,1.0
2010-08-06,25.246871104814392,1.0,15,1.0,1.0
2010-08-09,25.334588864711357,1.0,15,1.0,1.0
2010-08-10,25.00079488797515,1.0,15,1.0,1.0
2010-08-11,25.152729236354205,1.0,15,1.0,1.0
2010-08-12,25.135888260622046,1.0,15,1.0,1.0
2010-08-13,25.334921206360903,1.0,15,1.0,1.0
2010-08-16,25.15154201394301,1.0,15,1.0,1.0
2010-08-17,25.539436295486492,1.0,15,1.0,1.0
2010-08-18,25.934783789233045,1.0,15,1.0,1.0
2010-08-19,26.268289965103797,1.0,15,1.0,1.0
2010-08-20,26.428567774509098,0.9999999999999999,15,1.0,1.0
2010-08-23,26.80579949160683,0.9999999999999999,15,1.0,1.0
2010-08-24,26.44713381763711,1.0,15,1.0,1.0
2010-08-25,25.944807466718753,1.0,15,1.0,1.0
2010-08-26,26.082853003149136,1.0,15,1.0,1.0
2010-08-27,25.73741423147078,0.9999999999999998,15,1.0,1.0
2010-08-30,25.83016009323595,0.9999999999999998,15,1.0,1.0
2010-08-31,25.559921244404027,0.9999999999999998,15,1.0,1.0
2010-09-01,25.946641052040277,1.0,15,1.0,1.0
2010-09-02,26.49991482157431,1.0,15,1.0,1.0
2010-09-03,26.915433189561988,1.0,15,1.0,1.0
2010-09-06,27.098669627845307,0.9999999999999999,15,1.0,1.0
2010-09-07,27.220290012700648,1.0000000000000002,15,1.0,1.0
2010-09-08,27.769177180523478,1.0,15,1.0,1.0
2010-09-09,27.99574435015397,1.0,15,1.0,1.0
2010-09-13,28.237501712430795,1.0000000000000002,15,1.0,1.0
2010-09-14,27.824930144579596,1.0000000000000002,15,1.0,1.0
2010-09-15,28.31438132857301,1.0000000000000002,15,1.0,1.0
2010-09-16,28.092259064007905,1.0,15,1.0,1.0
2010-09-17,28.603000569895226,1.0000000000000002,15,1.0,1.0
2010-09-20,28.750129526158315,1.0000000000000002,15,1.0,1.0
2010-09-21,28.7241399018416,1.0000000000000002,15,1.0,1.0
2010-09-22,28.455050091855664,1.0000000000000004,15,1.0,1.0
2010-09-23,28.32086701393806,1.0000000000000002,15,1.0,1.0
2010-09-24,28.555615956162242,1.0000000000000002,15,1.0,1.0
2010-09-27,28.877120164816517,1.0000000000000002,15,1.0,1.0
2010-09-28,28.869653496358854,1.0,15,1.0,1.0
2010-09-29,29.282547704328806,1.0,15,1.0,1.0
2010-09-30,29.465272960121833,1.0000000000000002,15,1.0,1.0
2010-10-01,29.89552877632265,1.0,15,1.0,1.0
2010-10-04,30.294565362590856,1.0,15,1.0,1.0
2010-10-05,30.701418029042248,1.0,15,1.0,1.0
2010-10-06,30.48421638648467,1.0,15,1.0,1.0
2010-10-07,30.26245078809094,0.9999999999999999,15,1.0,1.0
2010-10-08,30.204794415850767,1.0000000000000002,15,1.0,1.0
2010-10-11,30.54725582778524,1.0,15,1.0,1.0
2010-10-12,30.508644573721476,1.0,15,1.0,1.0
2010-10-13,30.834915954051624,1.0,15,1.0,1.0
2010-10-14,30.79568347092317,1.0,15,1.0,1.0
2010-10-15,30.306744314577504,1.0,15,1.0,1.0
2010-10-18,30.320847037714266,1.0,15,1.0,1.0
2010-10-19,30.723983056223844,1.0000000000000002,15,1.0,1.0
2010-10-20,30.71171747438779,1.0000000000000002,15,1.0,1.0
2010-10-21,31.074920813203626,1.0000000000000004,15,1.0,1.0
2010-10-22,31.422505724135362,1.0000000000000002,15,1.0,1.0
2010-10-25,31.692438955609074,1.0,15,1.0,1.0
2010-10-26,32.04082576594742,1.0,15,1.0,1.0
2010-10-27,32.17879066135295,1.0000000000000002,15,1.0,1.0
2010-10-28,32.01477566963537,1.0,15,1.0,1.0
2010-10-29,31.8276347923545,1.0000000000000002,15,1.0,1.0
2010-11-01,32.40590788905267,1.0,15,1.0,1.0
2010-11-02,32.406746693631405,1.0,15,1.0,1.0
2010-11-03,32.81557519249879,1.0,15,1.0,1.0
2010-11-04,33.13376006762437,1.0,15,1.0,1.0
2010-11-08,33.58154053678929,1.0,15,1.0,1.0
2010-11-09,33.75719582183367,1.0,15,1.0,1.0
2010-11-10,34.39018294292432,1.0,15,1.0,1.0
2010-11-11,34.2139051332549,1.0,15,1.0,1.0
2010-11-12,33.45583564386247,1.0,15,1.0,1.0
2010-11-15,33.45538093726861,1.0,15,1.0,1.0
2010-11-16,32.686158818876855,1.0,15,1.0,1.0
2010-11-18,32.301650433866975,0.9999999999999998,15,1.0,1.0
2010-11-19,31.700639112964147,0.9999999999999999,15,1.0,1.0
2010-11-22,32.4044261319287,0.939977434229194,14,1.0,1.0
2010-11-23,31.810114758208513,0.9388418872724422,14,1.0,1.0
2010-11-24,31.640284137359014,0.8850064344804194,13,1.0,1.0
2010-11-25,31.497761637970765,0.8844593934997763,13,1.0,1.0
2010-11-26,30.373056163022575,0.8801532498365997,13,1.0,0.968626173852886
2010-11-29,30.371436061405024,0.8801191405126363,13,1.0,0.9989522421217408
2010-11-30,30.90623744447697,0.8821663152833703,13,1.0,0.9758733156506871
2010-12-01,31.445764670050913,0.9758733156506874,15,1.0,0.9512787556587912
2010-12-02,31.971147246725756,0.9762643023215603,15,1.0,0.9486319182164565
2010-12-03,30.55637364164742,0.9751595859469626,15,1.0,0.8107835694413252
2010-12-06,30.16532326454087,0.8107835694413252,15,1.0,0.8291018867305581
2010-12-07,29.71207203985006,0.7555614864915184,14,1.0,0.8394936156093209
2010-12-08,28.839837564090377,0.7036091605858933,13,1.0,0.773844697920949
2010-12-09,27.49190251027156,0.6525781765026741,12,1.0,0.621763260378505
2010-12-10,27.957911643074954,0.496019177229972,9,1.0,0.6184605538521358
2010-12-13,28.464644591485094,0.5048766664130159,9,1.0,0.5984826015134679
2010-12-14,28.833977070296704,0.5111056360574817,9,1.0,0.5989826148354807
2010-12-15,28.605745268720757,0.5070910175154961,9,1.0,0.6111962495292129
2010-12-16,28.778305481255,0.5099332908754481,9,1.0,0.6258313727438376
2010-12-20,28.740813030308683,0.5091805208048568,9,1.0,0.6452513165698921
2010-12-21,28.802442569733905,0.5101174830907755,9,1.0,0.6648858061770452
2010-12-22,29.04161880489736,0.6648858061770451,9,1.0,0.6734062880127132
2010-12-23,28.97284535057545,0.6640126585750619,9,1.0,0.6940514257113698
2010-12-24,29.142185442515487,0.6658877752233014,9,1.0,0.7121665305914369
2010-12-27,29.4123560808336,0.6688802475712509,9,1.0,0.7242517551272487
2010-12-28,29.297620716440612,0.6675066439834375,9,1.0,0.7452801732648544
2010-12-29,29.561163721139344,0.6703946766263346,9,1.0,0.7582127884420456
2010-12-30,29.58248373778573,0.6705560551564209,9,1.0,0.781979382530195
2010-12-31,29.736098930500948,0.6721821548303739,9,1.0,0.8028401771726781
2011-01-03,29.734412576008356,0.802840177172678,15,1.0,0.827076617442363
2011-01-04,29.84480383531615,0.803524015436113,15,1.0,0.8510761720309794
2011-01-05,29.6071228787948,0.8019009392611507,15,1.0,0.8701241189569662
2011-01-06,29.288420631622458,0.7996990129086646,15,1.0,0.8822166724745255
2011-01-07,28.42533172291496,0.7935694730635008,15,1.0,0.8079667011142054
2011-01-10,27.69215391564899,0.788055014407439,15,1.0,0.7703338838009951
2011-01-11,27.48106076684591,0.7863775898951295,15,0.9924958082852822,0.789182182876373
2011-01-12,28.189722955574176,0.7916996904527565,15,0.896589375536744,0.7502552950694964
2011-01-13,27.93907954389819,0.789782411877279,15,0.7889870363554575,0.7672521150725665
2011-01-14,27.64794327770144,0.6053519724085608,15,0.7177810493599966,0.7824728116981295
2011-01-17,27.407381934511946,0.6017959850388209,15,0.6784469417332061,0.7944160099641459
2011-01-18,27.449377783050803,0.6023132677150655,15,0.6574679207541853,0.8187379998963048
2011-01-19,27.454006300182485,0.6022883638201744,15,0.6133576450649623,0.8444329046858545
2011-01-20,27.46946235009707,0.6024202213548049,15,0.585637939296476,0.8708248864805984
2011-01-21,27.64033802483258,0.6047867312596218,15,0.5673946085531452,0.8885691556229376
2011-01-24,27.947850475696903,0.6090449062384934,15,0.5872842717354912,0.878876829021681
2011-01-25,27.95993497940502,0.6091235098126635,15,0.5945686540198735,0.906418806742351
2011-01-27,27.89065533305823,0.6080619672843133,15,0.0,0.9336448823317317
2011-01-28,27.30529434014054,0.0,0,0.0,0.872496927487397
2011-01-31,27.311608759375748,0.0,0,0.0,0.8991877110130969
2011-02-01,27.31792463883657,0.0,0,0.0,0.9029473381645394
2011-02-02,27.32424197886069,0.0,0,0.0,0.931164417302073
2011-02-03,27.33056077978587,0.0,0,0.0,0.937297541471611
2011-02-04,27.33688104194994,0.0,0,0.0,0.9364151899244986
2011-02-07,27.343202765690823,0.0,0,0.0,0.9623476823647162
2011-02-08,27.349525951346507,0.0,0,0.0,0.915502964250526
2011-02-09,27.355850599255067,0.0,0,0.0,0.8229514409785451
2011-02-10,27.36217670975465,0.0,0,0.0,0.8484273932238927
2011-02-11,27.368504283183483,0.0,0,0.0,0.815876107424675
2011-02-14,27.374833319879876,0.0,0,0.0,0.7567508900156439
2011-02-15,27.381163820182213,0.0,0,0.0,0.7786052177555308
2011-02-16,27.387495784428953,0.0,0,0.0,0.7980695642205355
2011-02-17,27.39382921295864,0.0,0,0.0,0.8171371587907114
2011-02-18,27.40016410610989,0.0,0,0.0,0.8143705126237835
2011-02-21,27.406500464221406,0.0,0,0.0,0.8392271021933055
2011-02-22,27.412838287631956,0.0,0,0.0,0.8595445525941471
2011-02-23,27.4191775766804,0.0,0,0.0,0.8828609771671367
2011-02-24,27.42551833170567,0.0,0,0.0,0.8264137397090697
2011-02-25,27.43186055304678,0.0,0,0.0,0.8518600524155314
2011-02-28,27.43820424104281,0.0,0,0.0,0.8778393502728953
2011-03-01,27.444549396032937,0.0,0,0.0,0.8170613635551878
2011-03-03,27.4508960183564,0.0,0,0.0,0.8408701265534512
2011-03-04,27.457244108352526,0.0,0,0.0,0.8672890159729112
2011-03-07,27.46359366636072,0.0,0,0.0,0.877293936914992
2011-03-08,27.46994469272046,0.0,0,0.0,0.8935999314277779
2011-03-09,27.476297187771312,0.0,0,0.0,0.9155769574216287
2011-03-10,27.48265115185291,0.0,0,0.0,0.9438246355710412
2011-03-11,27.48900658530497,0.0,0,0.0,0.9611325650914779
2011-03-14,27.49536348846729,0.0,0,0.0,0.9826898730247708
2011-03-15,27.501721861679748,0.0,0,0.0,0.9769590477233301
2011-03-16,27.50808170528229,0.0,0,0.0,0.9784174254566075
2011-03-17,27.51444301961495,0.0,0,0.0,1.0
2011-03-18,27.52080580501784,0.0,0,0.0,1.0
2011-03-21,27.527170061831146,0.0,0,0.0,1.0
2011-03-22,27.53353579039514,0.0,0,0.0,1.0
2011-03-23,27.53990299105016,0.0,0,0.0,1.0
2011-03-24,27.546271664136636,0.0,0,0.0,1.0
2011-03-25,27.552641809995073,0.0,0,0.0,1.0
2011-03-28,27.55901342896605,0.0,0,0.0,1.0
2011-03-29,27.56538652139023,0.0,0,0.0,1.0
2011-03-30,27.571761087608355,0.0,0,0.12796812491934464,1.0
2011-03-31,27.57284344421569,0.06398406245967234,15,0.1982191250483935,1.0
2011-04-01,27.608661779947877,0.09910956252419677,15,0.2708575300038716,1.0
2011-04-04,27.657509906379783,0.10049273146086743,15,0.35215834301200155,1.0
2011-04-05,27.66351149052261,0.1004799108548263,15,0.43317686153052015,1.0
2011-04-06,27.704175539128478,0.10159251088926038,15,0.5118805652342238,1.0
2011-04-07,27.725991523523106,0.2559402826171119,15,0.5910112131892451,1.0
2011-04-08,27.666563762888654,0.25416960752513373,15,0.6330883022745206,1.0
2011-04-11,27.617325441487502,0.25266710025116124,15,0.6321526976803794,1.0
2011-04-13,27.67592665350086,0.2540770517557022,15,0.6390971421248239,1.0
2011-04-15,27.69825154935756,0.25450591092366315,15,0.6324081255220142,1.0
2011-04-18,27.744928434230946,0.25558799101686286,15,0.5885788290975622,1.0
2011-04-19,27.75575568405183,0.25570629885718643,15,0.5682218688483319,1.0
2011-04-20,27.81335025698535,0.2570757837165075,15,0.6100481779160204,1.0
2011-04-21,27.767951689587942,0.2556890730188098,15,0.6195149722966079,1.0
2011-04-25,27.772792129979464,0.255646703029553,15,0.6228479079049283,1.0
2011-04-26,27.72821882879343,0.25427773970790685,15,0.6679021973691925,1.0
2011-04-27,27.708491853366812,0.25357425208408874,15,0.7159408185180767,1.0
2011-04-28,27.688291147308654,0.2528569391520392,15,0.7018922872281659,1.0
2011-04-29,27.629821628751184,0.25110270982926197,15,0.6743060803316141,1.0
2011-05-02,27.533255756824605,0.33715304016580705,15,0.6272949838037536,1.0
2011-05-03,27.453331862292625,0.33506958641719065,15,0.0,1.0
2011-05-04,27.381142825363607,0.0,0,0.0,1.0
2011-05-05,27.38747478475524,0.0,0,0.0,1.0
2011-05-06,27.3938082084287,0.0,0,0.0,1.0
2011-05-09,27.400143096722598,0.0,0,0.0,1.0
2011-05-10,27.406479449975638,0.0,0,0.0,1.0
2011-05-11,27.41281726852659,0.0,0,0.0,1.0
2011-05-12,27.419156552714316,0.0,0,0.0,1.0
2011-05-13,27.42549730287774,0.0,0,0.0,1.0
2011-05-16,27.431839519355876,0.0,0,0.0,1.0
2011-05-17,27.438183202487814,0.0,0,0.0,1.0
2011-05-18,27.444528352612718,0.0,0,0.0,1.0
2011-05-19,27.450874970069837,0.0,0,0.0,1.0
2011-05-20,27.457223055198494,0.0,0,0.0,1.0
2011-05-23,27.46357260833809,0.0,0,0.0,1.0
2011-05-24,27.46992362982811,0.0,0,0.0,1.0
2011-05-25,27.476276120008112,0.0,0,0.0,1.0
2011-05-26,27.482630079217735,0.0,0,0.0,1.0
2011-05-27,27.488985507796695,0.0,0,0.0,1.0
2011-05-30,27.495342406084788,0.0,0,0.0,1.0
2011-05-31,27.501700774421888,0.0,0,0.0,1.0
2011-06-01,27.508060613147947,0.0,0,0.0,1.0
2011-06-02,27.514421922603,0.0,0,0.0,1.0
2011-06-03,27.52078470312715,0.0,0,0.0,1.0
2011-06-06,27.52714895506059,0.0,0,0.0,1.0
2011-06-07,27.533514678743586,0.0,0,0.0,1.0
2011-06-08,27.539881874516485,0.0,0,0.0,1.0
2011-06-09,27.54625054271971,0.0,0,0.0,1.0
2011-06-10,27.552620683693767,0.0,0,0.0,1.0
2011-06-13,27.558992297779234,0.0,0,0.0,1.0
2011-06-14,27.565365385316774,0.0,0,0.0,1.0
2011-06-15,27.571739946647124,0.0,0,0.0,1.0
2011-06-16,27.578115982111107,0.0,0,0.0,1.0
2011-06-17,27.584493492049617,0.0,0,0.0,1.0
2011-06-20,27.590872476803632,0.0,0,0.0,1.0
2011-06-21,27.597252936714206,0.0,0,0.0,1.0
2011-06-22,27.60363487212247,0.0,0,0.0,1.0
2011-06-23,27.61001828336964,0.0,0,0.0,1.0
2011-06-24,27.616403170797007,0.0,0,0.0,1.0
2011-06-27,27.62278953474594,0.0,0,0.0,1.0
2011-06-28,27.62917737555789,0.0,0,0.0,1.0
2011-06-29,27.635566693574386,0.0,0,0.0,1.0
2011-06-30,27.64195748913703,0.0,0,0.0,1.0
2011-07-01,27.648349762587515,0.0,0,0.0,1.0
2011-07-04,27.654743514267604,0.0,0,0.0,1.0
2011-07-05,27.661138744519143,0.0,0,0.0,1.0
2011-07-06,27.66753545368405,0.0,0,0.0,1.0
2011-07-07,27.67393364210433,0.0,0,0.0,1.0
2011-07-08,27.68033331012207,0.0,0,0.0,1.0
2011-07-11,27.686734458079425,0.0,0,0.0,1.0
2011-07-12,27.693137086318636,0.0,0,0.0,1.0
2011-07-13,27.69954119518202,0.0,0,0.0,1.0
2011-07-14,27.70594678501198,0.0,0,0.0,1.0
2011-07-15,27.71235385615099,0.0,0,0.0,1.0
2011-07-18,27.718762408941608,0.0,0,0.0,1.0
2011-07-19,27.725172443726468,0.0,0,0.0,1.0
2011-07-20,27.731583960848283,0.0,0,0.0,1.0
2011-07-21,27.737996960649852,0.0,0,0.0,1.0
2011-07-22,27.744411443474046,0.0,0,0.0,1.0
2011-07-25,27.75082740966382,0.0,0,0.0,1.0
2011-07-26,27.757244859562203,0.0,0,0.0,1.0
2011-07-27,27.763663793512308,0.0,0,0.0,1.0
2011-07-28,27.770084211857327,0.0,0,0.0,1.0
2011-07-29,27.776506114940528,0.0,0,0.0,1.0
2011-08-01,27.78292950310526,0.0,0,0.0,1.0
2011-08-02,27.789354376694956,0.0,0,0.0,1.0
2011-08-03,27.795780736053118,0.0,0,0.0,1.0
2011-08-04,27.802208581523338,0.0,0,0.0,1.0
2011-08-05,27.80863791344928,0.0,0,0.0,1.0
2011-08-08,27.815068732174698,0.0,0,0.0,1.0
2011-08-09,27.82150103804341,0.0,0,0.0,1.0
2011-08-10,27.82793483139933,0.0,0,0.0,1.0
2011-08-11,27.834370112586434,0.0,0,0.0,1.0
2011-08-12,27.84080688194879,0.0,0,0.0,1.0
2011-08-16,27.847245139830545,0.0,0,0.0,1.0
2011-08-17,27.85368488657592,0.0,0,0.0,1.0
2011-08-18,27.86012612252922,0.0,0,0.0,1.0
2011-08-19,27.866568848034827,0.0,0,0.0,1.0
2011-08-22,27.873013063437206,0.0,0,0.0,1.0
2011-08-23,27.879458769080898,0.0,0,0.0,1.0
2011-08-24,27.885905965310524,0.0,0,0.0,1.0
2011-08-25,27.89235465247079,0.0,0,0.0,1.0
2011-08-26,27.89880483090647,0.0,0,0.0,1.0
2011-08-29,27.905256500962434,0.0,0,0.0,1.0
2011-08-30,27.91170966298362,0.0,0,0.0,1.0
2011-09-02,27.918164317315043,0.0,0,0.0,1.0
2011-09-05,27.92462046430181,0.0,0,0.0,1.0
2011-09-06,27.9310781042891,0.0,0,0.0,1.0
2011-09-07,27.937537237622173,0.0,0,0.0,1.0
2011-09-08,27.94399786464637,0.0,0,0.0,1.0
2011-09-09,27.95045998570711,0.0,0,0.0,1.0
2011-09-12,27.95692360114989,0.0,0,0.0,1.0
2011-09-13,27.96338871132029,0.0,0,0.0,1.0
2011-09-14,27.969855316563976,0.0,0,0.0,1.0
2011-09-15,27.97632341722668,0.0,0,0.0,1.0
2011-09-16,27.982793013654227,0.0,0,0.0,1.0
2011-09-19,27.989264106192515,0.0,0,0.0,1.0
2011-09-20,27.99573669518752,0.0,0,0.0,1.0
2011-09-21,28.002210780985305,0.0,0,0.0,1.0
2011-09-22,28.008686363932007,0.0,0,0.0,1.0
2011-09-23,28.01516344437385,0.0,0,0.0,1.0
2011-09-26,28.02164202265713,0.0,0,0.0,1.0
2011-09-27,28.028122099128225,0.0,0,0.0,1.0
2011-09-28,28.0346036741336,0.0,0,0.0,1.0
2011-09-29,28.04108674801979,0.0,0,0.0,1.0
2011-09-30,28.047571321133418,0.0,0,0.0,1.0
2011-10-03,28.054057393821182,0.0,0,0.0,1.0
2011-10-04,28.060544966429866,0.0,0,0.0,1.0
2011-10-05,28.06703403930633,0.0,0,0.0,1.0
2011-10-07,28.07352461279751,0.0,0,0.0,1.0
2011-10-10,28.080016687250428,0.0,0,0.0,1.0
2011-10-11,28.086510263012187,0.0,0,0.0,1.0
2011-10-12,28.09300534042997,0.0,0,0.0,1.0
2011-10-13,28.099501919851036,0.0,0,0.0,1.0
2011-10-14,28.106000001622732,0.0,0,0.0,1.0
2011-10-17,28.112499586092476,0.0,0,0.0,1.0
2011-10-18,28.119000673607772,0.0,0,0.0,1.0
2011-10-19,28.1255032645162,0.0,0,0.0,1.0
2011-10-20,28.132007359165428,0.0,0,0.0,1.0
2011-10-21,28.1385129579032,0.0,0,0.0,1.0
2011-10-24,28.145020061077336,0.0,0,0.0,1.0
2011-10-25,28.151528669035745,0.0,0,0.0,1.0
2011-10-28,28.15803878212641,0.0,0,0.0,1.0
2011-10-31,28.164550400697397,0.0,0,0.0,1.0
2011-11-01,28.17106352509685,0.0,0,0.0,1.0
2011-11-02,28.177578155673004,0.0,0,0.0,1.0
2011-11-03,28.18409429277416,0.0,0,0.0,1.0
2011-11-04,28.190611936748702,0.0,0,0.0,1.0
2011-11-08,28.197131087945102,0.0,0,0.0,1.0
2011-11-09,28.203651746711913,0.0,0,0.0,1.0
2011-11-11,28.21017391339776,0.0,0,0.0,1.0
2011-11-14,28.216697588351355,0.0,0,0.0,1.0
2011-11-15,28.223222771921485,0.0,0,0.0,1.0
2011-11-16,28.229749464457026,0.0,0,0.0,1.0
2011-11-17,28.23627766630693,0.0,0,0.0,1.0
2011-11-18,28.242807377820224,0.0,0,0.0,1.0
2011-11-21,28.24933859934603,0.0,0,0.0,1.0
2011-11-22,28.255871331233536,0.0,0,0.0,1.0
2011-11-23,28.26240557383202,0.0,0,0.0,1.0
2011-11-24,28.268941327490836,0.0,0,0.0,1.0
2011-11-25,28.27547859255942,0.0,0,0.0,1.0
2011-11-28,28.28201736938729,0.0,0,0.0,1.0
2011-11-29,28.288557658324045,0.0,0,0.0,1.0
2011-11-30,28.295099459719363,0.0,0,0.0,1.0
2011-12-01,28.301642773923007,0.0,0,0.0,1.0
2011-12-02,28.308187601284814,0.0,0,0.0,1.0
2011-12-05,28.31473394215471,0.0,0,0.0,1.0
2011-12-07,28.321281796882694,0.0,0,0.0,1.0
2011-12-08,28.32783116581885,0.0,0,0.0,1.0
2011-12-09,28.334382049313344,0.0,0,0.0,1.0
2011-12-12,28.34093444771642,0.0,0,0.0,1.0
2011-12-13,28.347488361378407,0.0,0,0.0,1.0
2011-12-14,28.35404379064971,0.0,0,0.0,1.0
2011-12-15,28.360600735880816,0.0,0,0.0,1.0
2011-12-16,28.367159197422296,0.0,0,0.0,1.0
2011-12-19,28.373719175624803,0.0,0,0.0,1.0
2011-12-20,28.380280670839067,0.0,0,0.0,1.0
2011-12-21,28.3868436834159,0.0,0,0.0,1.0
2011-12-22,28.3934082137062,0.0,0,0.0,1.0
2011-12-23,28.399974262060937,0.0,0,0.0,1.0
2011-12-26,28.40654182883117,0.0,0,0.0,1.0
2011-12-27,28.413110914368033,0.0,0,0.0,1.0
2011-12-28,28.41968151902275,0.0,0,0.0,1.0
2011-12-29,28.426253643146616,0.0,0,0.0,1.0
2011-12-30,28.432827287091015,0.0,0,0.0,1.0
2012-01-02,28.43940245120741,0.0,0,0.0,1.0
2012-01-03,28.445979135847345,0.0,0,0.0,1.0
2012-01-04,28.452557341362443,0.0,0,0.0,1.0
2012-01-05,28.45913706810441,0.0,0,0.0,1.0
2012-01-06,28.465718316425036,0.0,0,0.0,1.0
2012-01-09,28.472301086676186,0.0,0,0.0,1.0
2012-01-10,28.478885379209814,0.0,0,0.0,1.0
2012-01-11,28.48547119437795,0.0,0,0.0,1.0
2012-01-12,28.49205853253271,0.0,0,0.0,1.0
2012-01-13,28.498647394026282,0.0,0,0.0,1.0
2012-01-16,28.505237779210947,0.0,0,0.0,1.0
2012-01-17,28.51182968843906,0.0,0,0.0,1.0
2012-01-18,28.518423122063066,0.0,0,0.0,1.0
2012-01-19,28.52501808043548,0.0,0,0.0,1.0
2012-01-20,28.531614563908903,0.0,0,0.0,1.0
2012-01-23,28.53821257283602,0.0,0,0.0,1.0
2012-01-24,28.544812107569598,0.0,0,0.0,1.0
2012-01-25,28.55141316846248,0.0,0,0.0,1.0
2012-01-27,28.5580157558676,0.0,0,0.0,1.0
2012-01-30,28.564619870137964,0.0,0,0.0,1.0
2012-01-31,28.57122551162666,0.0,0,0.0,1.0
2012-02-01,28.577832680686868,0.0,0,0.0,1.0
2012-02-02,28.584441377671837,0.0,0,0.0,1.0
2012-02-03,28.591051602934908,0.0,0,0.479591836734694,1.0
2012-02-06,28.556517739142627,0.47959183673469397,15,0.6111111111111113,1.0
2012-02-07,28.30038462166673,0.47476043879638113,15,0.6882086167800454,1.0
2012-02-08,28.420545995633287,0.6882086167800454,15,0.779941581152235,1.0
2012-02-09,28.59036374829138,0.6899888850705238,15,0.8819823974787657,1.0
2012-02-10,28.57874357871578,0.8819823974787656,15,0.9668204004765748,1.0
2012-02-13,28.685473506799227,0.882394314778747,15,1.0,1.0
2012-02-14,28.749046228561717,0.8826272395737986,15,1.0,1.0
2012-02-15,29.208677690446905,0.8844475166095808,15,1.0,1.0
2012-02-16,29.137849229852048,0.8841398441690603,15,1.0,1.0
2012-02-17,28.984052186148947,0.8834981244228853,15,1.0,1.0
2012-02-21,29.194240818898557,0.884310151027337,15,1.0,1.0
2012-02-22,28.816494520121367,0.8827665051650281,15,1.0,1.0
2012-02-23,28.83076149976109,0.8827974213441692,15,1.0,1.0
2012-02-24,28.87430379101326,0.8829470996632856,15,1.0,1.0
2012-02-27,28.426352316261813,0.8810750475969713,15,1.0,1.0
2012-02-28,29.0516308586712,0.8836077607601579,15,1.0,1.0
2012-02-29,29.188764449358988,0.8841278009943925,15,1.0,1.0
2012-03-01,29.091768990080002,1.0,15,1.0,1.0
2012-03-02,28.97339046421008,1.0,15,1.0,1.0
2012-03-05,29.27733000759231,1.0,15,1.0,1.0
2012-03-06,29.090559831296485,1.0,15,1.0,1.0
2012-03-07,28.906946539816985,1.0,15,0.9960718294051624,1.0
2012-03-09,29.12331552809628,0.9999999999999999,15,0.989337822671156,1.0
2012-03-12,29.30430346886459,0.9999999999999998,15,1.0,1.0
2012-03-13,29.537419944868724,1.0,15,1.0,1.0
2012-03-14,29.383245614406427,0.9999999999999998,15,1.0,1.0
2012-03-15,29.145632869582343,0.9999999999999999,15,1.0,1.0
2012-03-16,29.032956798629492,0.9496485370144733,14,1.0,1.0
2012-03-19,28.997332957747794,0.9495750209606981,14,1.0,1.0
2012-03-20,28.954684359763235,0.8849574569386031,13,1.0,1.0
2012-03-21,29.277442276653154,0.8861993886682707,13,1.0,1.0
2012-03-22,29.13972066615884,0.8856350974447198,13,1.0,1.0
2012-03-23,29.192713144468488,0.8858163007557791,13,1.0,1.0
2012-03-26,29.25184167225166,0.8860207553178141,13,0.9915824915824917,1.0
2012-03-27,29.47392005191556,0.8868534001141862,13,0.9601571268237935,1.0
2012-03-28,29.180154568252213,0.8856878900523566,13,0.8860830527497198,1.0
2012-03-29,29.269777619314706,0.8860115557711006,13,0.8569023569023569,1.0
2012-03-30,29.780740802073584,0.8879414051258852,13,0.8648951982285316,1.0
2012-04-02,29.773298995483422,0.8648951982285316,15,0.9290881790881791,1.0
2012-04-03,29.792595013299703,0.8649514795835115,15,1.0,1.0
2012-04-04,29.68915244967697,0.8644496061348842,15,1.0,1.0
2012-04-09,29.823206881221598,0.8650276956655532,15,1.0,1.0
2012-04-10,29.88598350127012,0.865280062883957,15,1.0,1.0
2012-04-11,29.817707692842244,0.8649403590231692,15,1.0,1.0
2012-04-12,29.927038178730378,0.8654026447652455,15,1.0,1.0
2012-04-13,29.83482327831684,0.8649554026258296,15,1.0,1.0
2012-04-16,30.419386532660333,0.8675198983082748,15,1.0,1.0
2012-04-17,30.69219235911031,0.86866707619175,15,1.0,1.0
2012-04-18,30.909163005086267,0.8695588258142887,15,1.0,1.0
2012-04-19,30.822018691175547,0.8691597741755761,15,1.0,1.0
2012-04-20,30.97636685915571,0.8697816147933486,15,1.0,1.0
2012-04-23,30.669231160046778,0.8684471334600317,15,1.0,1.0
2012-04-24,30.66905162120876,0.8684159412247328,15,1.0,1.0
2012-04-25,30.783635430269015,0.8688754116310038,15,1.0,1.0
2012-04-26,30.563340963337854,0.8678997502877925,15,1.0,1.0
2012-04-27,30.710685944619982,0.868503144298306,15,0.9681575514908849,1.0
2012-04-30,30.917027805777167,0.8693505551597422,15,0.9668911335578003,1.0
2012-05-02,30.7006368651794,0.9668911335578003,15,0.9544249354092754,1.0
2012-05-03,30.377228658414655,0.9665309052109441,15,0.9330779834135541,1.0
2012-05-04,29.590880461136074,0.9656335518360565,15,0.9006056086593001,1.0
2012-05-07,29.730682264757835,0.9657872423208627,15,0.888282526984988,1.0
2012-05-08,29.458859294697923,0.9654635693584876,15,0.0,1.0
2012-05-09,29.172299338225887,0.0,0,0.0,1.0
2012-05-10,29.17904550714763,0.0,0,0.0,1.0
2012-05-11,29.18579323613821,0.0,0,0.0,1.0
2012-05-14,29.192542525558398,0.0,0,0.0,1.0
2012-05-15,29.199293375769045,0.0,0,0.0,1.0
2012-05-16,29.206045787131092,0.0,0,0.0,1.0
2012-05-17,29.212799760005556,0.0,0,0.0,1.0
2012-05-18,29.21955529475354,0.0,0,0.0,1.0
2012-05-21,29.226312391736236,0.0,0,0.0,1.0
2012-05-22,29.233071051314912,0.0,0,0.0,1.0
2012-05-23,29.23983127385092,0.0,0,0.0,1.0
2012-05-24,29.246593059705702,0.0,0,0.0,1.0
2012-05-25,29.253356409240777,0.0,0,0.0,1.0
2012-05-28,29.26012132281775,0.0,0,0.0,1.0
2012-05-29,29.266887800798308,0.0,0,0.0,1.0
2012-05-30,29.273655843544226,0.0,0,0.0,1.0
2012-05-31,29.28042545141736,0.0,0,0.0,1.0
2012-06-01,29.28719662477965,0.0,0,0.0,1.0
2012-06-04,29.293969363993117,0.0,0,0.0,1.0
2012-06-05,29.30074366941987,0.0,0,0.0,1.0
2012-06-06,29.3075195414221,0.0,0,0.0,1.0
2012-06-07,29.31429698036208,0.0,0,0.0,1.0
2012-06-08,29.32107598660217,0.0,0,0.0,1.0
2012-06-11,29.327856560504813,0.0,0,0.0,1.0
2012-06-12,29.33463870243253,0.0,0,0.0,1.0
2012-06-13,29.34142241274794,0.0,0,0.0,1.0
2012-06-14,29.348207691813727,0.0,0,0.0,1.0
2012-06-15,29.354994539992674,0.0,0,0.0,1.0
2012-06-18,29.36178295764764,0.0,0,0.0,1.0
2012-06-19,29.368572945141572,0.0,0,0.0,1.0
2012-06-20,29.3753645028375,0.0,0,0.0,1.0
2012-06-21,29.382157631098533,0.0,0,0.8780760626398209,1.0
2012-06-22,29.31153512364601,0.8780760626398207,15,0.9116331096196867,1.0
2012-06-25,29.515223376566652,0.8788894743569804,15,0.9653243847874717,1.0
2012-06-26,29.67418340021509,0.8795103876738927,15,1.0,1.0
2012-06-27,29.662693638072444,0.8794358420323658,15,1.0,1.0
2012-06-28,29.56421393420987,0.8790062638488323,15,1.0,1.0
2012-06-29,29.966930734607338,0.8806046591172223,15,1.0,1.0
2012-07-02,30.238166379497457,1.0,15,1.0,1.0
2012-07-03,30.31210249359924,1.0,15,1.0,1.0
2012-07-04,30.211365253075382,1.0,15,1.0,1.0
2012-07-05,30.24575248239182,0.9999999999999999,15,1.0,1.0
2012-07-06,30.239728187409906,0.9999999999999999,15,1.0,1.0
2012-07-09,30.240653818833056,0.9999999999999998,15,1.0,1.0
2012-07-10,30.2127180011103,0.9999999999999997,15,1.0,1.0
2012-07-11,30.29338703615951,0.9999999999999999,15,1.0,1.0
2012-07-12,30.174049037419035,1.0,15,1.0,1.0
2012-07-13,30.29488053121375,0.9999999999999999,15,1.0,1.0
2012-07-16,30.176594915109945,1.0,15,1.0,1.0
2012-07-17,29.88850523383523,1.0,15,1.0,1.0
2012-07-18,29.98595885973988,1.0,15,1.0,1.0
2012-07-19,30.071123734198576,0.9999999999999998,15,1.0,1.0
2012-07-20,30.21915367330587,0.9999999999999998,15,1.0,1.0
2012-07-23,29.93304746675616,0.9999999999999999,15,1.0,1.0
2012-07-24,30.098328136014274,1.0,15,1.0,1.0
2012-07-25,30.039171924701886,0.9999999999999998,15,1.0,1.0
2012-07-26,29.729073637711043,1.0,15,0.0,1.0
2012-07-27,29.59508540264296,0.0,0,0.0,1.0
2012-07-30,29.601929341924702,0.0,0,0.9803591470258138,1.0
2012-07-31,29.521693164074815,0.9803591470258137,15,0.9758698092031425,1.0
2012-08-01,29.716786942647047,0.9758698092031424,15,1.0,1.0
2012-08-02,29.929099509230763,0.9760354445929724,15,1.0,1.0
2012-08-03,29.837741591812968,0.9759565105057622,15,1.0,1.0
2012-08-06,29.951294395288482,0.976042126313352,15,1.0,1.0
2012-08-07,29.975526440287055,0.9760559578812333,15,1.0,1.0
2012-08-08,30.374209833991056,0.9763647762473298,15,1.0,1.0
2012-08-09,30.3849696526902,0.9763676820992079,15,1.0,1.0
2012-08-10,30.46521574047279,0.9764244795359438,15,1.0,1.0
2012-08-13,30.547619314676005,0.9764826383678291,15,1.0,1.0
2012-08-14,30.36536009538521,0.9763360111695976,15,1.0,1.0
2012-08-16,30.511769943186767,0.9764441160382292,15,1.0,1.0
2012-08-17,30.52896331991492,0.9764519380083285,15,1.0,1.0
2012-08-21,30.423804756305945,0.9290435192025336,14,1.0,1.0
2012-08-22,30.598762350288442,0.9294329191014178,14,1.0,1.0
2012-08-23,30.646732825348963,0.92952708250775,14,1.0,1.0
2012-08-24,30.718264631119848,0.9296749295293674,14,1.0,1.0
2012-08-27,30.513010344431045,0.9291854960510655,14,1.0,1.0
2012-08-28,30.16542377025579,0.9283529583364487,14,1.0,1.0
2012-08-29,30.33317287180309,0.9287327052632501,14,1.0,1.0
2012-08-30,30.49914093890686,0.9291041315243697,14,1.0,1.0
2012-08-31,30.534414469051324,0.9291696549252104,14,1.0,1.0
2012-09-03,30.654165776495937,1.0,15,1.0,1.0
2012-09-04,30.6510613596925,1.0,15,1.0,1.0
2012-09-05,30.670859059229606,1.0,15,1.0,1.0
2012-09-06,30.836850044383006,0.9999999999999999,15,1.0,1.0
2012-09-07,31.15001064171157,0.9999999999999999,15,1.0,1.0
2012-09-10,31.733381339223044,0.9999999999999999,15,1.0,1.0
2012-09-11,31.832094918033153,0.9999999999999998,15,1.0,1.0
2012-09-12,31.986780064033276,1.0,15,1.0,1.0
2012-09-13,32.031784563579606,1.0,15,1.0,1.0
2012-09-14,32.1693848177139,1.0,15,1.0,1.0
2012-09-17,31.960755690431004,1.0,15,1.0,1.0
2012-09-18,31.966123339958564,1.0000000000000002,15,1.0,1.0
2012-09-20,31.88297298555442,1.0000000000000002,15,1.0,1.0
2012-09-21,32.56636219568637,1.0000000000000002,15,1.0,1.0
2012-09-24,32.78560889147439,1.0000000000000002,15,1.0,1.0
2012-09-25,32.934498122108025,1.0000000000000002,15,1.0,1.0
2012-09-26,33.39632667836531,1.0000000000000002,15,1.0,1.0
2012-09-27,33.77463325510766,1.0000000000000002,15,1.0,1.0
2012-09-28,34.1187912025278,1.0000000000000002,15,1.0,1.0
2012-10-01,34.355054486133724,1.0,15,1.0,1.0
2012-10-03,34.15876542902424,1.0,15,1.0,1.0
2012-10-04,33.928745215586154,1.0,15,1.0,1.0
2012-10-05,33.432442796808246,1.0,15,1.0,1.0
2012-10-08,33.836707773117304,1.0,15,1.0,1.0
2012-10-09,33.65654187369529,0.9999999999999999,15,1.0,1.0
2012-10-10,33.163853834706835,0.9999999999999999,15,1.0,1.0
2012-10-11,33.73166694342264,1.0,15,1.0,1.0
2012-10-12,34.0837131101962,1.0,15,1.0,1.0
2012-10-15,34.33092368902763,1.0,15,1.0,1.0
2012-10-16,34.37040806638602,1.0000000000000002,15,1.0,1.0
2012-10-17,34.56804703133637,1.0000000000000002,15,1.0,1.0
2012-10-18,34.599870270995915,1.0000000000000002,15,1.0,1.0
2012-10-19,34.48318490720458,1.0,15,1.0,1.0
2012-10-22,34.84892252199631,1.0,15,1.0,1.0
2012-10-23,35.12153349650845,1.0,15,1.0,1.0
2012-10-25,35.20378986978722,1.0,15,1.0,1.0
2012-10-29,35.59678116542437,1.0,15,1.0,1.0
2012-10-30,36.18778716646156,1.0,15,1.0,1.0
2012-10-31,36.687575708192185,1.0,15,1.0,1.0
2012-11-01,37.137414780370435,1.0,15,1.0,1.0
2012-11-02,37.01632361926073,0.9999999999999999,15,1.0,1.0
2012-11-05,36.96626318038083,0.9999999999999998,15,1.0,1.0
2012-11-06,36.89207475341521,0.9999999999999999,15,1.0,1.0
2012-11-07,36.99786906527131,1.0,15,1.0,1.0
2012-11-08,37.1828347343213,1.0,15,1.0,1.0
2012-11-09,36.816142975748186,0.9999999999999999,15,1.0,1.0
2012-11-12,36.59355601374246,0.9999999999999998,15,1.0,1.0
2012-11-15,37.153126166298094,0.9511080928193532,14,1.0,1.0
2012-11-16,37.16717288722657,0.951115268604856,14,1.0,1.0
2012-11-19,36.88575864373343,0.9507309190704476,14,1.0,1.0
2012-11-20,36.57660383815753,0.9503029943012118,14,1.0,1.0
2012-11-21,36.60781276699605,0.9503338792796117,14,1.0,1.0
2012-11-22,37.02211783868823,0.9508783232732463,14,1.0,1.0
2012-11-23,36.95720967136206,0.9507806711157172,14,1.0,1.0
2012-11-26,37.75064989020611,0.9518040162684838,14,1.0,1.0
2012-11-27,38.159038875214044,0.9523087973548652,14,1.0,1.0
2012-11-29,38.197338417727984,0.9523455985096995,14,1.0,1.0
2012-11-30,38.48643646997104,0.9526926260206177,14,1.0,1.0
2012-12-03,38.888201824920635,1.0,15,1.0,1.0
2012-12-04,38.983648102745626,0.9999999999999998,15,1.0,1.0
2012-12-05,38.96973940291965,0.9999999999999998,15,1.0,1.0
2012-12-06,38.94716757863207,0.9999999999999998,15,1.0,1.0
2012-12-07,38.70296724454787,0.9999999999999999,15,1.0,1.0
2012-12-10,38.92236996547078,0.9999999999999999,15,1.0,1.0
2012-12-11,38.18626477643617,0.9999999999999999,15,1.0,1.0
2012-12-12,38.34785559254512,0.9999999999999999,15,1.0,1.0
2012-12-13,38.001197003614706,0.9999999999999999,15,1.0,1.0
2012-12-14,37.97183624204642,0.9999999999999999,15,1.0,1.0
2012-12-17,38.22842682254679,1.0,15,1.0,1.0
2012-12-18,38.595238582498006,1.0,15,1.0,1.0
2012-12-19,38.711443779997985,1.0,15,1.0,1.0
2012-12-20,38.300292169766955,0.9999999999999998,15,1.0,1.0
2012-12-21,37.54805358042313,1.0,15,1.0,1.0
2012-12-24,38.127173085084685,0.9999999999999999,15,1.0,1.0
2012-12-26,38.33137199137001,1.0,15,1.0,1.0
2012-12-27,38.19287321971932,1.0,15,1.0,1.0
2012-12-28,38.52632461142411,1.0,15,1.0,1.0
2012-12-31,38.53769458218519,1.0,15,1.0,1.0
2013-01-01,38.63264271200258,1.0,15,1.0,1.0
2013-01-02,39.017746505523895,1.0,15,1.0,1.0
2013-01-03,39.0789406067932,1.0,15,1.0,1.0
2013-01-04,39.13677725786706,1.0,15,1.0,1.0
2013-01-07,38.93500261741304,1.0000000000000002,15,1.0,1.0
2013-01-08,39.14311657864287,1.0,15,1.0,1.0
2013-01-09,38.96830536568415,1.0,15,1.0,1.0
2013-01-10,38.71826571791001,1.0,15,1.0,1.0
2013-01-11,38.617517801542654,1.0,15,1.0,1.0
2013-01-14,38.62951127063152,1.0000000000000002,15,1.0,1.0
2013-01-15,38.981635051560154,1.0,15,1.0,1.0
2013-01-16,38.95326376173606,1.0,15,1.0,1.0
2013-01-17,38.8339038222644,1.0,15,1.0,1.0
2013-01-18,38.74169160505386,1.0,15,1.0,1.0
2013-01-21,38.76396911550627,1.0,15,1.0,1.0
2013-01-22,38.715977213754336,1.0,15,1.0,1.0
2013-01-23,38.39509938916915,1.0,15,1.0,1.0
2013-01-24,37.72004303746666,1.0,15,1.0,1.0
2013-01-25,37.78680173213758,0.9411331223829092,14,1.0,1.0
2013-01-28,37.80207383366646,0.8845618750504618,13,1.0,1.0
2013-01-29,37.67012438551322,0.8841307340018767,13,1.0,1.0
2013-01-30,37.76218450236131,0.8843864809848166,13,1.0,1.0
2013-01-31,37.85580287504091,0.8846457263827014,13,1.0,1.0
2013-02-01,37.606404273292185,1.0,15,1.0,1.0
2013-02-04,37.60483028049858,1.0,15,1.0,1.0
2013-02-05,37.24577393171869,0.9999999999999998,15,1.0,1.0
2013-02-06,37.4929671971275,1.0,15,1.0,1.0
2013-02-07,36.97492062258987,1.0,15,1.0,1.0
2013-02-08,36.66818563389502,0.9999999999999999,15,1.0,1.0
2013-02-11,36.590658446085115,0.9999999999999999,15,1.0,1.0
2013-02-12,36.48323103191428,1.0,15,1.0,1.0
2013-02-13,36.54479756198356,0.9999999999999999,15,1.0,1.0
2013-02-14,35.9341035202449,0.9999999999999999,15,1.0,1.0
2013-02-15,36.05368420066548,0.9999999999999999,15,1.0,1.0
2013-02-18,36.15399602240614,0.9999999999999999,15,1.0,1.0
2013-02-19,36.47984523111467,0.9999999999999998,15,1.0,1.0
2013-02-20,36.344223306609955,0.9999999999999998,15,1.0,1.0
2013-02-21,35.88203072160765,0.9999999999999998,15,1.0,1.0
2013-02-22,36.2216129193841,0.9999999999999998,15,1.0,1.0
2013-02-25,35.67314869145676,0.9999999999999999,15,1.0,1.0
2013-02-26,34.83530285522195,0.9999999999999999,15,1.0,1.0
2013-02-27,35.22511345056747,0.9374217940473705,14,0.976152042737999,1.0
2013-02-28,34.51824417924036,0.9361255413679668,14,0.9002920942388251,1.0
2013-03-01,34.55636876789001,0.9002920942388252,15,0.835723894077405,1.0
2013-03-04,34.16819707291314,0.8402726212895701,14,0.7418079096045198,1.0
2013-03-05,34.46596024480284,0.7202336753910601,12,0.7146892655367231,1.0
2013-03-06,34.80406228814797,0.7228873809292305,12,0.6988700564971752,1.0
2013-03-07,35.03817186783052,0.7246752701545163,12,0.73954802259887,1.0
2013-03-08,35.35478944740941,0.7270778239894127,12,0.7824858757062146,1.0
2013-03-11,35.52677835415277,0.7283362608154653,12,0.854802259887006,1.0
2013-03-12,35.22789804880028,0.725968057134855,12,0.8887005649717515,1.0
2013-03-13,34.923874379528286,0.8887005649717514,12,0.881920903954802,1.0
2013-03-14,35.209058511372646,0.8895765313742224,12,0.8728813559322034,1.0
2013-03-15,35.00026729506234,0.8888921212117304,12,0.8322033898305083,1.0
2013-03-18,35.002727765183025,0.8888742392167086,12,0.7949839670178653,1.0
2013-03-19,34.61257387252133,0.8875956387724968,12,0.7330050389372424,1.0
2013-03-20,33.975850136155216,0.7330050389372424,12,0.6778821194075431,1.0
2013-03-21,33.72365609258737,0.7309461779796133,12,0.5911665903191328,1.0
2013-03-22,33.413308266053484,0.6688150236519566,11,0.5067567567567567,1.0
2013-03-25,33.40202576626875,0.2533783783783784,11,0.4256756756756759,1.0
2013-03-26,33.39035576378237,0.2529447139797914,11,0.38063063063063074,1.0
2013-03-28,33.50532275020945,0.2553359229674244,11,0.3693693693693696,1.0
2013-04-01,33.63339818558688,0.1846846846846848,15,0.3851351351351352,1.0
2013-04-02,33.725874312206656,0.1867322471741807,15,0.4414414414414415,1.0
2013-04-03,33.77664104109084,0.18776681155999503,15,0.47972972972972977,1.0
2013-04-04,33.72562950411417,0.1863501570912952,15,0.48198198198198217,1.0
2013-04-05,33.755839140859806,0.18689033914867734,15,0.4752252252252253,1.0
2013-04-08,33.7696215749369,0.18703423757098298,15,0.44819819819819834,1.0
2013-04-09,33.756092040263454,0.186520322888667,15,0.0,1.0
2013-04-10,33.70554547827594,0.0,0,0.0,1.0
2013-04-11,33.71333997197558,0.0,0,0.0,1.0
2013-04-12,33.72113626817185,0.0,0,0.0,1.0
2013-04-15,33.728934367281575,0.0,0,0.0,1.0
2013-04-16,33.736734269721694,0.0,0,0.0,1.0
2013-04-17,33.74453597590922,0.0,0,0.0,1.0
2013-04-18,33.752339486261285,0.0,0,0.4612415445748779,1.0
2013-04-22,33.73678742919533,0.23062077228743894,15,0.5165544332211001,1.0
2013-04-23,33.781007337893826,0.23145021466564036,15,0.5561167227833895,1.0
2013-04-25,33.81112442146599,0.23195722560299065,15,0.6032547699214368,1.0
2013-04-26,33.81114615969004,0.23178010765720447,15,0.6414141414141415,1.0
2013-04-29,33.91962033799508,0.23405977280202608,15,0.6638608305274972,1.0
2013-04-30,33.99900677847457,0.23567150323264893,15,0.670594837261504,1.0
2013-05-02,34.01771201658685,0.33529741863075196,15,0.6997755331088666,1.0
2013-05-03,34.058986995980796,0.33594942219291113,15,0.71324354657688,1.0
2013-05-06,34.42926556600628,0.3429392165057972,15,0.7514029180695846,1.0
2013-05-07,34.5384509040865,0.34486489582316343,15,0.7895622895622897,1.0
2013-05-08,34.63343980953853,0.3465106443765034,15,0.8367003367003366,1.0
2013-05-09,34.673689222245535,0.34711827281702157,15,0.8546576879910213,1.0
2013-05-10,34.72789276715463,0.3479865503948536,15,0.8748597081930416,1.0
2013-05-13,34.63461117653547,0.3460792930743753,15,0.8569023569023569,1.0
2013-05-14,34.715987137965584,0.3474612486302086,15,0.8277216610549945,1.0
2013-05-15,34.850003393138806,0.34982027605363497,15,0.8322109988776654,1.0
2013-05-16,34.8402710253573,0.34948825550902585,15,0.8658810325476994,1.0
2013-05-17,34.705449639253885,0.34681017453507756,15,0.8905723905723905,1.0
2013-05-20,34.7020206837186,0.34659456518315723,15,0.9264870931537597,1.0
2013-05-21,34.75584120442108,0.3474555164958626,15,0.9489337822671157,1.0
2013-05-22,34.75491046536085,0.3472871346826424,15,0.9287317620650958,1.0
2013-05-23,34.43031677287795,0.3409812839528693,15,0.8367003367003366,1.0
2013-05-24,34.51301728752601,0.3258397909390853,14,0.7558922558922561,1.0
2013-05-27,34.63943348784626,0.32814479828506976,14,0.702020202020202,1.0
2013-05-28,34.75269890768596,0.3301796357522913,14,0.6683501683501687,1.0
2013-05-29,34.7481321349443,0.32993668658919806,14,0.6469499802833136,1.0
2013-05-30,34.69751902139505,0.3288040883869728,14,0.6726650893317561,1.0
2013-05-31,34.58374847818344,0.3264403213198479,14,0.6623593290259957,1.0
2013-06-03,34.57413977071896,0.33117966451299785,15,0.6363560530227196,1.0
2013-06-04,34.62883813297837,0.33208168492212536,15,0.6126126126126128,1.0
2013-06-05,34.69833147846013,0.3332652341477926,15,0.5788288288288289,1.0
2013-06-06,34.78170549894177,0.3347096264090088,15,0.5540540540540541,1.0
2013-06-07,34.76943992887563,0.33432102841392797,15,0.5540540540540541,1.0
2013-06-10,34.73953573915687,0.333593931861052,15,0.5337837837837838,1.0
2013-06-11,34.492889437194236,0.3286734905972081,15,0.49774774774774777,1.0
2013-06-12,34.38423960231424,0.32639644746550883,15,0.454954954954955,1.0
2013-06-13,34.21978166027652,0.32300263345143126,15,0.0,1.0
2013-06-14,34.26887607578637,0.0,0,0.0,1.0
2013-06-17,34.27680084112918,0.0,0,0.33108108108108114,1.0
2013-06-18,34.267700902156605,0.16554054054054057,15,0.3265765765765767,1.0
2013-06-19,34.34130024356822,0.16713637405972048,15,0.3400900900900903,1.0
2013-06-20,34.290303510363785,0.16570484628279444,15,0.0,1.0
2013-06-21,34.26292938767354,0.0,0,0.0,1.0
2013-06-24,34.27085277782949,0.0,0,0.0,1.0
2013-06-25,34.278778000289705,0.0,0,0.0,1.0
2013-06-26,34.28670505547791,0.0,0,0.0,1.0
2013-06-27,34.29463394381792,0.0,0,0.0,1.0
2013-06-28,34.30256466573366,0.0,0,0.1599099099099101,1.0
2013-07-01,34.30226733886964,0.07995495495495505,15,0.20720720720720748,1.0
2013-07-02,34.33706449211272,0.08067478069673138,15,0.2545045045045046,1.0
2013-07-03,34.34242726986142,0.08060577577771558,15,0.2747747747747749,1.0
2013-07-04,34.38947657804061,0.08165130610852145,15,0.2995495495495496,1.0
2013-07-05,34.41645708722481,0.08215903429902618,15,0.3085585585585587,1.0
2013-07-08,34.466426153025516,0.08327776522401475,15,0.29729729729729737,1.0
2013-07-09,34.53032156681523,0.0847624794142342,15,0.31306306306306314,1.0
2013-07-10,34.53950117918612,0.08479412862283484,15,0.3423423423423423,1.0
2013-07-11,34.55841010490241,0.0850833633398568,15,0.3581081081081083,1.0
2013-07-12,34.580574788059785,0.0854583449329906,15,0.37162162162162166,1.0
2013-07-15,34.603752282395924,0.08585955387451999,15,0.38963963963963966,1.0
2013-07-16,34.601076211703734,0.0855774399641067,15,0.3851351351351352,1.0
2013-07-17,34.60400266521933,0.08544332782013109,15,0.3783783783783785,1.0
2013-07-18,34.66959858256044,0.08696260297433717,15,0.3761261261261263,1.0
2013-07-19,34.66616821587371,0.0866610908610817,15,0.37387387387387405,1.0
2013-07-22,34.68526022554343,0.08695272961003933,15,0.3671171171171172,1.0
2013-07-23,34.723940180178104,0.08775888882632892,15,0.36261261261261274,1.0
2013-07-24,34.68823964064998,0.08660885075983682,15,0.36261261261261274,1.0
2013-07-25,34.64798075998999,0.08533607542063754,15,0.3513513513513514,1.0
2013-07-26,34.596262887382196,0.08375691188252243,15,0.33108108108108114,1.0
2013-07-29,34.618325588105165,0.08412909677217861,15,0.28828828828828845,1.0
2013-07-30,34.54996562982172,0.08210475405619533,15,0.23034814475492435,1.0
2013-07-31,34.47062292647902,0.07859430669352396,14,0.19045655825316862,1.0
2013-08-01,34.41908737798712,0.0952282791265843,15,0.14828981523896795,1.0
2013-08-02,34.35615747288931,0.09336140181399205,15,0.09933577645442077,1.0
2013-08-05,34.37311002842668,0.0,0,0.0864406779661018,1.0
2013-08-06,34.38105889813794,0.0,0,0.0,0.9958488849466418
2013-08-07,34.38900960604567,0.0,0,0.0,1.0
2013-08-08,34.396962152574964,0.0,0,0.0,0.9964113588630873
2013-08-12,34.40491653815101,0.0,0,0.0,0.9829371886350695
2013-08-13,34.41287276319908,0.0,0,0.0,0.987808919743364
2013-08-14,34.420830828144574,0.0,0,0.0,1.0
2013-08-16,34.42879073341296,0.0,0,0.0,0.9036900110862861
2013-08-19,34.43675247942983,0.0,0,0.0,0.9137457736396597
2013-08-20,34.44471606662085,0.0,0,0.0,0.941361156321663
2013-08-21,34.452681495411795,0.0,0,0.0,0.9500497402836143
2013-08-22,34.46064876622855,0.0,0,0.0,0.9610667183147443
2013-08-23,34.46861787949708,0.0,0,0.0,0.9732422770782491
2013-08-26,34.47658883564346,0.0,0,0.0,0.9994192443143652
2013-08-27,34.48456163509386,0.0,0,0.0,0.9448713773621552
2013-08-28,34.49253627827455,0.0,0,0.0,0.9644527683409856
2013-08-29,34.500512765611894,0.0,0,0.0,0.966621029637113
2013-08-30,34.50849109753236,0.0,0,0.0,0.9939129619484364
2013-09-02,34.51647127446251,0.0,0,0.0,0.9961832979596265
2013-09-03,34.52445329682901,0.0,0,0.0,0.9610351903299869
2013-09-04,34.532437165058624,0.0,0,0.0,0.973772795406873
2013-09-05,34.54042287957821,0.0,0,0.0,0.94653055058275
2013-09-06,34.54841044081473,0.0,0,0.0,0.9613105260148508
2013-09-10,34.55639984919523,0.0,0,0.1067796610169493,0.9367376622941987
2013-09-11,34.559205174682184,0.050012265020792035,15,0.17683615819209036,0.9329103563066545
2013-09-12,34.56053873196674,0.04982924274733174,15,0.2152542372881357,0.9603292983984659
2013-09-13,34.56692278662694,0.04978503791278811,15,0.2446327683615821,0.9781634225484716
2013-09-16,34.55912735979481,0.04935091079108182,15,0.24915254237288165,1.0
2013-09-17,34.588917197620155,0.04995001027343495,15,0.2446327683615821,1.0
2013-09-18,34.59311152951008,0.049845526703845004,15,0.2310734463276838,1.0
2013-09-19,34.61486550869479,0.05022307104367042,15,0.2748875821515047,1.0
2013-09-20,34.61207971475758,0.049926971105963225,15,0.293789154079711,1.0
2013-09-23,34.622375080744334,0.047445685944223714,14,0.3239594142741843,1.0
2013-09-24,34.62804394579055,0.047381381516732074,14,0.35188516084399873,1.0
2013-09-25,34.63135743253769,0.04725225250648146,14,0.37981859410430857,1.0
2013-09-26,34.63532815418268,0.04714117892162856,14,0.370748299319728,1.0
2013-09-27,34.65343768559105,0.047418897287583466,14,0.37981859410430857,1.0
2013-09-30,34.6611258917855,0.04740995194549663,14,0.38888888888888895,1.0
2013-10-01,34.673284278078704,0.19444444444444448,15,0.40249433106575966,1.0
2013-10-03,34.82718905683581,0.19781881022258307,15,0.44104308390022673,1.0
2013-10-04,34.903328872582556,0.19938362542492885,15,0.48866213151927457,1.0
2013-10-07,34.944673609186026,0.20014594791865695,15,0.5272108843537414,1.0
2013-10-08,34.93903209259901,0.19983179935657064,15,0.5702947845804991,1.0
2013-10-09,35.05186870308613,0.20222320156004453,15,0.6247165532879818,1.0
2013-10-10,35.18313019108521,0.20501575363003266,15,0.6531496214304934,1.0
2013-10-11,35.23699281763929,0.20604739097001637,15,0.6657019870094929,1.0
2013-10-14,35.34328447814776,0.20825207863602566,15,0.686263364713728,1.0
2013-10-15,35.33508495279208,0.2078852168863582,15,0.7080687198524167,1.0
2013-10-17,35.29565607730971,0.20681696005983125,15,0.7017225572262922,1.0
2013-10-18,35.38846193351351,0.20871412937059597,15,0.7142884389993178,1.0
2013-10-21,35.46509592661769,0.2102413710195196,15,0.7469657984199373,1.0
2013-10-22,35.47076671515861,0.7469657984199372,15,0.7851482761997304,1.0
2013-10-23,35.46104736946133,0.7468379146633968,15,0.8355704697986579,1.0
2013-10-24,34.9120013547628,0.7427970784580155,15,0.8847874720357942,1.0
2013-10-25,34.98399546862003,0.7432670239590118,15,0.895973154362416,1.0
2013-10-28,35.01206489868336,0.8959731543624161,15,0.8758389261744969,1.0
2013-10-29,35.37566511356782,0.8970185599106908,15,0.8914988814317676,1.0
2013-10-30,35.763466510395,0.8981116833829984,15,0.9026845637583893,1.0
2013-10-31,36.26329753672938,0.8994928122054315,15,0.9362416107382553,1.0
2013-11-01,36.24942076429471,0.9362416107382552,15,1.0,1.0
2013-11-05,36.674890673996885,0.9369667063999714,15,1.0,1.0
2013-11-06,36.70439020378235,0.9370028017257985,15,1.0,1.0
2013-11-07,36.234404893322676,0.9361709272379277,15,1.0,1.0
2013-11-08,36.330231266823894,0.936324564181376,15,1.0,1.0
2013-11-11,36.48557759793726,0.936581015617493,15,1.0,1.0
2013-11-12,36.750172134784094,0.9370230605272176,15,1.0,1.0
2013-11-13,36.29667308434065,0.9362214665023205,15,1.0,1.0
2013-11-14,36.928685125241046,0.9372985008781642,15,1.0,1.0
2013-11-18,37.17252512787561,0.9376953981046819,15,1.0,1.0
2013-11-19,37.26536019047044,0.9378362384501948,15,1.0,1.0
2013-11-20,37.691118421814714,0.9385242260979327,15,1.0,1.0
2013-11-21,37.35319389436507,0.9379537258869637,15,1.0,1.0
2013-11-22,37.44921591286553,0.938098504656937,15,1.0,1.0
2013-11-25,38.39987437778781,0.9396170278416659,15,1.0,1.0
2013-11-26,38.330453230097234,0.9394936778730181,15,1.0,1.0
2013-11-27,38.173858116297986,0.9392314218719792,15,1.0,1.0
2013-11-28,38.693135718641116,0.9400330965868812,15,1.0,1.0
2013-11-29,38.753438455445675,0.9401125628602728,15,1.0,1.0
2013-12-02,38.77377769206269,1.0,15,1.0,1.0
2013-12-03,38.92231761276549,1.0000000000000002,15,1.0,1.0
2013-12-04,38.84634224006694,1.0,15,1.0,1.0
2013-12-05,38.75139609895234,1.0000000000000002,15,1.0,1.0
2013-12-06,38.79363064888686,1.0,15,1.0,1.0
2013-12-09,38.585469186359866,1.0000000000000002,15,1.0,1.0
2013-12-10,38.909873229750076,1.0000000000000002,15,1.0,1.0
2013-12-11,38.51564735780102,1.0000000000000002,15,1.0,1.0
2013-12-12,38.47657788799998,1.0,15,1.0,1.0
2013-12-13,38.42527075649253,1.0000000000000002,15,1.0,1.0
2013-12-16,39.12611759432024,1.0000000000000002,15,1.0,1.0
2013-12-17,39.404652435516915,1.0000000000000002,15,1.0,1.0
2013-12-18,39.946949257857185,1.0000000000000002,15,1.0,1.0
2013-12-19,40.853028519791415,1.0000000000000002,15,1.0,1.0
2013-12-20,41.71081773344563,1.0000000000000004,15,1.0,1.0
2013-12-23,42.118048920397314,1.0000000000000002,15,1.0,1.0
2013-12-24,42.590795274624945,1.0000000000000002,15,1.0,1.0
2013-12-26,43.01336768334159,1.0000000000000002,15,1.0,1.0
2013-12-27,43.393621850989945,1.0000000000000004,15,1.0,1.0
2013-12-30,43.13623116179656,1.0000000000000002,15,1.0,1.0
2013-12-31,43.12041336088948,1.0000000000000002,15,1.0,1.0
2014-01-01,43.33271726065539,1.0,15,1.0,1.0
2014-01-02,42.94474346781706,1.0,15,1.0,1.0
2014-01-03,43.21357007773495,1.0,15,1.0,1.0
2014-01-06,43.40064788909545,1.0,15,1.0,1.0
2014-01-07,43.40943833198321,0.9999999999999999,15,1.0,1.0
2014-01-08,43.47786210657664,1.0,15,1.0,1.0
2014-01-09,43.35119594023075,1.0000000000000002,15,1.0,1.0
2014-01-10,42.78732702092077,1.0,15,1.0,1.0
2014-01-13,42.68796624378771,1.0,15,1.0,1.0
2014-01-14,42.65547637859063,1.0,15,1.0,1.0
2014-01-15,42.778261022634105,0.9999999999999999,15,1.0,1.0
2014-01-16,43.09423433059998,1.0,15,1.0,1.0
2014-01-17,42.46729839043262,0.9999999999999998,15,1.0,1.0
2014-01-20,42.741900561079106,0.9999999999999999,15,1.0,1.0
2014-01-21,43.20307039394345,1.0,15,1.0,1.0
2014-01-22,43.15810634223995,1.0,15,1.0,1.0
2014-01-23,43.33642177883929,0.9999999999999998,15,1.0,1.0
2014-01-24,42.715571281307504,0.9999999999999999,15,1.0,1.0
2014-01-27,41.54622698546165,0.9999999999999999,15,1.0,1.0
2014-01-28,41.98192261469715,0.9999999999999998,15,1.0,1.0
2014-01-29,41.8859585537952,0.9999999999999999,15,1.0,1.0
2014-01-30,41.511259447849206,0.9999999999999998,15,1.0,1.0
2014-01-31,41.67602130626016,0.9999999999999999,15,1.0,1.0
2014-02-03,41.57837867150525,1.0,15,1.0,1.0
2014-02-04,41.83578278678018,1.0,15,1.0,1.0
2014-02-05,42.26223704291711,1.0,15,1.0,1.0
2014-02-06,42.34103786885835,0.9999999999999998,15,1.0,1.0
2014-02-07,42.27413924708978,0.9999999999999998,15,1.0,1.0
2014-02-10,42.52084516745929,0.9999999999999998,15,1.0,1.0
2014-02-11,42.43192285931228,0.9999999999999997,15,1.0,1.0
2014-02-12,42.322253018202176,0.9999999999999996,15,1.0,1.0
2014-02-13,41.87035591514213,0.9999999999999998,15,1.0,1.0
2014-02-14,42.018792588838046,0.9999999999999998,15,1.0,1.0
2014-02-17,42.26250599037994,0.9999999999999998,15,1.0,1.0
2014-02-18,42.45172686499458,0.9999999999999998,15,1.0,1.0
2014-02-19,42.61381301276689,0.9999999999999997,15,1.0,1.0
2014-02-20,42.38668742524519,0.9999999999999997,15,1.0,1.0
2014-02-21,43.02615173978635,0.9999999999999999,15,1.0,1.0
2014-02-24,43.69362546777875,0.9999999999999998,15,1.0,1.0
2014-02-25,44.24097594539936,0.9999999999999998,15,1.0,1.0
2014-02-26,44.4555618063772,0.9999999999999998,15,1.0,1.0
2014-02-28,44.45970726181509,0.9999999999999997,15,1.0,1.0
2014-03-03,44.571144070532775,1.0,15,1.0,1.0
2014-03-04,44.57810714286902,1.0,15,1.0,1.0
2014-03-05,44.943148189211136,1.0,15,1.0,1.0
2014-03-06,45.310861347680984,0.9375619123547516,14,1.0,1.0
2014-03-07,44.341731976496895,0.9361825159272245,14,1.0,1.0
2014-03-10,44.03105547357645,0.9357173672744623,14,1.0,1.0
2014-03-11,44.10001877107863,0.9358030497241236,14,1.0,1.0
2014-03-12,44.52700138122084,0.9364039499534317,14,1.0,1.0
2014-03-13,44.39748698670949,0.9362036807046452,14,1.0,1.0
2014-03-14,44.07950899079375,0.9357286113328971,14,1.0,1.0
2014-03-18,44.2052101395893,0.9358965516505575,14,1.0,1.0
2014-03-19,44.61931587359656,0.9364768004320995,14,1.0,1.0
2014-03-20,44.72579480403117,0.9366133755107996,14,1.0,1.0
2014-03-21,45.65093801881343,0.9378835816246911,14,1.0,1.0
2014-03-24,45.81243045495692,0.9380882329616043,14,1.0,1.0
2014-03-25,46.630023766752096,0.939159704395298,14,1.0,1.0
2014-03-26,46.12531611556513,0.9384797605976763,14,1.0,1.0
2014-03-27,46.28665955194365,0.8790609045475111,13,1.0,1.0
2014-03-28,46.429557663154675,0.8794052422517489,13,1.0,1.0
2014-03-31,46.54512264290959,0.8796768434344588,13,1.0,1.0
2014-04-01,47.026827494074944,1.0,15,1.0,1.0
2014-04-02,47.79756420451593,1.0,15,1.0,1.0
2014-04-03,48.049287197075664,1.0,15,1.0,1.0
2014-04-04,48.39424293993396,1.0,15,1.0,1.0
2014-04-07,48.68263867458455,0.9999999999999998,15,1.0,1.0
2014-04-09,49.29860993139204,1.0,15,1.0,1.0
2014-04-10,48.841459954795695,0.9999999999999999,15,1.0,1.0
2014-04-11,48.94436190212932,1.0,15,1.0,1.0
2014-04-15,48.23624006101509,1.0,15,1.0,1.0
2014-04-16,48.15873709243827,0.9999999999999999,15,1.0,1.0
2014-04-17,49.196998135891505,0.9999999999999998,15,1.0,1.0
2014-04-21,50.35982481182332,0.9999999999999998,15,1.0,1.0
2014-04-22,50.669468924342105,0.9999999999999998,15,1.0,1.0
2014-04-23,50.620246118277805,0.9999999999999998,15,1.0,1.0
2014-04-24,50.620246118277805,0.9999999999999998,15,1.0,1.0
2014-04-25,50.61160655436789,0.9999999999999998,15,1.0,1.0
2014-04-28,50.87785185348809,1.0,15,1.0,1.0
2014-04-29,51.039624595276976,1.0,15,1.0,1.0
2014-04-30,50.42444112895487,1.0,15,1.0,1.0
2014-05-02,50.8045345390419,1.0,15,1.0,1.0
2014-05-05,51.00448830051279,1.0,15,1.0,1.0
2014-05-06,51.013491793785235,0.9999999999999999,15,1.0,1.0
2014-05-07,50.521776933203675,1.0,15,1.0,1.0
2014-05-08,50.800229440637075,0.9999999999999998,15,1.0,1.0
2014-05-09,50.757255436654205,0.9999999999999999,15,1.0,1.0
2014-05-12,50.774046047084774,0.9999999999999999,15,1.0,1.0
2014-05-13,51.35850128789428,0.9999999999999999,15,1.0,1.0
2014-05-14,51.554803062880374,0.9999999999999999,15,1.0,1.0
2014-05-15,51.81121813897952,0.9999999999999998,15,1.0,1.0
2014-05-16,51.99378421432336,0.9999999999999998,15,1.0,1.0
2014-05-19,51.873109015977235,1.0,15,1.0,1.0
2014-05-20,52.305554468491046,1.0,15,1.0,1.0
2014-05-21,53.03132746626933,1.0,15,1.0,1.0
2014-05-22,54.17359710402828,1.0,15,1.0,1.0
2014-05-23,53.6675871355483,1.0,15,1.0,1.0
2014-05-26,52.6500035253862,1.0,15,1.0,1.0
2014-05-27,53.08142894530488,1.0,15,1.0,1.0
2014-05-28,53.54864866821838,1.0,15,1.0,1.0
2014-05-29,52.50675552031236,1.0,15,1.0,1.0
2014-05-30,52.88613976793365,1.0,15,1.0,1.0
2014-06-02,53.19106062522575,1.0,15,1.0,1.0
2014-06-03,53.619839456354036,1.0,15,1.0,1.0
2014-06-04,55.22316558522625,1.0,15,1.0,1.0
2014-06-05,55.39343524671528,1.0,15,1.0,1.0
2014-06-06,56.37387120515464,1.0,15,1.0,1.0
2014-06-09,57.20399926793911,0.9999999999999999,15,1.0,1.0
2014-06-10,57.633132150049775,0.9999999999999999,15,1.0,1.0
2014-06-11,57.086585728837086,1.0,15,1.0,1.0
2014-06-12,57.06308931645936,1.0,15,1.0,1.0
2014-06-13,56.000684467941156,0.9999999999999999,15,1.0,1.0
2014-06-16,56.41886680853084,0.9999999999999999,15,1.0,1.0
2014-06-17,57.48124772475099,1.0,15,1.0,1.0
2014-06-18,58.073340086275714,1.0,15,1.0,1.0
2014-06-19,57.98354332119025,1.0,15,1.0,1.0
2014-06-20,58.669103821268024,1.0,15,1.0,1.0
2014-06-23,60.02010380817562,1.0,15,1.0,1.0
2014-06-24,62.16019851042507,1.0,15,1.0,0.9569100974705342
2014-06-25,62.0291080755179,0.9999999999999999,15,1.0,0.9867580020707251
2014-06-26,61.392588646970374,1.0,15,1.0,1.0
2014-06-27,62.297303839381065,1.0,15,1.0,1.0
2014-06-30,64.20192219855078,1.0,15,1.0,0.923104107886122
2014-07-01,64.79339605004539,0.923104107886122,15,1.0,0.9354246649851174
2014-07-02,65.7339787715842,0.9241868776886045,15,1.0,0.935224433992803
2014-07-03,65.78009163746356,0.9242225041763357,15,1.0,0.9643612871840317
2014-07-04,66.33397192589376,0.9248378592777806,15,1.0,0.9833365937036991
2014-07-07,67.38499774176502,0.9259930773989714,15,1.0,0.9718055587526996
2014-07-08,63.87330863348816,0.9219061973541307,15,1.0,0.7664507235622684
2014-07-09,61.940907915017696,0.7664507235622684,15,1.0,0.7429765791974497
2014-07-10,62.42656997725328,0.7165393686437873,14,1.0,0.7598855046469607
2014-07-11,61.07561653662785,0.7102024004549872,14,1.0,0.7378296647015636
2014-07-14,60.67279796597358,0.7082109161476196,14,1.0,0.7570638007820415
2014-07-15,62.25049114968047,0.7155403303178369,14,1.0,0.7083256012717664
2014-07-16,63.557918781754104,0.7213274214610449,14,1.0,0.6916971597623042
2014-07-17,64.4545382760899,0.7251404556176304,14,1.0,0.696227970397772
2014-07-18,64.80339779920709,0.72655690159182,14,1.0,0.7153814135425768
2014-07-21,65.79624083175457,0.7306207852820251,14,1.0,0.7146364027240208
2014-07-22,65.49872682756788,0.7293346100297202,14,1.0,0.7354777918672929
2014-07-23,64.75380693705043,0.7261575963076039,14,1.0,0.7476673930145609
2014-07-24,64.80413920451728,0.7263070074505382,14,1.0,0.7710240992761778
2014-07-25,63.944256095919386,0.722562408752538,14,1.0,0.7775171089752032
2014-07-28,63.45309421624706,0.7203502342962104,14,1.0,0.7952967908429933
2014-07-30,63.27802218637503,0.6769430647733792,13,1.0,0.8196507763181624
2014-07-31,63.813204130219376,0.6365110208925253,12,1.0,0.8326117709367649
2014-08-01,63.276085911641175,0.8326117709367649,15,1.0,0.849123993051472
2014-08-04,63.18024337084461,0.8323190803194277,15,1.0,0.8755495789003047
2014-08-05,63.8993232796529,0.8341677080777249,15,1.0,0.8850479946828412
2014-08-06,63.40181684811045,0.7927020850193095,14,1.0,0.9056045326601303
2014-08-07,62.942750453745646,0.7911418914626619,14,1.0,0.9262868238634936
2014-08-08,62.024417894503344,0.739510687749202,13,1.0,0.9243295678353343
2014-08-11,62.570082564717204,0.8532272933864624,12,1.0,0.9346856009269507
2014-08-12,63.14351439488164,0.8545265624575799,12,1.0,0.9482264191186809
2014-08-13,61.980604342582225,0.8517628472232517,12,1.0,0.9322570714153098
2014-08-14,61.87812010370238,0.8514829957899562,12,1.0,0.9612465949784548
2014-08-18,63.02246177006243,0.8541459986495381,12,1.0,0.9370178732432359
2014-08-19,63.70741345942283,0.8556807847550878,12,1.0,0.947720988960796
2014-08-20,64.23470075091724,0.8568323664399681,12,1.0,0.9657090147000631
2014-08-21,64.12813996812133,0.8565613040016107,12,1.0,0.9956708340202324
2014-08-22,64.35254539713281,0.8570284379004169,12,1.0,1.0
2014-08-25,64.40603621637537,0.8571141442676107,12,1.0,1.0
2014-08-26,64.46324593457115,0.8572079389382143,12,1.0,1.0
2014-08-27,64.84741030618434,0.8580210320038864,12,1.0,1.0
2014-08-28,65.41206522075683,0.859214083878415,12,1.0,1.0
2014-09-01,66.51942291088369,1.0,15,1.0,1.0
2014-09-02,67.27432795562056,0.9999999999999998,15,1.0,1.0
2014-09-03,68.10769360235028,0.9999999999999999,15,1.0,1.0
2014-09-04,68.61179749951586,0.9999999999999999,15,1.0,1.0
2014-09-05,69.95561302581478,0.9999999999999998,15,1.0,1.0
2014-09-08,71.48979056001477,0.9999999999999999,15,1.0,1.0
2014-09-09,72.23660080453654,0.9999999999999998,15,1.0,1.0
2014-09-10,71.71449473720456,0.9999999999999998,15,1.0,1.0
2014-09-11,72.90498343068315,0.9999999999999998,15,1.0,1.0
2014-09-12,72.76063402454965,0.9999999999999998,15,1.0,1.0
2014-09-15,72.75172718970873,0.9999999999999996,15,1.0,1.0
2014-09-16,70.02154690200535,0.9999999999999996,15,1.0,0.9642514173462764
2014-09-17,70.53535020573393,0.9999999999999996,15,1.0,0.9877611025271821
2014-09-18,72.30284049868249,0.9999999999999996,15,1.0,0.9444544677655543
2014-09-19,72.90954249031351,0.9999999999999996,15,1.0,0.9606535939341039
2014-09-22,73.1064717089482,0.9999999999999993,15,1.0,0.9891668344232543
2014-09-23,71.73396186035625,0.9999999999999993,15,1.0,0.9796145567888305
2014-09-24,70.49494727971623,0.9999999999999993,15,1.0,0.977341712081649
2014-09-25,69.99232637531414,0.9999999999999992,15,1.0,1.0
2014-09-26,70.25247182238947,0.9999999999999992,15,1.0,1.0
2014-09-29,72.32842232532967,0.9999999999999992,15,1.0,0.9527703248232466
2014-09-30,73.78918102587177,0.9999999999999992,15,1.0,0.9359691194592411
2014-10-01,73.45026456165184,0.935969119459241,15,1.0,0.964451722401547
2014-10-07,73.61978966641986,0.9361017908686593,15,1.0,0.9932298892895769
2014-10-08,73.118082686209,0.9356484689500202,15,1.0,1.0
2014-10-09,73.94012851295447,0.9363491954030496,15,1.0,1.0
2014-10-10,72.9424735544432,0.9354637045106575,15,1.0,1.0
2014-10-13,73.040396967615,0.9355353225149181,15,1.0,1.0
2014-10-14,72.72879266136255,0.9352441540664908,15,1.0,1.0
2014-10-15,72.72988177177356,0.9352301490369179,15,1.0,1.0
2014-10-16,70.09247684113879,0.9327774794451907,15,1.0,0.9615498039907941
2014-10-17,70.59953325306759,0.9332448479158384,15,1.0,0.9844102163507946
2014-10-20,71.90084929498248,0.934437875327395,15,1.0,0.9680431463449573
2014-10-21,72.36469641415295,0.9348430547299238,15,1.0,0.9921872208709284
2014-10-22,72.79493231634372,0.9352131695989606,15,1.0,1.0
2014-10-27,73.07694215045412,0.9354482629176739,15,1.0,1.0
2014-10-28,73.22638339009772,0.9355651035502852,15,1.0,1.0
2014-10-29,74.84531460611073,0.9369442752310657,15,1.0,1.0
2014-10-30,76.45509650339207,0.9382576551050088,15,1.0,0.9731346801047012
2014-10-31,76.43010140514878,0.9382231806301975,15,1.0,1.0
2014-11-03,77.34852290006049,1.0,15,1.0,1.0
2014-11-05,78.41495121875823,1.0,15,1.0,1.0
2014-11-07,78.92980203856035,0.9999999999999999,15,1.0,1.0
2014-11-10,78.94973650716919,1.0,15,1.0,1.0
2014-11-11,79.31002517973843,1.0,15,1.0,1.0
2014-11-12,79.73750863729474,1.0,15,1.0,1.0
2014-11-13,81.15602355203774,0.9999999999999998,15,1.0,1.0
2014-11-14,82.05200992894646,0.9999999999999998,15,1.0,1.0
2014-11-17,83.96739821127663,0.9999999999999998,15,1.0,1.0
2014-11-18,84.00056472219799,0.9999999999999998,15,1.0,1.0
2014-11-19,83.74629297143777,0.9999999999999998,15,1.0,1.0
2014-11-20,83.72868383341878,0.9999999999999997,15,1.0,1.0
2014-11-21,83.48499106256074,0.9999999999999997,15,1.0,1.0
2014-11-24,83.86956576593893,0.9999999999999996,15,1.0,1.0
2014-11-25,82.45320045376786,0.9999999999999996,15,1.0,1.0
2014-11-26,83.48742333798057,0.9999999999999997,15,1.0,1.0
2014-11-27,83.95138334979536,0.9999999999999994,15,1.0,1.0
2014-11-28,83.60166041305605,0.9999999999999996,15,1.0,1.0
2014-12-01,83.14362272627393,1.0,15,1.0,1.0
2014-12-02,83.69792788307447,1.0,15,1.0,1.0
2014-12-03,85.26745411012159,1.0,15,1.0,1.0
2014-12-04,85.47553778995442,1.0,15,1.0,1.0
2014-12-05,85.44408742470605,1.0,15,1.0,1.0
2014-12-08,84.69252539830343,1.0,15,1.0,1.0
2014-12-09,84.17199597000298,0.9999999999999999,15,1.0,1.0
2014-12-10,86.00785356381414,1.0,15,1.0,1.0
2014-12-11,85.60561775101586,1.0,15,1.0,1.0
2014-12-12,85.3285026554259,1.0,15,1.0,1.0
2014-12-15,85.3394966477151,0.9999999999999999,15,1.0,1.0
2014-12-16,82.24854406131539,1.0,15,1.0,1.0
2014-12-17,80.85208065841645,1.0,15,1.0,1.0
2014-12-18,83.8398207376837,1.0,15,1.0,0.9503833684936553
2014-12-19,83.92796891764888,1.0,15,1.0,0.9800766370947847
2014-12-22,84.47923035559252,1.0,15,1.0,1.0
2014-12-23,84.63575074374509,1.0000000000000002,15,1.0,1.0
2014-12-24,84.30746592637344,1.0,15,1.0,1.0
2014-12-26,84.35828864056535,1.0000000000000002,15,1.0,1.0
2014-12-29,85.32008810109198,1.0000000000000002,15,1.0,1.0
2014-12-30,85.87459957837589,1.0,15,1.0,1.0
2014-12-31,86.54602912014386,0.9999999999999999,15,1.0,1.0
2015-01-01,87.20595028001352,1.0,15,1.0,1.0
2015-01-02,88.18670146679885,1.0,15,1.0,1.0
2015-01-05,88.29339461386373,1.0,15,1.0,1.0
2015-01-06,85.36603710983907,1.0,15,1.0,1.0
2015-01-07,86.25807166555519,1.0,15,1.0,1.0
2015-01-08,88.05082050879018,1.0,15,1.0,1.0
2015-01-09,88.04564035799683,1.0,15,1.0,1.0
2015-01-12,88.54186037147879,1.0,15,1.0,1.0
2015-01-13,88.44436700191703,1.0,15,1.0,1.0
2015-01-14,88.36131711445412,0.9999999999999999,15,1.0,1.0
2015-01-15,88.92126487507501,0.9999999999999999,15,1.0,1.0
2015-01-16,89.78229944311988,0.9999999999999999,15,1.0,1.0
2015-01-19,90.48217180424811,0.9999999999999999,15,1.0,1.0
2015-01-20,91.81108646595581,0.9999999999999998,15,1.0,1.0
2015-01-21,91.74575399016622,0.9999999999999998,15,1.0,1.0
2015-01-22,93.29957259959802,0.9999999999999998,15,1.0,1.0
2015-01-23,93.05897406837015,0.9999999999999997,15,1.0,1.0
2015-01-27,93.41253317531162,0.9999999999999998,15,1.0,1.0
2015-01-28,94.4721288148448,0.9999999999999997,15,1.0,1.0
2015-01-29,94.70474699026207,0.9999999999999998,15,1.0,1.0
2015-01-30,94.49005079116392,0.9999999999999996,15,1.0,1.0
2015-02-02,93.85007703024462,1.0,15,1.0,1.0
2015-02-03,93.43397884348317,1.0,15,1.0,1.0
2015-02-04,93.14955381478593,1.0,15,1.0,1.0
2015-02-05,92.42945046232472,1.0,15,1.0,1.0
2015-02-06,89.63929760884062,1.0,15,1.0,1.0
2015-02-09,87.85372682453435,1.0,15,1.0,1.0
2015-02-10,87.79927341318272,1.0,15,1.0,1.0
2015-02-11,89.78491387047535,1.0,15,1.0,1.0
2015-02-12,90.69372238710964,1.0,15,1.0,1.0
2015-02-13,90.87246691723679,0.9999999999999999,15,1.0,1.0
2015-02-16,90.29050650284641,0.9999999999999999,15,1.0,1.0
2015-02-18,91.1663462604499,0.9999999999999998,15,1.0,1.0
2015-02-19,90.05812019155766,0.9999999999999998,15,1.0,1.0
2015-02-20,89.78484307049266,0.9999999999999998,15,1.0,1.0
2015-02-23,89.5292617635654,0.9999999999999999,15,1.0,1.0
2015-02-24,88.79774700510062,0.9999999999999999,15,1.0,1.0
2015-02-25,88.60431893062868,0.9999999999999999,15,1.0,1.0
2015-02-26,88.43249351827001,0.9999999999999999,15,1.0,1.0
2015-02-27,89.42846530115011,1.0,15,1.0,1.0
2015-03-02,90.89355989076208,1.0,15,1.0,1.0
2015-03-03,93.08034218917619,1.0,15,1.0,1.0
2015-03-04,92.66617042837828,1.0,15,1.0,1.0
2015-03-05,93.27750046360404,1.0,15,1.0,1.0
2015-03-09,94.26468265675791,0.9999999999999999,15,1.0,1.0
2015-03-10,94.8122308663442,1.0,15,1.0,1.0
2015-03-11,95.65978568183164,1.0,15,1.0,1.0
2015-03-12,96.49152061608397,1.0,15,1.0,1.0
2015-03-13,94.69525356285072,1.0000000000000002,15,1.0,1.0
2015-03-16,94.27349543657974,1.0000000000000002,15,1.0,1.0
2015-03-17,94.64610031733119,1.0000000000000002,15,1.0,1.0
2015-03-18,95.04702965642028,1.0000000000000002,15,1.0,1.0
2015-03-19,94.73536553001213,1.0000000000000002,15,1.0,1.0
2015-03-20,92.82394333196783,1.0000000000000004,15,1.0,1.0
2015-03-23,91.50001987331122,1.0000000000000004,15,1.0,1.0
2015-03-24,91.00074126375246,0.9379663421118166,14,1.0,1.0
2015-03-25,91.00372004690102,0.9379540276584999,14,1.0,1.0
2015-03-26,90.17342588659324,0.9373682435901779,14,1.0,1.0
2015-03-27,89.63880588359125,0.9369801277604428,14,1.0,1.0
2015-03-30,93.10470189877486,0.939312061249248,14,1.0,1.0
2015-03-31,93.63844443752478,0.9396440304616842,14,1.0,1.0
2015-04-01,95.86536457094061,1.0,15,1.0,1.0
2015-04-06,98.40315786003553,1.0,15,1.0,0.9452441166683616
2015-04-07,99.9483061083936,1.0000000000000002,15,1.0,0.939628967383177
2015-04-08,104.15282009716522,1.0,15,1.0,0.7919589532694357
2015-04-09,105.63169441591266,0.7919589532694357,15,1.0,0.8016825713395864
2015-04-10,106.69124054423997,0.7939773677246682,15,1.0,0.813147912267285
2015-04-13,107.43229235957266,0.7953511662703185,15,1.0,0.8319870275847109
2015-04-15,105.89845290941477,0.7923390094354283,15,1.0,0.8353950168089375
2015-04-16,104.58224939823303,0.7896768980694311,15,1.0,0.8440736117372178
2015-04-17,103.06604786201581,0.7865334879660495,15,1.0,0.8454257701683168
2015-04-20,100.62147812927846,0.7812968167673808,15,1.0,0.8091507112421192
2015-04-21,101.23352174150969,0.7825687955079128,15,1.0,0.829826671479758
2015-04-22,101.28411628911431,0.7826271527115021,15,1.0,0.8558407974598902
2015-04-23,101.98637641530733,0.7840740217503521,15,1.0,0.8758019619223893
2015-04-24,99.07274576267268,0.7776724521341851,15,1.0,0.8057557813930959
2015-04-27,95.94555855392935,0.735523497000525,14,0.0,0.7383763236246565
2015-04-28,97.74995277095785,0.0,0,0.0,0.7198939525409425
2015-04-29,97.77255769783864,0.0,0,0.0,0.7397365043233096
2015-04-30,97.79516785216666,0.0,0,0.0,0.7627298906111228
2015-05-04,97.81778323515076,0.0,0,0.0,0.7555717448708789
2015-05-05,97.84040384800008,0.0,0,0.0,0.7790911192435563
2015-05-06,97.86302969192405,0.0,0,0.0,0.7381192626537494
2015-05-07,97.88566076813237,0.0,0,0.0,0.741017720599569
2015-05-08,97.908297077835,0.0,0,0.0,0.748247065365413
2015-05-11,97.93093862224222,0.0,0,0.0,0.7565015486492751
2015-05-12,97.95358540256457,0.0,0,0.0,0.7545727057859055
2015-05-13,97.97623742001285,0.0,0,0.0,0.7694148069493182
2015-05-14,97.99889467579817,0.0,0,0.0,0.7876922509597469
2015-05-15,98.0215571711319,0.0,0,0.0,0.8106721087796235
2015-05-18,98.04422490722571,0.0,0,0.0,0.8257063796460926
2015-05-19,98.06689788529154,0.0,0,0.0,0.8508680883450945
2015-05-20,98.0895761065416,0.0,0,0.0,0.8775003757132019
2015-05-21,98.1122595721884,0.0,0,0.0,0.9047326216116698
2015-05-22,98.13494828344473,0.0,0,1.0,0.9329371995952636
2015-05-25,97.88291749390858,0.9329371995952636,15,1.0,0.9602197156492541
2015-05-26,98.00359323378046,0.933004287352602,15,1.0,0.9901031573683577
2015-05-27,97.38210382476228,0.9325611310950896,15,1.0,1.0
2015-05-28,97.50373123908456,0.9326296792544249,15,1.0,1.0
2015-05-29,98.79185925162832,0.9334927314619738,15,1.0,1.0
2015-06-01,98.74856743287944,1.0,15,1.0,1.0
2015-06-02,96.29977575094885,0.9999999999999999,15,0.0,1.0
2015-06-03,92.3175778475207,0.0,0,0.0,0.896455067017662
2015-06-04,92.33892652379008,0.0,0,0.0,0.9246121179348923
2015-06-05,92.36028013699551,0.0,0,0.0,0.9525296734228837
2015-06-08,92.38163868827868,0.0,0,0.0,0.9556174064126836
2015-06-09,92.40300217878153,0.0,0,0.0,0.9840651011412298
2015-06-10,92.42437060964626,0.0,0,0.0,0.9937502756904464
2015-06-11,92.44574398201534,0.0,0,0.0,0.9787981934433309
2015-06-12,92.46712229703152,0.0,0,0.0,1.0
2015-06-15,92.48850555583779,0.0,0,0.0,1.0
2015-06-16,92.50989375957741,0.0,0,0.0,1.0
2015-06-17,92.53128690939391,0.0,0,0.0,1.0
2015-06-18,92.55268500643109,0.0,0,0.0,1.0
2015-06-19,92.574088051833,0.0,0,0.0,1.0
2015-06-22,92.59549604674396,0.0,0,0.0,1.0
2015-06-23,92.61690899230857,0.0,0,0.0,1.0
2015-06-24,92.63832688967166,0.0,0,0.0,1.0
2015-06-25,92.65974973997837,0.0,0,0.0,1.0
2015-06-26,92.68117754437407,0.0,0,0.0,1.0
2015-06-29,92.7026103040044,0.0,0,0.0,1.0
2015-06-30,92.72404802001527,0.0,0,0.0,1.0
2015-07-01,92.74549069355288,0.0,0,0.0,1.0
2015-07-02,92.76693832576365,0.0,0,0.0,1.0
2015-07-03,92.78839091779427,0.0,0,1.0,1.0
2015-07-06,92.53141892537937,1.0,15,1.0,1.0
2015-07-07,92.36392764963644,1.0,15,1.0,1.0
2015-07-08,90.88458767591061,1.0,15,1.0,1.0
2015-07-09,91.18245609389936,1.0,15,1.0,1.0
2015-07-10,91.45251416828687,1.0000000000000002,15,1.0,1.0
2015-07-13,91.9800002488955,1.0,15,1.0,1.0
2015-07-14,91.84843681659852,1.0,15,1.0,1.0
2015-07-15,91.9732017562679,1.0,15,1.0,1.0
2015-07-16,93.37555370330786,1.0,15,1.0,1.0
2015-07-17,94.17591618754446,1.0,15,1.0,1.0
2015-07-20,94.22043341245738,1.0,15,1.0,1.0
2015-07-21,92.33835657859319,1.0,15,1.0,1.0
2015-07-22,92.94475777591734,1.0,15,1.0,1.0
2015-07-23,93.04583559548726,1.0,15,1.0,1.0
2015-07-24,92.16381332318836,1.0000000000000002,15,1.0,1.0
2015-07-27,91.43599463647863,1.0000000000000002,15,0.0,1.0
2015-07-28,91.86765443614644,0.0,0,0.0,1.0
2015-07-29,91.88889906647485,0.0,0,0.0,1.0
2015-07-30,91.91014860967843,0.0,0,0.0,1.0
2015-07-31,91.93140306689328,0.0,0,0.0,1.0
2015-08-03,91.95266243925579,0.0,0,0.0,1.0
2015-08-04,91.9739267279026,0.0,0,0.0,1.0
2015-08-05,91.9951959339706,0.0,0,1.0,1.0
2015-08-06,91.74042064842119,1.0,15,1.0,1.0
2015-08-07,90.56022907953869,1.0,15,1.0,1.0
2015-08-10,90.2729875992264,1.0,15,1.0,1.0
2015-08-11,89.26788054958078,1.0,15,1.0,1.0
2015-08-12,86.51134672513008,0.5,15,0.0,1.0
2015-08-13,85.54617669525256,0.0,0,0.0,1.0
2015-08-14,85.56595946766636,0.0,0,0.0,1.0
2015-08-17,85.58574681489694,0.0,0,0.0,1.0
2015-08-18,85.60553873800222,0.0,0,0.0,1.0
2015-08-19,85.62533523804042,0.0,0,0.0,1.0
2015-08-20,85.64513631606994,0.0,0,0.0,1.0
2015-08-21,85.66494197314945,0.0,0,0.0,1.0
2015-08-24,85.68475221033788,0.0,0,0.0,0.5952413159770457
2015-08-25,85.70456702869438,0.0,0,0.0,0.6089056657252987
2015-08-26,85.72438642927837,0.0,0,0.0,0.6280248254192886
2015-08-27,85.74421041314949,0.0,0,0.0,0.614365113129837
2015-08-28,85.76403898136765,0.0,0,0.0,0.6334317425033282
2015-08-31,85.78387213499298,0.0,0,0.0,0.653176593725038
2015-09-01,85.80370987508587,0.0,0,0.0,0.6507193562742732
2015-09-02,85.82355220270696,0.0,0,0.0,0.6710668786403056
2015-09-03,85.84339911891712,0.0,0,0.0,0.6811904864623572
2015-09-04,85.86325062477748,0.0,0,0.0,0.6714673547020107
2015-09-07,85.88310672134939,0.0,0,0.0,0.6771892461799082
2015-09-08,85.90296740969448,0.0,0,0.0,0.6926880997256813
2015-09-09,85.92283269087461,0.0,0,0.0,0.6907976849997858
2015-09-10,85.94270256595188,0.0,0,0.0,0.7122429696105513
2015-09-11,85.96257703598863,0.0,0,0.0,0.7332592794227188
2015-09-14,85.98245610204748,0.0,0,0.0,0.7445059250185984
2015-09-15,86.00233976519125,0.0,0,0.0,0.7645153941377199
2015-09-16,86.02222802648305,0.0,0,0.0,0.7885374175771774
2015-09-18,86.0421208869862,0.0,0,0.0,0.8002833417327091
2015-09-21,86.06201834776427,0.0,0,0.0,0.8133599739415124
2015-09-22,86.08192040988109,0.0,0,0.0,0.820686490526414
2015-09-23,86.10182707440075,0.0,0,0.0,0.8429300413600745
2015-09-24,86.12173834238754,0.0,0,0.0,0.8680925603345703
2015-09-28,86.14165421490605,0.0,0,0.0,0.8931298760652824
2015-09-29,86.16157469302108,0.0,0,0.0,0.921176676896366
2015-09-30,86.18149977779768,0.0,0,0.0,0.924935900658882
2015-10-01,86.20142947030115,0.0,0,0.0,0.9528385413624655
2015-10-05,86.22136377159704,0.0,0,0.0,0.9355859310631363
2015-10-06,86.24130268275115,0.0,0,0.0,0.9611587191216514
2015-10-07,86.26124620482953,0.0,0,0.0,0.9890668070826745
2015-10-08,86.28119433889846,0.0,0,0.0,1.0
2015-10-09,86.30114708602447,0.0,0,0.0,1.0
2015-10-12,86.32110444727435,0.0,0,0.0,1.0
2015-10-13,86.34106642371512,0.0,0,0.0,1.0
2015-10-14,86.36103301641405,0.0,0,0.0,1.0
2015-10-15,86.38100422643868,0.0,0,0.0,1.0
2015-10-16,86.40098005485676,0.0,0,0.0,1.0
2015-10-19,86.4209605027363,0.0,0,0.0,1.0
2015-10-20,86.44094557114559,0.0,0,0.0,1.0
2015-10-21,86.46093526115312,0.0,0,0.0,1.0
2015-10-23,86.48092957382765,0.0,0,0.0,1.0
2015-10-26,86.50092851023818,0.0,0,0.0,1.0
2015-10-27,86.52093207145397,0.0,0,0.0,1.0
2015-10-28,86.54094025854451,0.0,0,0.0,1.0
2015-10-29,86.56095307257955,0.0,0,0.0,1.0
2015-10-30,86.58097051462909,0.0,0,0.0,1.0
2015-11-02,86.60099258576335,0.0,0,0.0,1.0
2015-11-03,86.62101928705283,0.0,0,0.0,1.0
2015-11-04,86.64105061956828,0.0,0,0.0,1.0
2015-11-05,86.66108658438066,0.0,0,0.0,1.0
2015-11-06,86.6811271825612,0.0,0,0.0,1.0
2015-11-09,86.70117241518139,0.0,0,0.0,1.0
2015-11-10,86.72122228331295,0.0,0,0.0,1.0
2015-11-13,86.74127678802786,0.0,0,0.0,1.0
2015-11-16,86.76133593039833,0.0,0,0.0,1.0
2015-11-17,86.78139971149685,0.0,0,0.0,1.0
2015-11-18,86.80146813239611,0.0,0,0.0,1.0
2015-11-19,86.8215411941691,0.0,0,0.0,1.0
2015-11-20,86.84161889788902,0.0,0,0.0,1.0
2015-11-23,86.86170124462934,0.0,0,0.0,1.0
2015-11-24,86.88178823546377,0.0,0,0.0,1.0
2015-11-26,86.90187987146626,0.0,0,0.0,1.0
2015-11-27,86.92197615371103,0.0,0,0.0,1.0
2015-11-30,86.94207708327252,0.0,0,0.0,1.0
2015-12-01,86.96218266122546,0.0,0,0.0,1.0
2015-12-02,86.98229288864476,0.0,0,0.0,1.0
2015-12-03,87.00240776660566,0.0,0,0.0,1.0
2015-12-04,87.0225272961836,0.0,0,0.0,1.0
2015-12-07,87.04265147845426,0.0,0,0.0,1.0
2015-12-08,87.06278031449361,0.0,0,0.0,1.0
2015-12-09,87.08291380537783,0.0,0,0.0,1.0
2015-12-10,87.10305195218338,0.0,0,0.0,1.0
2015-12-11,87.12319475598694,0.0,0,0.0,1.0
2015-12-14,87.14334221786547,0.0,0,0.0,1.0
2015-12-15,87.16349433889614,0.0,0,0.0,1.0
2015-12-16,87.18365112015641,0.0,0,0.0,1.0
2015-12-17,87.20381256272395,0.0,0,0.0,1.0
2015-12-18,87.22397866767672,0.0,0,0.0,1.0
2015-12-21,87.24414943609288,0.0,0,0.0,1.0
2015-12-22,87.2643248690509,0.0,0,0.0,1.0
2015-12-23,87.28450496762945,0.0,0,0.0,1.0
2015-12-24,87.30468973290746,0.0,0,0.0,1.0
2015-12-28,87.32487916596413,0.0,0,0.0,1.0
2015-12-29,87.3450732678789,0.0,0,0.0,1.0
2015-12-30,87.36527203973145,0.0,0,0.0,1.0
2015-12-31,87.3854754826017,0.0,0,0.0,1.0
2016-01-01,87.40568359756986,0.0,0,0.0,1.0
2016-01-04,87.42589638571636,0.0,0,0.0,1.0
2016-01-05,87.44611384812187,0.0,0,0.0,1.0
2016-01-06,87.46633598586733,0.0,0,0.0,1.0
2016-01-07,87.48656280003392,0.0,0,0.0,1.0
2016-01-08,87.50679429170309,0.0,0,0.0,1.0
2016-01-11,87.5270304619565,0.0,0,0.0,1.0
2016-01-12,87.5472713118761,0.0,0,0.0,1.0
2016-01-13,87.56751684254408,0.0,0,0.0,1.0
2016-01-14,87.58776705504286,0.0,0,0.0,1.0
2016-01-15,87.60802195045514,0.0,0,0.0,1.0
2016-01-18,87.62828152986386,0.0,0,0.0,0.9154002349063968
2016-01-19,87.64854579435219,0.0,0,0.0,0.900451917096685
2016-01-20,87.66881474500357,0.0,0,0.0,0.877014339418655
2016-01-21,87.68908838290169,0.0,0,0.0,0.9037566662425114
2016-01-22,87.70936670913048,0.0,0,0.0,0.8715151422906817
2016-01-25,87.72964972477413,0.0,0,0.0,0.8948217738160765
2016-01-27,87.7499374309171,0.0,0,0.0,0.9210068981676726
2016-01-28,87.77022982864406,0.0,0,0.0,0.9498792579153186
2016-01-29,87.79052691903996,0.0,0,0.0,0.956318104607596
2016-02-01,87.81082870318998,0.0,0,0.0,0.9850084086552784
2016-02-02,87.83113518217958,0.0,0,0.0,0.9745877341792438
2016-02-03,87.85144635709445,0.0,0,0.0,0.9448728018836712
2016-02-04,87.87176222902052,0.0,0,0.0,0.9726277798118831
2016-02-05,87.89208279904399,0.0,0,0.0,0.9649024529516316
2016-02-08,87.91240806825131,0.0,0,0.0,0.9950195855594376
2016-02-09,87.93273803772918,0.0,0,0.0,0.9983270073146886
2016-02-10,87.95307270856455,0.0,0,0.0,0.9895594631959023
2016-02-11,87.97341208184463,0.0,0,0.0,0.7994403907425588
2016-02-12,87.99375615865685,0.0,0,0.0,0.817318322372905
2016-02-15,88.01410494008894,0.0,0,0.0,0.7394174719948206
2016-02-16,88.03445842722884,0.0,0,0.0,0.7310481692890671
2016-02-17,88.05481662116476,0.0,0,0.0,0.75259288501168
2016-02-18,88.07517952298515,0.0,0,0.0,0.7728349539517795
2016-02-19,88.09554713377874,0.0,0,0.0,0.7966481053275313
2016-02-22,88.11591945463447,0.0,0,0.0,0.8178576893633318
2016-02-23,88.13629648664156,0.0,0,0.0,0.8275447547047122
2016-02-24,88.15667823088948,0.0,0,0.0,0.8439776397428542
2016-02-25,88.17706468846795,0.0,0,0.0,0.8604365036736922
2016-02-26,88.19745586046695,0.0,0,0.0,0.8864922227021469
2016-02-29,88.21785174797668,0.0,0,0.0,0.9129903643886406
2016-03-01,88.23825235208763,0.0,0,0.0,0.8251712845527646
2016-03-02,88.25865767389051,0.0,0,0.0,0.809079989225118
2016-03-03,88.27906771447631,0.0,0,0.0,0.8163804137437325
2016-03-04,88.29948247493626,0.0,0,0.0,0.832560840804256
2016-03-08,88.31990195636183,0.0,0,0.0,0.8583052643280662
2016-03-09,88.34032615984478,0.0,0,0.0,0.883157811149768
2016-03-10,88.36075508647708,0.0,0,0.0,0.9103192176270917
2016-03-11,88.38118873735098,0.0,0,0.0,0.9388904697080681
2016-03-14,88.40162711355896,0.0,0,0.0,0.9618877946566798
2016-03-15,88.42207021619377,0.0,0,0.0,0.986207809243934
2016-03-16,88.44251804634843,0.0,0,0.0,1.0
2016-03-17,88.46297060511615,0.0,0,0.0,1.0
2016-03-18,88.48342789359047,0.0,0,0.0,1.0
2016-03-21,88.50388991286513,0.0,0,0.0,1.0
2016-03-22,88.52435666403414,0.0,0,0.0,1.0
2016-03-23,88.54482814819177,0.0,0,0.0,1.0
2016-03-28,88.56530436643253,0.0,0,0.0,1.0
2016-03-29,88.58578531985118,0.0,0,0.0,1.0
2016-03-30,88.60627100954277,0.0,0,0.0,1.0
2016-03-31,88.62676143660255,0.0,0,0.0,1.0
2016-04-01,88.64725660212606,0.0,0,0.0,1.0
2016-04-04,88.66775650720908,0.0,0,0.0,1.0
2016-04-05,88.68826115294763,0.0,0,0.0,1.0
2016-04-06,88.70877054043802,0.0,0,0.0,1.0
2016-04-07,88.72928467077679,0.0,0,0.0,1.0
2016-04-08,88.74980354506073,0.0,0,0.0,1.0
2016-04-11,88.77032716438688,0.0,0,0.0,1.0
2016-04-12,88.79085552985256,0.0,0,0.0,1.0
2016-04-13,88.81138864255533,0.0,0,0.0,1.0
2016-04-18,88.83192650359298,0.0,0,0.0,1.0
2016-04-20,88.85246911406358,0.0,0,0.0,1.0
2016-04-21,88.87301647506546,0.0,0,0.0,1.0
2016-04-22,88.89356858769717,0.0,0,0.0,1.0
2016-04-25,88.91412545305757,0.0,0,0.0,1.0
2016-04-26,88.93468707224571,0.0,0,0.0,1.0
2016-04-27,88.95525344636094,0.0,0,0.0,1.0
2016-04-28,88.97582457650286,0.0,0,0.0,1.0
2016-04-29,88.9964004637713,0.0,0,0.0,1.0
2016-05-02,89.01698110926635,0.0,0,0.0,1.0
2016-05-03,89.03756651408838,0.0,0,0.0,1.0
2016-05-04,89.05815667933798,0.0,0,0.0,1.0
2016-05-05,89.07875160611603,0.0,0,0.0,1.0
2016-05-06,89.09935129552362,0.0,0,0.0,1.0
2016-05-09,89.11995574866214,0.0,0,0.0,1.0
2016-05-10,89.1405649666332,0.0,0,0.0,1.0
2016-05-11,89.1611789505387,0.0,0,0.0,1.0
2016-05-12,89.18179770148076,0.0,0,0.0,1.0
2016-05-13,89.20242122056177,0.0,0,0.0,1.0
2016-05-16,89.22304950888439,0.0,0,0.0,1.0
2016-05-17,89.24368256755149,0.0,0,0.0,1.0
2016-05-18,89.26432039766624,0.0,0,0.0,1.0
2016-05-19,89.28496300033206,0.0,0,0.0,1.0
2016-05-20,89.3056103766526,0.0,0,0.0,1.0
2016-05-23,89.32626252773177,0.0,0,0.0,1.0
2016-05-24,89.34691945467377,0.0,0,0.0,1.0
2016-05-25,89.36758115858302,0.0,0,0.979070238596163,1.0
2016-05-26,89.1256955217288,0.979070238596163,15,0.979070238596163,1.0
2016-05-27,88.88045892068267,0.979007636339034,15,0.9982169188837503,1.0
2016-05-30,89.38795163668061,0.9791219917740827,15,1.0,1.0
2016-05-31,89.43509933811006,0.9791281725327668,15,1.0,1.0
2016-06-01,91.41470713152471,1.0,15,1.0,1.0
2016-06-02,91.7581638074092,1.0,15,1.0,1.0
2016-06-03,92.69178510361434,1.0,15,1.0,1.0
2016-06-06,94.00395776167875,1.0000000000000002,15,1.0,1.0
2016-06-07,94.71335269015177,1.0000000000000002,15,1.0,1.0
2016-06-08,94.74703400592381,1.0000000000000002,15,1.0,1.0
2016-06-09,93.48733468209022,1.0,15,1.0,1.0
2016-06-10,96.94490222783072,1.0000000000000002,15,1.0,1.0
2016-06-13,100.585642744418,1.0000000000000002,15,1.0,0.9271102895134355
2016-06-14,104.57655484039336,1.0,15,1.0,0.8029985619889086
2016-06-15,107.82349932739862,0.8029985619889088,15,1.0,0.7612968043144023
2016-06-16,105.51062379490024,0.7986335803992204,15,1.0,0.7504670181595927
2016-06-17,103.13020426118406,0.7939380615393372,15,1.0,0.7377158720595142
2016-06-20,103.10689101322158,0.7938438062509144,15,1.0,0.7608936131634597
2016-06-21,102.88204081550002,0.7933454705484897,15,1.0,0.7844531518041291
2016-06-22,101.10797250524169,0.7896708253890061,15,1.0,0.781727607531435
2016-06-23,101.65637490952733,0.7907571047125954,15,1.0,0.8029784117648605
2016-06-24,101.28494164541121,0.7899412014363981,15,1.0,0.8271142358410852
2016-06-27,105.91604441705663,0.7990794184828975,15,1.0,0.654652315692221
2016-06-28,107.30350152955377,0.8016315017471085,15,1.0,0.664408178419886
2016-06-29,109.59597519444202,0.8057359608745297,15,1.0,0.6545505968674808
2016-06-30,109.61780332982175,0.6545505968674808,15,1.0,0.6750336779379554
2016-07-01,109.2783831500848,0.6750336779379554,15,1.0,0.6960766554602568
2016-07-04,109.70688991564428,0.6762281159019642,15,1.0,0.7161360548513972
2016-07-05,108.28175091466485,0.6718909674173267,15,1.0,0.7219825461140991
2016-07-07,109.72390029428261,0.6761285696586286,15,1.0,0.7241492847506265
2016-07-08,109.00043957097932,0.6739035680700989,15,1.0,0.7423720267662237
2016-07-11,108.89165957036508,0.6735023200535804,15,1.0,0.7655968029743476
2016-07-12,108.83937930595796,0.6732699493951146,15,1.0,0.7896337524212431
2016-07-13,107.71435341565004,0.6697810609726964,15,1.0,0.7998344429787851
2016-07-14,108.02923026010684,0.67066742109074,15,1.0,0.8234604951718106
2016-07-15,107.30078910751564,0.8234604951718105,15,1.0,0.8431508362895196
2016-07-18,107.00136879320053,0.822925547888501,15,1.0,0.8690052112872177
2016-07-19,107.65957911692847,0.7777485721691398,14,1.0,0.8906049922802357
2016-07-20,109.20053729297666,0.7808341509462902,14,1.0,0.8879799570882597
2016-07-21,109.24975193740593,0.7808822205768462,14,1.0,0.915781724762876
2016-07-22,111.01608465711173,0.7843186509863675,14,1.0,0.8978759510932351
2016-07-25,112.55917123823654,0.787226258226883,14,1.0,0.8962563295960703
2016-07-26,110.4433537770186,0.783099900259595,14,1.0,0.8792861841023143
2016-07-27,110.9783813659491,0.7840956603401676,14,1.0,0.9030098511487799
2016-07-28,111.33507492036654,0.7847376027817357,14,1.0,0.9293879216892508
2016-07-29,113.55262810062499,0.7888926237932917,14,1.0,0.8891672847406045
2016-08-01,114.75173678711457,0.8891672847406045,15,1.0,0.8874172586182018
2016-08-02,114.08909540610482,0.8298894657578975,14,1.0,0.9127933022214454
2016-08-03,111.60104000719306,0.8260567727417658,14,1.0,0.8799501190085076
2016-08-04,110.5810639396014,0.7679067167950657,13,1.0,0.9037363034216164
2016-08-05,111.77255774312286,0.7703277277213246,13,1.0,0.9081712211378301
2016-08-08,111.04487939387985,0.7687692223796846,13,1.0,0.9316343758871073
2016-08-09,107.8470220728037,0.9316343758871072,13,1.0,0.8603918203756438
2016-08-10,106.83598634589949,0.8688671055840996,12,1.0,0.8797729074202867
2016-08-11,105.472425552503,0.7334870257624613,10,1.0,0.8911587351714307
2016-08-12,103.76377736657997,0.8911587351714308,10,1.0,0.884668382538465
2016-08-16,104.61938873736746,0.725207326371307,8,1.0,0.9012384021075862
2016-08-17,105.22020890523393,0.9012384021075862,8,1.0,0.9218740216229795
2016-08-18,106.49691745434706,0.90239981286373,8,1.0,0.932063243542589
2016-08-19,106.29225434489518,0.902189272363187,8,1.0,0.9609211101864126
2016-08-22,106.48640662036995,0.9023450288898427,8,1.0,0.9905509194044043
2016-08-23,106.95820627343193,0.9027533080160839,8,1.0,1.0
2016-08-24,108.06636485001384,0.9037282591150066,8,1.0,1.0
2016-08-25,108.06932133147505,0.9037086303693498,8,1.0,1.0
2016-08-26,109.0678435763906,0.9045681195119646,8,1.0,1.0
2016-08-29,108.65162554232252,0.9041803897087677,8,1.0,1.0
2016-08-30,110.25855675688086,0.9055550491172694,8,1.0,1.0
2016-08-31,110.58219755491098,0.905809684337147,8,1.0,1.0
2016-09-01,109.55266299020948,1.0,15,1.0,1.0
2016-09-02,111.02898956551878,0.9333333333333335,14,1.0,1.0
2016-09-06,111.53935976122389,0.9336230334347745,14,1.0,1.0
2016-09-07,112.43833388269562,0.9341385076639601,14,1.0,1.0
2016-09-08,111.80779967713865,0.9337517687108923,14,1.0,1.0
2016-09-09,112.02995896449627,0.9338678515543143,14,1.0,1.0
2016-09-12,108.85671626089521,0.9319243182145627,14,1.0,1.0
2016-09-14,111.91931871876083,0.9337718549645977,14,1.0,1.0
2016-09-15,112.74779459114063,0.9342432994673068,14,1.0,1.0
2016-09-16,113.24277203889129,0.9345155781706362,14,1.0,1.0
2016-09-19,116.28181108496825,0.9362122737058924,14,1.0,0.974447829664195
2016-09-20,117.7487299421605,0.9369923767004804,14,1.0,0.9817334286186982
2016-09-21,117.16785169033342,0.9366653634805059,14,1.0,1.0
2016-09-22,119.46084735986668,0.9378666773444415,14,1.0,0.9800794623209266
2016-09-23,118.6934084255172,0.9374504789761563,14,1.0,1.0
2016-09-26,118.12019072400257,0.9371324015893276,14,1.0,1.0
2016-09-27,118.72324084550458,0.9374372706835921,14,1.0,1.0
2016-09-28,119.21115590386222,0.9376789228547286,14,1.0,1.0
2016-09-29,112.20917984920078,0.9337747079700627,14,1.0,0.7608045761405392
2016-09-30,114.73386626572574,0.7608045761405392,14,1.0,0.7502057991330562
2016-10-03,118.08565055942057,0.7502057991330561,15,1.0,0.6941718568322804
2016-10-04,118.41113654563814,0.7508348212977701,15,1.0,0.715284568041956
2016-10-05,119.2380242468196,0.7525055028044996,15,1.0,0.7329261610288905
2016-10-06,117.93722177886158,0.7497178681169399,15,1.0,0.7456451112671396
2016-10-07,118.69280073222691,0.7512536132871086,15,1.0,0.7646123177455385
2016-10-10,118.4867123266259,0.7507633360279499,15,1.0,0.7883302378962903
2016-10-13,116.8955437686619,0.7473123343607627,15,1.0,0.7946509385823339
2016-10-14,116.8172931198915,0.7470845964500985,15,1.0,0.8195765937625166
2016-10-17,116.9088678791452,0.747224263657273,15,1.0,0.8451979933384829
2016-10-18,119.18354628842337,0.7519912773552708,15,1.0,0.8203094688703321
2016-10-19,120.21969852347429,0.7540719621588234,15,1.0,0.8345468179538228
2016-10-20,120.5141477440757,0.754616099482895,15,1.0,0.8598539491293158
2016-10-21,120.42476402080179,0.7543771786829708,15,1.0,0.8868601275016939
2016-10-24,120.53387722777033,0.7545427790805561,15,1.0,0.9144390286640767
2016-10-25,120.43256071846643,0.9144390286640767,15,1.0,0.9431705706992031
2016-10-26,119.19570768221196,0.9135312002593337,15,1.0,0.9597375327393237
2016-10-27,117.94261542008917,0.9125922958904296,15,1.0,0.975679689446407
2016-10-28,119.42170703724517,0.9136549167603212,15,1.0,0.9811132684049367
2016-11-01,119.09655139490158,0.9811132684049366,15,1.0,1.0
2016-11-02,116.13583219692414,0.98062729887726,15,1.0,0.9679089514783199
2016-11-03,116.18601610214294,0.9806311884228673,15,1.0,0.9979958902255817
2016-11-04,112.01834011718434,0.9799059202383154,15,1.0,0.8920899312784545
2016-11-07,111.95055054197076,0.9798891030205893,15,1.0,0.9195300839828143
2016-11-08,111.73008959365973,0.9280965068847576,14,1.0,0.9482405882763051
2016-11-09,106.52287996149381,0.9245641728441198,14,1.0,0.791392916420526
2016-11-10,108.02042861928507,0.8711711200663246,13,1.0,0.7978492076049122
2016-11-11,103.06355689074988,0.8649438327725639,13,1.0,0.6846238321778754
2016-11-15,94.70028279297775,0.631960460471885,12,1.0,0.4969508848740423
2016-11-16,94.87416579886073,0.1449440080882623,7,1.0,0.5120513911799263
2016-11-17,94.32220186051799,0.13974141632558265,7,1.0,0.5006666003284258
2016-11-18,94.66074148167768,0.10139827028933762,5,0.0,0.503366454747747
2016-11-21,94.32751143686153,0.0,0,0.0,0.5023609443672671
2016-11-22,94.34932491542017,0.0,0,0.0,0.5154296541597914
2016-11-23,94.37114343840159,0.0,0,0.0,0.5255504061283593
2016-11-24,94.39296700697231,0.0,0,0.0,0.5420381007746261
2016-11-25,94.41479562229915,0.0,0,0.0,0.5514576720205356
2016-11-28,94.43662928554917,0.0,0,0.0,0.5670013697183208
2016-11-29,94.45846799788974,0.0,0,0.0,0.5835159012102633
2016-11-30,94.48031176048845,0.0,0,0.0,0.5976749666898747
2016-12-01,94.5021605745132,0.0,0,0.0,0.6151079189211714
2016-12-02,94.52401444113214,0.0,0,0.0,0.6275258991359163
2016-12-05,94.54587336151369,0.0,0,0.0,0.6464576320379206
2016-12-06,94.56773733682655,0.0,0,0.0,0.6657023695708102
2016-12-07,94.5896063682397,0.0,0,0.0,0.6859661219501144
2016-12-08,94.61148045692235,0.0,0,0.0,0.6981408579946682
2016-12-09,94.63335960404402,0.0,0,0.0,0.7194827934107308
2016-12-12,94.65524381077448,0.0,0,0.0,0.736651729181073
2016-12-13,94.67713307828379,0.0,0,0.0,0.7597981503957949
2016-12-14,94.69902740774226,0.0,0,0.0,0.7785873916502316
2016-12-15,94.72092680032048,0.0,0,0.0,0.8026159440109515
2016-12-16,94.74283125718932,0.0,0,0.0,0.82728733158513
2016-12-19,94.7647407795199,0.0,0,0.0,0.8512374898101208
2016-12-20,94.78665536848362,0.0,0,0.0,0.8708576181468913
2016-12-21,94.80857502525215,0.0,0,0.0,0.8982079768672886
2016-12-22,94.83049975099745,0.0,0,0.0,0.9075350075156999
2016-12-23,94.8524295468917,0.0,0,0.0,0.9359662073103997
2016-12-26,94.8743644141074,0.0,0,0.0,0.9137430939534587
2016-12-27,94.89630435381733,0.0,0,0.0,0.9145510939538986
2016-12-28,94.91824936719449,0.0,0,0.0,0.9389993502624068
2016-12-29,94.94019945541218,0.0,0,0.0,0.9530768688028306
2016-12-30,94.96215461964398,0.0,0,0.0,0.9711696627457636
2017-01-02,94.98411486106373,0.0,0,0.0,0.9793027973178949
2017-01-03,95.00608018084554,0.0,0,0.0,1.0
2017-01-04,95.02805058016381,0.0,0,0.0,1.0
2017-01-05,95.05002606019316,0.0,0,0.0,1.0
2017-01-06,95.07200662210855,0.0,0,0.0,1.0
2017-01-09,95.09399226708516,0.0,0,0.0,1.0
2017-01-10,95.11598299629847,0.0,0,0.0,1.0
2017-01-11,95.13797881092422,0.0,0,0.0,1.0
2017-01-12,95.15997971213844,0.0,0,1.0,1.0
2017-01-13,95.03921272256571,0.5,15,1.0,1.0
2017-01-16,95.42391889899895,0.5019006142239546,15,1.0,1.0
2017-01-17,95.16683695307098,0.5004395597673212,15,1.0,1.0
2017-01-18,95.59174383186183,0.5025451030458113,15,1.0,1.0
2017-01-19,95.76271656387472,0.5033184161816893,15,1.0,1.0
2017-01-20,95.04803728695494,0.4994680764506128,15,1.0,1.0
2017-01-23,95.41210736100491,0.501262680473832,15,1.0,1.0
2017-01-24,96.21557997764947,0.5053131418680283,15,1.0,1.0
2017-01-25,96.55106806511687,0.506918040905889,15,1.0,1.0
2017-01-27,96.84672894126419,0.5083096797197731,15,1.0,1.0
2017-01-30,96.49745378344925,0.506415877033388,15,1.0,1.0
2017-01-31,96.03314727419901,0.5039147740548714,15,1.0,1.0
2017-02-01,96.81528148300607,0.5,15,1.0,1.0
2017-02-02,97.31452490560375,0.5024500692024553,15,1.0,1.0
2017-02-03,97.63347056023832,0.5039607643353606,15,1.0,1.0
2017-02-06,98.81485302329007,0.5097778299634044,15,1.0,1.0
2017-02-07,99.21868351759052,0.5116601821147813,15,1.0,1.0
2017-02-08,99.37964132383266,0.512338362831626,15,1.0,1.0
2017-02-09,99.22661001995951,0.5114733243435707,15,1.0,1.0
2017-02-10,98.1611612517397,0.5060566190979494,15,1.0,1.0
2017-02-13,97.8618150563513,0.5044311373276373,15,1.0,1.0
2017-02-14,97.09092264486517,0.5003808576270334,15,1.0,1.0
2017-02-15,96.13455127943377,0.49529382964488244,15,1.0,1.0
2017-02-16,97.23871350701766,0.5009094652749008,15,1.0,1.0
2017-02-17,97.0694985824786,0.4999238161426743,15,1.0,1.0
2017-02-20,97.28062416300045,0.5008937254153347,15,1.0,1.0
2017-02-21,97.74098088820982,0.5031296231625506,15,1.0,1.0
2017-02-22,97.28408817933853,0.5006806395257052,15,1.0,1.0
2017-02-23,97.08484167800276,0.4995401842447285,15,1.0,1.0
2017-02-27,96.89943787687892,0.49846666888770924,15,1.0,1.0
2017-02-28,96.87351888785899,0.49821646926655705,15,1.0,1.0
2017-03-01,97.22166454140756,0.5,15,1.0,1.0
2017-03-02,96.53872288971532,0.4963464173263766,15,1.0,1.0
2017-03-03,96.71414578017853,0.4645408736035733,14,1.0,1.0
2017-03-06,96.8578375009815,0.4652116018658281,14,1.0,1.0
2017-03-07,96.46130180527491,0.4628889998586022,14,1.0,1.0
2017-03-08,96.33445166304492,0.4620573773276686,14,1.0,1.0
2017-03-09,96.14671809724649,0.46088236112912584,14,1.0,1.0
2017-03-10,95.80580579847268,0.4588388662934775,14,1.0,1.0
2017-03-14,96.18333251738181,0.42793030727901404,13,1.0,1.0
2017-03-15,96.44395482074442,0.42934428682720804,13,1.0,1.0
2017-03-16,96.98172487315597,0.4323773765076885,13,1.0,1.0
2017-03-17,97.11011341445848,0.43299673541310835,13,1.0,1.0
2017-03-20,97.52371215935516,0.4352708353492813,13,1.0,1.0
2017-03-21,97.34392492539062,0.40664200708375375,12,1.0,1.0
2017-03-22,96.96063281973369,0.40415866381114296,12,1.0,1.0
2017-03-23,97.33311496936506,0.4063016145657452,12,1.0,1.0
2017-03-24,97.58722659819682,0.40771063487917336,12,1.0,1.0
2017-03-27,97.68046649370655,0.4081391609763131,12,1.0,1.0
2017-03-28,97.90690111233884,0.40937143696041434,12,1.0,1.0
2017-03-29,97.53677800319961,0.4069930742851351,12,1.0,1.0
2017-03-30,98.2378287101603,0.4110887702627404,12,1.0,1.0
2017-03-31,98.29440377326586,0.41129161957521787,12,1.0,1.0
2017-04-03,98.63317156831937,0.5,15,1.0,1.0
2017-04-05,99.03657363833753,0.501921476493718,15,1.0,1.0
2017-04-06,98.64724595478361,0.499840090643744,15,1.0,1.0
2017-04-07,97.91582387875702,0.49598741549546516,15,1.0,1.0
2017-04-10,98.05083480362411,0.49656502102730893,15,1.0,1.0
2017-04-11,97.8352211966085,0.4953388514534991,15,1.0,1.0
2017-04-12,97.7805901469088,0.4949401225465291,15,1.0,1.0
2017-04-13,97.42329042220528,0.46974097172109297,14,1.0,1.0
2017-04-17,97.75528068663982,0.4714195963832821,14,1.0,1.0
2017-04-18,97.41187077138979,0.4694335045167365,14,1.0,1.0
2017-04-19,98.11408900260946,0.473109037090668,14,1.0,1.0
2017-04-20,99.00699711712153,0.4777401291323212,14,1.0,1.0
2017-04-21,99.62640195529859,0.4808671398473951,14,1.0,1.0
2017-04-24,99.64543309095559,0.4808462603988659,14,1.0,1.0
2017-04-25,100.24393492957368,0.4838265052633154,14,1.0,1.0
2017-04-26,99.43739365103932,0.4795194636510075,14,1.0,1.0
2017-04-27,99.54645831544586,0.4799694797217753,14,1.0,1.0
2017-04-28,99.60882813123352,0.48017491242676325,14,1.0,1.0
2017-05-02,100.07101228330801,0.5,15,1.0,1.0
2017-05-03,100.21266839508013,0.5005913146303443,15,1.0,1.0
2017-05-04,100.56865626308566,0.5022440156272538,15,1.0,1.0
2017-05-05,99.86681962258747,0.4986300066868144,15,1.0,1.0
2017-05-08,99.95164183684126,0.498939640868819,15,1.0,1.0
2017-05-09,100.45522042349485,0.5013361486927879,15,1.0,1.0
2017-05-10,101.02854440797874,0.5040513389760772,15,1.0,1.0
2017-05-11,101.07190951933667,0.5041494865824766,15,1.0,1.0
2017-05-12,100.68787135793319,0.5021431366696232,15,1.0,1.0
2017-05-15,100.90834428117746,0.5031160165258317,15,1.0,1.0
2017-05-16,100.7903566632273,0.5024193119678363,15,1.0,1.0
2017-05-17,101.4394424659758,0.5054888767062866,15,1.0,1.0
2017-05-18,100.13546007697123,0.49893341571315225,15,1.0,1.0
2017-05-19,100.04792344183683,0.4983790346717317,15,1.0,1.0
2017-05-22,99.67968268660039,0.49640949634388587,15,1.0,1.0
2017-05-23,98.68605257622755,0.4912214172724244,15,1.0,1.0
2017-05-24,97.92020065860218,0.48712358974268866,15,1.0,1.0
2017-05-25,98.89113757654259,0.4920416939039719,15,1.0,1.0
2017-05-26,99.80862621370635,0.4965947027940939,15,1.0,1.0
2017-05-29,99.11716505935168,0.49296562093367174,15,1.0,1.0
2017-05-30,98.85231053854089,0.49148955900337876,15,1.0,1.0
2017-05-31,99.14034385158735,0.4655525817078514,14,1.0,1.0
2017-06-01,99.66517378302262,0.5,15,1.0,1.0
2017-06-02,99.93646657487928,0.5012420139200471,15,1.0,1.0
2017-06-05,100.66141714507165,0.5047194963365293,15,1.0,1.0
2017-06-06,100.26621717574272,0.5026523585756528,15,1.0,1.0
2017-06-07,101.8314417878591,0.5101837147628583,15,1.0,1.0
2017-06-08,102.05779997913244,0.5111570784023325,15,1.0,1.0
2017-06-09,102.41031100412098,0.5127270890156762,15,1.0,1.0
2017-06-12,102.46564413455354,0.5128776021315042,15,1.0,1.0
2017-06-13,102.59404144923008,0.5133747326302609,15,1.0,1.0
2017-06-14,102.82305223329853,0.5143462772576257,15,1.0,1.0
2017-06-15,103.14523569675683,1.0,15,1.0,1.0
2017-06-16,102.51036538965415,1.0,15,1.0,1.0
2017-06-19,102.42601794958534,1.0,15,1.0,1.0
2017-06-20,102.31184421115766,1.0,15,1.0,1.0
2017-06-21,102.55978108187387,1.0,15,1.0,1.0
2017-06-22,101.7364022994264,1.0,15,1.0,1.0
2017-06-23,99.52384796945196,1.0,15,1.0,1.0
2017-06-27,97.24193437017509,0.5,15,1.0,1.0
2017-06-28,97.74466274575272,0.5024566094749441,15,1.0,1.0
2017-06-29,98.87432966318967,0.5080274384943644,15,1.0,1.0
2017-06-30,99.13652592527912,0.5092151384014891,15,1.0,1.0
2017-07-03,99.87239326253471,0.5,15,1.0,1.0
2017-07-04,100.55516244523994,0.5032801569804295,15,1.0,1.0
2017-07-05,102.28173943598736,0.5115521565832506,15,1.0,0.9981686113148578
2017-07-06,102.18191132310587,0.9981686113148578,15,1.0,1.0
2017-07-07,103.11206822574692,0.9981847122762163,15,1.0,1.0
2017-07-10,103.641410727207,0.9981935661072263,15,1.0,1.0
2017-07-11,103.37940429358969,0.9981885690507666,15,1.0,1.0
2017-07-12,103.50707458759088,0.9981903849700379,15,1.0,1.0
2017-07-13,102.88396554088281,0.998179004159287,15,1.0,1.0
2017-07-14,101.68745854403424,0.9981571513196335,15,1.0,1.0
2017-07-17,100.99165218933217,0.9981440254693812,15,1.0,1.0
2017-07-18,100.22491028804262,0.9981293943867652,15,1.0,1.0
2017-07-19,100.89205209983488,0.9981413339168558,15,1.0,1.0
2017-07-20,101.30215701866324,0.9981484303358483,15,1.0,1.0
2017-07-21,102.27706074668562,0.9981656553770737,15,1.0,1.0
2017-07-24,102.87950872647606,0.9981759753291637,15,1.0,1.0
2017-07-25,103.17566936492591,0.9981807905018677,15,1.0,1.0
2017-07-26,103.44544120067864,0.9981851151564987,15,1.0,1.0
2017-07-27,102.40703639437525,0.9981662883167666,15,1.0,1.0
2017-07-28,102.91440469418352,0.998174906560485,15,1.0,1.0
2017-07-31,103.74554462470611,0.9981891093124224,15,1.0,1.0
2017-08-01,104.2168461344952,1.0,15,1.0,1.0
2017-08-02,106.03388696714501,1.0,15,1.0,1.0
2017-08-03,105.97471656595864,1.0,15,1.0,1.0
2017-08-04,106.03448016135259,1.0,15,1.0,1.0
2017-08-07,106.93748213278847,1.0,15,1.0,1.0
2017-08-08,105.91930644622224,1.0,15,1.0,1.0
2017-08-09,106.11709744827637,1.0,15,1.0,1.0
2017-08-10,99.46652375787059,1.0,15,1.0,0.8849554306723503
2017-08-11,100.00712653790245,0.9403093284411275,14,1.0,0.9085376601545747
2017-08-14,104.26148579419271,0.9427317483663792,14,1.0,0.7705360200998616
2017-08-16,105.9679707688539,0.7705360200998614,14,1.0,0.7753766811331138
2017-08-17,106.95645112712963,0.7726041285332023,14,1.0,0.7895162244935586
2017-08-18,106.61220856302023,0.7718171292032446,14,1.0,0.8133839225985038
2017-08-21,106.23362271808396,0.7709509956563905,14,1.0,0.837737273278407
2017-08-22,105.63923334291191,0.7696089630559436,14,1.0,0.860033906543193
2017-08-23,107.58975797907307,0.7737334736053709,14,1.0,0.8415277995032338
2017-08-24,108.46591848669095,0.7755092958547551,14,1.0,0.8586075431434511
2017-08-28,110.56501475837469,0.7797203629448469,14,1.0,0.830739531517683
2017-08-29,109.56839545633359,0.7776653255912955,14,1.0,0.8471449682166806
2017-08-30,112.26392944036063,0.782953552752929,14,1.0,0.7998640278373292
2017-08-31,113.79012339807291,0.7858151382234946,14,1.0,0.8044714512974805
2017-09-01,113.48164510971156,0.8044714512974807,15,1.0,0.8296419035935734
2017-09-04,112.43544559131767,0.8026064423348509,15,1.0,0.8463087753007864
2017-09-05,113.39669874073418,0.8042344681429879,15,1.0,0.8626526627981375
2017-09-06,113.69609107851878,0.8047048192867563,15,1.0,0.8886762654902718
2017-09-07,114.83795077094284,0.8066019699464266,15,1.0,0.9016028405717208
2017-09-08,115.10699716335782,0.8070093913463854,15,1.0,0.9289632996278075
2017-09-11,117.1337317285886,0.8103048004105347,15,1.0,0.903540505773645
2017-09-12,117.79513505253611,0.811326291420663,15,1.0,0.9258244876111814
2017-09-13,118.23526697189723,0.8119851622565227,15,1.0,0.9517336825472208
2017-09-14,118.99866051149388,0.8131481045202429,15,1.0,0.9743212896977712
2017-09-15,118.46491823229161,0.9743212896977711,15,1.0,1.0
2017-09-18,120.37651731511575,0.9747232279143423,15,1.0,0.9959069884706889
2017-09-19,121.5870511961047,0.9749690990795835,15,1.0,1.0
2017-09-20,121.08080998946035,0.9748586317374777,15,1.0,1.0
2017-09-21,120.63045632204917,0.9747589349254318,15,1.0,1.0
2017-09-22,115.90614540359435,0.9737240392671271,15,1.0,0.9107388308796419
2017-09-25,112.61523261519999,0.9729499327512168,15,1.0,0.8662318187414794
2017-09-26,115.58298924653651,0.9736383866833263,15,1.0,0.8322178495521346
2017-09-27,112.96909315633185,0.9730221904125984,15,1.0,0.8216651331843264
2017-09-28,115.37012326753279,0.8216651331843265,15,1.0,0.8107003421720529
2017-09-29,116.57004023990268,0.8234600122425987,15,1.0,0.8246959777417955
2017-10-03,118.85509065374245,0.8246959777417955,15,1.0,0.800621809065265
2017-10-04,123.1701840769081,0.8307983872876323,15,1.0,0.7034160422637966
2017-10-05,125.93396539845752,0.8344734626705785,15,1.0,0.6905276087909022
2017-10-06,127.37248686470627,0.8363050428472631,15,1.0,0.7036710605993771
2017-10-09,129.26037870136935,0.8386585614305784,15,1.0,0.7096084999968859
2017-10-10,130.6775770447353,0.8403714033698286,15,1.0,0.7226077135357566
2017-10-11,128.86362531771647,0.8380869536807134,15,1.0,0.7327813493652555
2017-10-12,130.80957416649508,0.8404587180738661,15,1.0,0.7388418843339718
2017-10-13,131.3186718329394,0.8410404781668583,15,1.0,0.7606816858870294
2017-10-16,132.80891738810726,0.8427878116876719,15,1.0,0.7734761219406859
2017-10-17,135.05744129398704,0.8453694317480976,15,1.0,0.7708908825006149
2017-10-18,134.9155388047491,0.8451709969101422,15,1.0,0.7950720045217713
2017-10-19,135.09065643060094,0.8453359431074585,15,1.0,0.8198280521697542
2017-10-23,134.20461162901844,0.8442788184950467,15,1.0,0.8416392693259681
2017-10-24,133.58500228862152,0.8435203566271757,15,1.0,0.8660380145311171
2017-10-25,132.32286055269356,0.841991267569693,15,1.0,0.883525076700932
2017-10-26,132.9503445732437,0.8427006518721178,15,1.0,0.9075963440974449
2017-10-27,133.75434275399527,0.8436100220042347,15,1.0,0.9301178596555727
2017-10-30,135.42219599118934,0.8455003932644565,15,1.0,0.9341893085442825
2017-10-31,136.3126355375201,0.8464741411257641,15,1.0,0.9562150381228567
2017-11-01,136.64884920649996,0.9562150381228566,15,1.0,0.9837848296285365
2017-11-02,136.41747327983524,0.9561306324525402,15,1.0,1.0
2017-11-03,136.85658305230663,0.9562612767042857,15,1.0,1.0
2017-11-06,138.4190463489924,0.9567449954511377,15,1.0,1.0
2017-11-07,138.31786153497126,0.9567033426103978,15,1.0,1.0
2017-11-08,135.3572676004858,0.9557461075390677,15,1.0,1.0
2017-11-09,137.52681729766232,0.9564341609538792,15,1.0,1.0
2017-11-10,137.73057434980862,0.9564885519554394,15,1.0,1.0
2017-11-13,139.49340795808655,0.95702848843413,15,1.0,1.0
2017-11-14,142.97157713205925,0.9580641908157427,15,1.0,0.9970731670630967
2017-11-15,137.8635267147169,0.9565003491148204,15,1.0,0.8882746603901195
2017-11-16,139.37278632811177,0.9569614537739921,15,1.0,0.9028605025029636
2017-11-17,140.84489961586183,0.957401444644139,15,1.0,0.9166251010575027
2017-11-20,141.39100234276248,0.9575561625558264,15,1.0,0.9427759097795564
2017-11-21,142.61761360019545,0.9579114784249902,15,1.0,0.961118329467712
2017-11-22,143.9057499550378,0.958278577351657,15,1.0,0.9789174166471708
2017-11-23,144.6579567162574,0.9584859265183975,15,1.0,1.0
2017-11-24,144.2111390904754,0.9583476711078274,15,1.0,1.0
2017-11-27,145.84802358986585,0.9588056202677606,15,1.0,1.0
2017-11-28,145.22703611902463,0.9586199070061244,15,1.0,1.0
2017-11-29,144.8166413714252,0.9584930439134636,15,1.0,1.0
2017-11-30,146.21598712411765,0.9588807754349865,15,1.0,1.0
2017-12-01,144.53973435316283,1.0,15,1.0,1.0
2017-12-04,142.72340465565327,0.9999999999999999,15,1.0,1.0
2017-12-05,142.42868846184732,1.0,15,1.0,1.0
2017-12-06,141.43044325354265,1.0,15,1.0,1.0
2017-12-07,144.1160266498293,1.0,15,1.0,1.0
2017-12-08,145.3405389344565,1.0,15,1.0,1.0
2017-12-11,145.264935552494,1.0000000000000002,15,1.0,1.0
2017-12-12,143.69732031059857,1.0000000000000004,15,1.0,1.0
2017-12-13,142.47021106387513,1.0,15,1.0,1.0
2017-12-14,141.67844211001972,1.0000000000000002,15,1.0,1.0
2017-12-15,143.72649690634813,1.0000000000000002,15,1.0,1.0
2017-12-18,143.516137921623,1.0000000000000002,15,1.0,1.0
2017-12-19,145.50076932869078,1.0000000000000002,15,1.0,1.0
2017-12-20,145.39423701302627,1.0,15,1.0,1.0
2017-12-21,146.51344735495024,1.0,15,1.0,1.0
2017-12-22,148.24660609840765,1.0000000000000002,15,1.0,1.0
2017-12-26,149.08935041756308,1.0000000000000002,15,1.0,1.0
2017-12-27,148.55148145451582,1.0000000000000002,15,1.0,1.0
2017-12-28,148.21921315090776,1.0000000000000002,15,1.0,1.0
2017-12-29,149.37259799947608,1.0000000000000004,15,1.0,1.0
2018-01-01,149.9950121986779,1.0,15,1.0,1.0
2018-01-02,153.97573874912666,0.9999999999999999,15,1.0,1.0
2018-01-03,158.3964984633018,0.9999999999999999,15,1.0,1.0
2018-01-04,158.54475391096722,0.9999999999999998,15,1.0,1.0
2018-01-05,160.35398475263705,0.9999999999999998,15,1.0,1.0
2018-01-08,166.97219818083659,0.9999999999999998,15,1.0,0.9235924165710383
2018-01-09,167.6024938888106,0.9999999999999998,15,1.0,0.950462787629438
2018-01-10,166.2642412521438,1.0,15,1.0,0.9738400814211063
2018-01-11,170.0814493914888,0.9999999999999999,15,1.0,0.9421821244771643
2018-01-12,169.70871885896656,0.9999999999999999,15,1.0,0.9713949818183713
2018-01-15,169.17766053264813,0.9999999999999999,15,1.0,1.0
2018-01-16,163.36244206697103,0.9999999999999999,15,1.0,0.9061552547060925
2018-01-17,162.79297640816247,0.9999999999999998,15,1.0,0.9339155062013563
2018-01-18,158.88427514044585,1.0,15,1.0,0.9086546432812252
2018-01-19,160.64626161216754,1.0,15,1.0,0.9243488382914957
2018-01-22,164.2942540311803,1.0,15,1.0,0.9006278046844984
2018-01-23,165.95576920041478,1.0,15,1.0,0.9169142548601726
2018-01-24,162.31496247636076,1.0,15,1.0,0.9021153692836721
2018-01-25,163.64081193324523,1.0,15,1.0,0.9233778299336877
2018-01-29,162.0666040971715,1.0,15,1.0,0.9436731702545491
2018-01-30,157.52843037084412,1.0000000000000002,15,1.0,0.897684384058679
2018-01-31,151.5442052586708,1.0000000000000002,15,1.0,0.8240291702129137
2018-02-01,149.5350108496378,0.8240291702129137,15,1.0,0.8447125750812392
2018-02-02,141.54984395488572,0.7690938921987194,14,1.0,0.6604487359998157
2018-02-05,140.24817054924728,0.6592233361703309,12,1.0,0.6783774758187158
2018-02-06,136.7874046372022,0.6505207762466733,12,1.0,0.6509701916107081
2018-02-07,142.04191959103343,0.49119729173247884,9,1.0,0.5633388198559268
2018-02-08,143.51085537299832,0.4962887921347081,9,1.0,0.5705732537912358
2018-02-09,143.2439898635013,0.49523366975605687,9,1.0,0.5882523010941965
2018-02-12,145.7007119657814,0.5036299907246031,9,1.0,0.5767077301552078
2018-02-14,146.5086035286428,0.5062529671888791,9,1.0,0.5914573167262601
2018-02-15,145.95290714086016,0.5042584756807315,9,1.0,0.6088896844684499
2018-02-16,144.41279253219443,0.49885569238294236,9,1.0,0.6152401494564969
2018-02-19,143.25966990414372,0.4947050687596888,9,1.0,0.6270628613640158
2018-02-20,142.68522483475533,0.4925534501769113,9,1.0,0.6446394150145374
2018-02-21,143.19062261738944,0.6446394150145375,9,1.0,0.6622800271553457
2018-02-22,142.83884462407286,0.6436818662517221,9,1.0,0.6826094945855257
2018-02-23,145.6372666812525,0.6504477078571622,9,1.0,0.6666827002743767
2018-02-26,147.56992452005835,0.6549458629602051,9,1.0,0.6711397261537115
2018-02-27,146.8806871551813,0.6532465279429815,9,1.0,0.6903055802180161
2018-02-28,148.5332026128514,0.6570250599395497,9,1.0,0.6962591644065185
2018-03-01,149.24440184782625,0.6962591644065185,15,1.0,0.7137156353899478
2018-03-05,147.26225272678218,0.6920996281234484,15,1.0,0.7200119197107745
2018-03-06,146.48366778054,0.6903915054667982,15,1.0,0.7400941410715711
2018-03-07,143.78132542639455,0.6844995299439603,15,1.0,0.7286589774305726
2018-03-08,143.53454945740845,0.6838840108095425,15,1.0,0.751267720646149
2018-03-09,143.6707984833813,0.6841107635151935,15,0.9387670168910255,0.7747397176910501
2018-03-12,145.41551088877438,0.6878286660037399,15,0.9140403558313114,0.7790169533470798
2018-03-13,149.39056712327545,0.6960648018205565,15,0.9253430378236485,0.7107401406657512
2018-03-14,150.52445431863046,0.6982845620348792,15,0.9632462315555026,0.7267239554853906
2018-03-15,152.26669687914952,0.7016678298480851,15,0.9896551724137931,0.7333387688046904
2018-03-16,152.18347028165286,0.7014356491604216,15,1.0,0.7563731824641119
2018-03-19,151.8789724753078,0.7007678838414372,15,0.9574712643678162,0.7800188593140966
2018-03-20,150.11726484955665,0.6618148036312124,14,0.9114942528735631,0.7894849843555967
2018-03-21,150.30913267116048,0.6621683866520801,14,0.8620808152624722,0.8139713078728852
2018-03-22,148.84101849547085,0.6587572423294696,14,0.8023107003199432,0.8246665166820356
2018-03-23,146.4990201558859,0.653221809387918,14,0.0,0.8119621395903212
2018-03-26,146.02055050126486,0.0,0,0.7198206738555121,0.837291850021523
2018-03-27,145.79023732201188,0.602699983696221,15,0.7152229727060868,0.8520240793883483
2018-03-28,144.4066524589374,0.5988006272807789,15,0.6979697436505116,0.8607512706409938
2018-04-02,148.88851039722584,0.6007783437161466,15,0.7209582493976381,0.7130262223204579
2018-04-03,150.60688251947803,0.6052420562160983,15,0.7908954457479166,0.7174790385326759
2018-04-04,148.26651851652525,0.598918133524307,15,0.8126436781609194,0.7112182237363
2018-04-05,150.09877266620575,0.6037225166821945,15,0.867816091954023,0.7133037728388719
2018-04-06,151.66389720241594,0.6077212833268528,15,0.9308883359007782,0.7192913163806383
2018-04-09,152.4717355836896,0.6097094521010273,15,0.9847335782280681,0.7374824238287425
2018-04-10,151.6728442583482,0.6075629823347508,15,1.0,0.756878231600405
2018-04-11,152.93042295550282,0.6107000678162658,15,1.0,0.7677580292710201
2018-04-12,151.30984428623466,0.7677580292710202,15,1.0,0.7764353787178097
2018-04-13,152.221429959294,0.769095437042534,15,1.0,0.7960899676406972
2018-04-16,153.8250654522935,0.7714497902981208,15,1.0,0.8063529341865576
2018-04-17,153.92969167415566,0.7715523192910034,15,1.0,0.83151329863711
2018-04-18,154.224852119183,0.7719368017495702,15,1.0,0.8569909791739552
2018-04-19,155.2666947761031,0.7734147241038432,15,1.0,0.8766947657876706
2018-04-20,156.90437650295982,0.7757278452780147,15,1.0,0.8866549195738296
2018-04-23,157.13694201879844,0.7760079853715944,15,1.0,0.9139076139365034
2018-04-24,156.273468859738,0.7747182553393702,15,1.0,0.9382006403774925
2018-04-25,155.5085579037325,0.9382006403774925,15,1.0,0.9655030151317062
2018-04-26,157.34458866668797,0.9389076434786643,15,1.0,0.9734490028421341
2018-04-27,159.86520667477248,0.9398569905565192,15,1.0,0.9687620807041007
2018-04-30,161.09316266105313,0.940301637157539,15,1.0,0.9893036716853704
2018-05-02,159.03981694783596,0.9893036716853704,15,1.0,1.0
2018-05-03,158.06155992954203,0.9233500935730123,14,1.0,1.0
2018-05-04,158.38507083826937,0.9234889662749579,14,1.0,1.0
2018-05-07,157.95017533576714,0.9232605608905793,14,1.0,1.0
2018-05-08,158.2696555761224,0.9233977553531982,14,1.0,1.0
2018-05-09,160.26437848338767,0.9243336875375952,14,1.0,1.0
2018-05-10,158.00046784203266,0.9232317535812109,14,1.0,1.0
2018-05-11,157.68645821393358,0.9230610925873586,14,1.0,1.0
2018-05-14,156.20364288975642,0.8666418909183002,13,0.9722520921969234,1.0
2018-05-15,156.16341775418854,0.8665766927083415,13,0.9073667149781038,1.0
2018-05-16,155.12291489775703,0.8656506807537308,13,0.8482085807346458,1.0
2018-05-17,157.1302922813341,0.8673363539971055,13,0.8265307712687208,1.0
2018-05-18,153.9586105448699,0.8645720562962038,13,0.7843907304377639,1.0
2018-05-21,149.85788940614623,0.8608340220922515,13,0.7331806068539902,1.0
2018-05-22,152.090858929464,0.8084748746329178,12,0.7070534698521048,1.0
2018-05-23,151.2137156780841,0.8073193499683275,12,0.6683731513083049,1.0
2018-05-24,149.44397186883106,0.8049925036735057,12,0.6238409151121292,1.0
2018-05-25,149.78414840320568,0.5718541721861187,11,0.6259363922436713,1.0
2018-05-28,150.88329171202844,0.5228755719911992,10,0.6564883517587943,1.0
2018-05-29,152.1266587331259,0.5266657879046903,10,0.6733413587024214,1.0
2018-05-30,150.82924424814578,0.5224838243075679,10,0.7026527419587955,1.0
2018-05-31,150.23468237496664,0.7026527419587956,10,0.7356037144509352,1.0
2018-06-01,146.4729858094693,0.7356037144509352,15,0.7113749353696854,1.0
2018-06-04,142.17104106398298,0.6865634668208729,14,0.652495724456111,0.8777517671716847
2018-06-05,137.31886234024122,0.675413104553538,14,0.5774529690172218,0.7436662584383542
2018-06-06,139.89519172458267,0.19937927698610824,13,0.5220896472179135,0.7201972786288896
2018-06-07,140.59902133855763,0.20320291381636083,13,0.48650916756154805,0.7134682656673985
2018-06-08,140.97777079056547,0.2051598144710336,13,0.49340571928568605,0.7279199670398045
2018-06-11,141.19330709384474,0.2061896363473516,13,0.5178021715785707,0.7482203891651665
2018-06-12,141.70362591989687,0.20886548475374106,13,0.5870063238277056,0.7557940772010031
2018-06-13,141.765568713368,0.2090282897068869,13,0.6274947301435787,0.7794198428130381
2018-06-14,141.92313565249606,0.20972373693295263,13,0.6538479895000597,0.8025268788712135
2018-06-15,142.00460509112483,0.2099944776358264,13,0.6525434514576621,0.8274173756472853
2018-06-18,142.00716910931715,0.20982605412226912,13,0.6498774233605996,0.853403395132353
2018-06-19,141.64724108720185,0.207635014767334,13,0.6060481269361476,0.8674999355368241
2018-06-20,141.75281202266706,0.2080420315796775,13,0.572480135845188,0.8940301999118843
2018-06-21,141.314149504994,0.20539995210778975,13,0.5162418190174426,0.8997287097568752
2018-06-22,141.41352906540516,0.20577473988872838,13,0.48676861878121286,0.9272689277347566
2018-06-25,141.26900243582992,0.20477834546977597,13,0.4441189485630495,0.9541029860596987
2018-06-26,141.13699915664603,0.2038505177647848,13,0.41777570699017064,0.9810376626119417
2018-06-27,140.62039189564234,0.20074085808376546,13,0.368647844642662,0.9719957251471483
2018-06-28,140.42667727919766,0.19945321708600022,13,0.31145118699878754,0.9962094190953521
2018-06-29,141.48805831313908,0.2052748263637122,13,0.2710037869933144,0.8826383381256476
2018-07-02,141.33049516731666,0.11959916608876803,15,0.2474402730375428,0.909614401225223
2018-07-03,141.485654643512,0.12036128121483791,15,0.2269624573378842,0.9318082924109707
2018-07-04,141.63825158058833,0.12110577886456286,15,0.23378839590443692,0.9545156546580931
2018-07-05,141.4018261202764,0.11337586611940108,14,0.251990898748578,0.9597091986635099
2018-07-06,141.44455370032654,0.11343872543129,14,0.251990898748578,0.9896421338225153
2018-07-09,141.77769519953827,0.11531738096253999,14,0.27019340159271893,0.9744441216321359
2018-07-10,142.11291947375219,0.11720011958291898,14,0.3134243458475542,0.9634757809407494
2018-07-11,142.05005627786178,0.11660520298395112,14,0.33162684869169523,0.9905761119837461
2018-07-12,142.00998040248706,0.11615155991371996,14,0.3612059158134245,1.0
2018-07-13,141.83434552756742,0.1148524363200516,14,0.37793569903532975,1.0
2018-07-16,141.48359351897108,0.11245286670112131,14,0.35518257048015345,0.9952161785622811
2018-07-17,141.70384491625992,0.10533866970549338,13,0.31650225193635373,1.0
2018-07-18,141.7596178922028,0.10548384807678973,13,0.2937491233811775,1.0
2018-07-19,141.70005122968848,0.10490087287547986,13,0.2611750015822872,1.0
2018-07-20,141.7883107357768,0.10525118349793397,13,0.23009681688375025,1.0
2018-07-23,141.84185136814145,0.10538208688725648,13,0.24072268270220498,1.0
2018-07-24,141.99966719842973,0.10616969609898057,13,0.2717180159891032,1.0
2018-07-25,142.2386690707009,0.1074652348473984,13,0.3049886621315193,1.0
2018-07-26,142.2580010697427,0.10738015200430129,13,0.35487528344671204,1.0
2018-07-27,142.38030849311423,0.10794068631509295,13,0.41609977324263037,1.0
2018-07-30,142.53285697565286,0.1086893594323382,13,0.4705215419501135,1.0
2018-07-31,142.93235173338712,0.11097502363546571,13,0.5045351473922903,1.0
2018-08-01,143.2880294467826,0.25226757369614516,15,0.543375007660722,1.0
2018-08-02,143.87660624803402,0.25515422299517276,15,0.5731445731445732,1.0
2018-08-03,144.68180220751208,0.25912821569188693,15,0.6209015137586569,1.0
2018-08-06,144.7866364878608,0.2594934472206588,15,0.6618404118404119,1.0
2018-08-07,144.72661984212635,0.2590150516941042,15,0.6836457669791003,1.0
2018-08-08,145.19306478968522,0.26122472406457664,15,0.690402523735857,1.0
2018-08-09,145.36772562101768,0.26194173182366626,15,0.711870961870962,1.0
2018-08-10,145.17232651652796,0.26077741227542295,15,0.7018382018382018,1.0
2018-08-13,144.94694511748614,0.25945676483816016,15,0.6612976612976613,1.0
2018-08-14,145.06537189007554,0.2598902081537753,15,0.6533275699942366,1.0
2018-08-16,144.83006571323068,0.2585163174882662,15,0.6353095519762187,1.0
2018-08-17,145.16034983602557,0.2600323394356441,15,0.6240862074195409,1.0
2018-08-20,145.30629458476204,0.2606046108585609,15,0.6273622106955442,1.0
2018-08-21,145.97543810964524,0.2638237561097594,15,0.6656504989838321,1.0
2018-08-23,146.52520659832774,0.26641631520352327,15,0.6791640124973459,1.0
2018-08-24,146.28848176482776,0.2650593083883861,15,0.7061910395243728,1.0
2018-08-27,146.8005560904056,0.26745358759975524,15,0.7319819819819819,1.0
2018-08-28,147.09008899335012,0.26872646602209493,15,0.7545045045045047,1.0
2018-08-29,147.08752953808477,0.2685446293851832,15,0.7691250572606505,1.0
2018-08-30,147.2032263525468,0.26895051087123595,15,0.8040845930676439,1.0
2018-08-31,147.48216547540034,0.27016443770153153,15,0.8593602076652924,1.0
2018-09-03,146.9665222047301,0.4296801038326462,15,0.8717666819361735,1.0
2018-09-04,146.3451870454352,0.42712625889651135,15,0.8367231638418081,1.0
2018-09-05,145.93650938673494,0.42538914531174776,15,0.7995800885631392,1.0
2018-09-06,146.44033755244018,0.4272336716237747,15,0.7533592914948847,1.0
2018-09-07,147.13477883451333,0.42980516440597843,15,0.7138494426630022,1.0
2018-09-10,146.63285647155067,0.4277210845229945,15,0.6709115895556574,1.0
2018-09-11,145.7441194704577,0.4240982215030906,15,0.6324935104596121,1.0
2018-09-12,145.42980888680486,0.4227200855699712,15,0.6131394105970377,1.0
2018-09-14,145.8556678168452,0.4242724784266726,15,0.607382806535349,1.0
2018-09-17,145.54433985492307,0.4229075399094365,15,0.58135593220339,1.0
2018-09-18,145.37124631770936,0.42208678292721447,15,0.5519774011299436,1.0
2018-09-19,144.27938165143476,0.41757864741682504,15,0.5556191785005347,1.0
2018-09-21,143.01748054975505,0.412303833329189,15,0.5276759810658117,1.0
2018-09-24,141.56995325807506,0.40615744994082553,15,0.4493636677252499,1.0
2018-09-25,140.52847619486016,0.22468183386262497,15,0.3688066854733523,1.0
2018-09-26,140.23497720782393,0.2116818913208921,14,0.32436224102890776,1.0
2018-09-27,139.63524934394192,0.18277347553532985,12,0.2673734340401009,1.0
2018-09-28,139.20508734125033,0.16798250428888847,11,0.2059483726150394,1.0
2018-10-01,138.95179123488336,0.1029741863075197,15,0.17227833894500572,1.0
2018-10-03,138.84187170923406,0.10205641746199,15,0.12514029180695865,1.0
2018-10-04,138.36845953872796,0.09877584196137909,15,0.03984287317620682,1.0
2018-10-05,137.99645159448366,0.0,0,0.0,0.9846517238586043
2018-10-08,138.02836362727422,0.0,0,0.0,0.9940335880040789
2018-10-09,138.06028303980406,0.0,0,0.0,1.0
2018-10-10,138.0922098337798,0.0,0,0.0,0.8708087730731464
2018-10-11,138.1241440109084,0.0,0,0.0,0.8700582799591601
2018-10-12,138.1560855728972,0.0,0,0.0,0.829444217598406
2018-10-15,138.18803452145403,0.0,0,0.0,0.8442865856175232
2018-10-16,138.21999085828702,0.0,0,0.0,0.8581586527385155
2018-10-17,138.25195458510473,0.0,0,0.0,0.831223095656274
2018-10-19,138.28392570361612,0.0,0,0.0,0.8438797224843726
2018-10-22,138.31590421553054,0.0,0,0.0,0.854976455713142
2018-10-23,138.34789012255771,0.0,0,0.0,0.8682593708870792
2018-10-24,138.3798834264078,0.0,0,0.0,0.8863086451940131
2018-10-25,138.4118841287913,0.0,0,0.0,0.9024354354294141
2018-10-26,138.4438922314192,0.0,0,0.0,0.9307523454486459
2018-10-29,138.47590773600277,0.0,0,0.0,0.8765417766437464
2018-10-30,138.50793064425378,0.0,0,0.0,0.899857206468147
2018-10-31,138.53996095788432,0.0,0,0.0,0.903021325990693
2018-11-01,138.5719986786069,0.0,0,0.0,0.9134461377540606
2018-11-02,138.6040438081344,0.0,0,0.0,0.9274491764568217
2018-11-05,138.6360963481802,0.0,0,0.0,0.9564632456957596
2018-11-06,138.66815630045795,0.0,0,0.0,0.9856656511271273
2018-11-07,138.70022366668175,0.0,0,0.0,1.0
2018-11-09,138.7322984485661,0.0,0,0.0,1.0
2018-11-12,138.7643806478259,0.0,0,0.0,1.0
2018-11-13,138.79647026617644,0.0,0,0.0,1.0
2018-11-14,138.8285673053334,0.0,0,0.0,1.0
2018-11-15,138.86067176701283,0.0,0,0.0,1.0
2018-11-16,138.89278365293126,0.0,0,0.0,1.0
2018-11-19,138.9249029648055,0.0,0,0.21492704826038173,1.0
2018-11-20,138.9122312680088,0.10746352413019086,15,0.21492704826038173,1.0
2018-11-21,138.85056431165305,0.1068606336791515,15,0.21941638608305294,1.0
2018-11-22,138.77819457031868,0.10618823289569931,15,0.0,1.0
2018-11-26,138.58469892374873,0.0,0,0.0,1.0
2018-11-27,138.61674699024047,0.0,0,0.0,1.0
2018-11-28,138.64880246792964,0.0,0,0.0,1.0
2018-11-29,138.68086535853013,0.0,0,0.17137592137592156,1.0
2018-11-30,138.67727757802194,0.08568796068796078,15,0.19907786574453262,1.0
2018-12-03,138.72869129366052,0.09953893287226631,15,0.24028574028574035,1.0
2018-12-04,138.737027736488,0.09938481844157968,15,0.265765765765766,1.0
2018-12-05,138.65794521308277,0.09866277094766417,15,0.27927927927927937,1.0
2018-12-06,138.41998503259788,0.09690447172304595,15,0.283783783783784,1.0
2018-12-07,138.5289479724945,0.09740614215811044,15,0.2590090090090091,1.0
2018-12-10,138.22027725050066,0.09518129458061328,15,0.0,1.0
2018-12-11,138.4040510171674,0.0,0,0.0,1.0
2018-12-12,138.43605730836816,0.0,0,0.0,1.0
2018-12-13,138.46807100110573,0.0,0,0.22972972972972974,1.0
2018-12-14,138.4523657140042,0.11486486486486489,15,0.27927927927927954,1.0
2018-12-17,138.58614748184328,0.11551482276022729,15,0.3558558558558559,1.0
2018-12-18,138.80716085273744,0.11671891564306175,15,0.418918918918919,1.0
2018-12-19,138.97670797543773,0.11759247839278902,15,0.4752252252252253,1.0
2018-12-20,139.10023081294824,0.11817219010525958,15,0.5280348144754925,1.0
2018-12-21,138.91982965189752,0.11682285957903879,15,0.5415483279890059,1.0
2018-12-24,138.6724771235865,0.27077416399450294,15,0.523530309970988,1.0
2018-12-26,139.1743204247753,0.2732356239766394,15,0.5010077874484656,1.0
2018-12-27,139.4658862492831,0.2745872747002787,15,0.4739807604214385,1.0
2018-12-28,139.76027159965312,0.2759478543526158,15,0.45045045045045057,1.0
2018-12-31,139.7852995487996,0.2759100838026776,15,0.4662162162162164,1.0
2019-01-01,139.8586614540118,0.23310810810810817,15,0.5135135135135137,1.0
2019-01-02,139.74393613804943,0.23230102300759692,15,0.5392044586959841,1.0
2019-01-03,139.5855939677823,0.23125243204673696,15,0.5287830203084442,1.0
2019-01-04,139.69824263010096,0.2316946965798795,15,0.510765002290426,1.0
2019-01-07,139.8039187862855,0.2320979113546175,15,0.4882424797679037,1.0
2019-01-08,140.43929465668063,0.23539528032565873,15,0.4724767140021379,1.0
2019-01-09,140.6707512296994,0.23647681831576917,15,0.4670560390899375,1.0
2019-01-10,141.02593475960367,0.23822368204127498,15,0.4909909909909911,1.0
2019-01-11,141.16930313611303,0.23882134115873013,15,0.49774774774774794,1.0
2019-01-14,140.66719931903273,0.23592770305385818,15,0.48423423423423423,1.0
2019-01-15,141.0692952695571,0.23792938153070115,15,0.47972972972972977,1.0
2019-01-16,141.14476864409352,0.23816074178100138,15,0.48556890223556887,1.0
2019-01-17,141.04260877888666,0.23743262211461463,15,0.4824066490733158,1.0
2019-01-18,140.1503964049681,0.23240056854680502,15,0.4770300603633936,1.0
2019-01-21,140.07631210497505,0.23181699328799546,15,0.46946946946946966,1.0
2019-01-22,139.56761905830996,0.22051605290164147,14,0.4528619528619529,1.0
2019-01-23,140.00080942607795,0.22274823146365008,14,0.4214365881032548,1.0
2019-01-24,139.71512101412105,0.22097880399023143,14,0.3922558922558923,1.0
2019-01-25,138.4207625919487,0.20781562641937523,13,0.3585858585858588,1.0
2019-01-28,136.42041486103955,0.19171387184040345,12,0.3271604938271606,0.7318662160881542
2019-01-29,136.51320621207626,0.19207649242350455,12,0.2912457912457914,0.7540991130791628
2019-01-30,137.11092498666508,0.1654791964078406,10,0.25982042648709325,0.7468870130156506
2019-01-31,137.68307055815671,0.15003880280276066,9,0.23288439955106632,0.7380473215438887
2019-02-01,137.471059164555,0.08593985365901065,15,0.23288439955106632,0.7578183378001019
2019-02-04,137.2362224213393,0.0841639860044093,15,0.24410774410774416,0.7601527987205551
2019-02-05,137.2408700275845,0.08398321816733559,15,0.23737373737373757,0.7839085021114974
2019-02-06,137.1360501376424,0.083071067934484,15,0.2485970819304154,0.8006928363740012
2019-02-07,137.30034531531982,0.08395648724476867,15,0.262065095398429,0.8158159325950937
2019-02-08,137.346438513158,0.08405214335159827,15,0.25533108866442217,0.8411551331230972
2019-02-11,137.34528806629254,0.08383265402587545,15,0.23512906846240186,0.8674720889168034
2019-02-12,137.3005035544024,0.07909261093249506,14,0.22615039281705954,0.8931568197781903
2019-02-14,137.04738685542944,0.07717840548446042,14,0.1969696969696973,0.8659633137576209
2019-02-15,136.93429564282687,0.06656150176908471,12,0.14085297418630774,0.8801876212773252
2019-02-18,136.8502928515828,0.06577253683528392,12,0.0,0.895509131293936
2019-02-19,136.76252283949006,0.0,0,0.0,0.9148347164212759
2019-02-20,136.79414952309637,0.0,0,0.0,0.9259072192168002
2019-02-21,136.82578352045425,0.0,0,0.0,0.9419702309252381
2019-02-22,136.85742483325504,0.0,0,0.0,0.9663717141773224
2019-02-25,136.8890734631904,0.0,0,0.0,0.9920848306807876
2019-02-26,136.92072941195252,0.0,0,0.0,1.0
2019-02-27,136.95239268123382,0.0,0,0.0,1.0
2019-02-28,136.9840632727272,0.0,0,0.0,1.0
2019-03-01,137.015741188126,0.0,0,0.0,1.0
2019-03-05,137.04742642912382,0.0,0,0.3496071829405163,0.9665249445715668
2019-03-06,137.00963961049894,0.16895203155670202,15,0.43041526374859707,0.9885509933254402
2019-03-07,137.00398903980042,0.1687255660496414,15,0.5157126823793491,1.0
2019-03-08,136.9673925216306,0.168311170911574,15,0.5718294051627386,1.0
2019-03-11,137.2314240960374,0.16971936987297184,15,0.670594837261504,1.0
2019-03-12,137.26102717649988,0.335297418630752,15,0.7648709315375981,1.0
2019-03-13,137.16242495022726,0.3346657578841643,15,0.8322109988776657,1.0
2019-03-14,137.1271745353273,0.33434082482229555,15,0.8905723905723908,1.0
2019-03-15,136.5436278686794,0.3313414031420985,15,0.9489337822671157,1.0
2019-03-18,136.23203434341968,0.32965704676537444,15,0.9556677890011225,1.0
2019-03-19,136.284153496203,0.32975844679976263,15,0.9489337822671157,1.0
2019-03-20,136.17494565172004,0.32906581565893905,15,0.9489337822671157,1.0
2019-03-22,136.9508844420808,0.3327129304910895,15,0.9354657687991021,1.0
2019-03-25,136.14148770457325,0.3285905051382283,15,0.904040404040404,1.0
2019-03-26,136.45915998744178,0.31167058556666527,14,0.8928855409081399,1.0
2019-03-27,136.72164277850734,0.31283319109647917,14,0.8953660902813442,1.0
2019-03-28,136.92261562516111,0.31368312781542845,14,0.9125904884581232,1.0
2019-04-01,137.58435623426988,0.45629524422906154,15,0.9705166892414673,1.0
2019-04-02,137.25474175734345,0.45486351322931473,15,1.0,1.0
2019-04-03,136.23490228310902,0.4506556736168153,15,1.0,1.0
2019-04-04,135.62401253562888,0.44805365851678924,15,1.0,1.0
2019-04-05,136.12459473538865,0.44995620669542563,15,1.0,1.0
2019-04-08,135.67151712270345,0.42468203959050344,14,1.0,1.0
2019-04-09,136.2756830461225,0.4271002058534121,14,1.0,1.0
2019-04-10,136.4166695934305,0.4275599498299928,14,1.0,1.0
2019-04-11,136.0793325051003,0.42600817960308734,14,1.0,1.0
2019-04-12,136.30250638589985,0.4268154810388087,14,1.0,1.0
2019-04-15,136.23609819086658,0.4264034676287026,14,1.0,1.0
2019-04-16,136.3027870821087,0.4265515305487485,14,1.0,1.0
2019-04-18,135.6933721271108,0.42384289876713876,14,1.0,1.0
2019-04-22,135.25762094092335,0.42185306170306536,14,1.0,1.0
2019-04-23,135.3183738987202,0.4219789904152572,14,1.0,1.0
2019-04-24,135.9207399523334,0.42440755565620986,14,1.0,1.0
2019-04-25,135.71213522466059,0.4233894938770473,14,1.0,1.0
2019-04-26,135.62575703839627,0.42288883096648056,14,1.0,1.0
2019-04-30,134.5924631393372,0.4183237473275228,14,1.0,1.0
2019-05-02,135.1429139410965,0.5,15,0.9828855836119756,1.0
2019-05-03,135.24785251196033,0.50027241255441,15,0.9522387486067873,1.0
2019-05-06,134.20543478791018,0.4962744032247731,15,0.9001764822588064,1.0
2019-05-07,133.6033220122157,0.49388724014466356,15,0.836852954649565,1.0
2019-05-08,132.4232056356376,0.48925883027477696,15,0.7771033745610016,1.0
2019-05-09,132.22088575556563,0.48835902066248205,15,0.7106199419758742,1.0
2019-05-10,132.5979751790947,0.48969607164729057,15,0.649602992823332,1.0
2019-05-13,131.62672994431725,0.32480149641166595,15,0.5746811321871856,1.0
2019-05-14,132.15273465994514,0.30586181104769056,14,0.5178232539007358,1.0
2019-05-15,132.22322047387428,0.306071407933416,14,0.4623185967011633,1.0
2019-05-16,132.8759443626565,0.3093204952350445,14,0.4338867750490027,1.0
2019-05-17,133.2950647790159,0.31133298346672394,14,0.41580767900380505,1.0
2019-05-20,134.46954310828906,0.31719004543402995,14,0.49633344863369094,1.0
2019-05-21,134.0513353136509,0.31490144909979834,14,0.5451977401129944,1.0
2019-05-22,134.34479831696055,0.31623989480850734,14,0.6107344632768362,1.0
2019-05-23,134.02509237093756,0.31445034228617696,14,0.6762711864406781,1.0
2019-05-24,134.4595939231022,0.316507649608187,14,0.7689265536723165,1.0
2019-05-27,134.68723948129372,0.31750508189123544,14,0.8367231638418081,1.0
2019-05-28,134.69537144657542,0.31738846699629863,14,0.926180867827357,1.0
2019-05-29,134.70183716501535,0.3172633844153848,14,1.0,1.0
2019-05-30,134.93988120277857,0.5,14,1.0,1.0
2019-05-31,135.0125197637189,0.5001534426879528,14,1.0,1.0
2019-06-03,135.66067581466234,0.5,15,1.0,1.0
2019-06-04,135.5332289290472,0.4994140965815893,15,1.0,1.0
2019-06-06,134.81864168777153,0.49664443608201353,15,1.0,1.0
2019-06-07,135.29853287150547,0.49831380157783806,15,1.0,1.0
2019-06-10,136.20639800394991,0.5015424794471075,15,1.0,1.0
2019-06-11,136.71398642916282,0.503278299022505,15,0.9864864864864863,1.0
2019-06-12,136.8443595039754,0.5036367723338755,15,0.9539013589861047,1.0
2019-06-13,136.27250866032776,0.5014385780697497,15,0.941548327989006,1.0
2019-06-14,135.77507947683108,0.49949631921858123,15,0.9258132051110259,1.0
2019-06-17,134.66756907456505,0.4952634662838101,15,0.8748492718945332,1.0
2019-06-18,135.74871386463207,0.4991675523147426,15,0.8194500159833317,1.0
2019-06-19,136.0295447670106,0.5000859335178838,15,0.7662350576836279,1.0
2019-06-20,136.80491870332,0.5028043624605029,15,0.7447276976774782,1.0
2019-06-21,136.79264622443597,0.5026447680139736,15,0.7299536424353588,1.0
2019-06-24,137.28681844988168,0.5043204276529097,15,0.7447896109524584,1.0
2019-06-25,137.5219160523108,0.5050533746798154,15,0.7629921137965991,1.0
2019-06-26,137.8252857265901,0.5060286047117958,15,0.8083435877195021,1.0
2019-06-27,138.65618891356903,0.5088752019751066,15,0.8310193246809532,1.0
2019-06-28,139.02681943606115,0.5100712166836199,15,0.8548636747076531,1.0
2019-07-01,139.9353690352639,0.4274318373538265,15,0.8979475749344107,1.0
2019-07-02,139.7904787693161,0.8979475749344108,15,0.9195011337868481,1.0
2019-07-03,140.64749118226342,0.8985459585612767,15,0.9308390022675738,1.0
2019-07-04,142.519573065468,0.8998554662089664,15,0.9512471655328801,1.0
2019-07-05,142.100957799381,0.8995372234854215,15,0.9467120181405896,1.0
2019-07-08,138.75504283860153,0.897090889078903,15,0.8945578231292519,1.0
2019-07-09,138.8295032456487,0.89712229855825,15,0.8492063492063497,1.0
2019-07-10,138.81058168193016,0.8970844811065128,15,0.7879818594104311,1.0
2019-07-11,138.70238168997022,0.8969803799553646,15,0.7290249433106578,1.0
2019-07-12,140.60731839742306,0.7290249433106578,15,0.7040816326530615,1.0
2019-07-15,140.39397241655107,0.728550404343495,15,0.7131519274376418,1.0
2019-07-16,141.27895149813602,0.7301883992637705,15,0.7335600907029479,1.0
2019-07-17,140.48329484060702,0.7285975165637761,15,0.7653061224489796,1.0
2019-07-18,139.8811987410436,0.7273662755983223,15,0.7857142857142858,1.0
2019-07-19,138.55743279762333,0.724697906558876,15,0.7721088435374148,1.0
2019-07-22,137.2120649512373,0.6820269874816498,14,0.7494331065759637,1.0
2019-07-23,137.77477603013105,0.6832524472804056,14,0.7063492063492063,1.0
2019-07-24,136.35718913608542,0.679885488756174,14,0.6564625850340138,1.0
2019-07-25,135.22340132496205,0.6771268235993899,14,0.6111111111111113,1.0
2019-07-26,136.22360900773725,0.3055555555555556,14,0.5884353741496599,1.0
2019-07-29,136.0095876681849,0.3043019501104232,14,0.5566893424036282,1.0
2019-07-30,135.4796642142812,0.3014192429221285,14,0.5167011059258745,1.0
2019-07-31,135.01228261070014,0.2988388084882081,14,0.4954166599440919,1.0
2019-08-01,134.84483202568157,0.24770832997204598,15,0.4492657702096669,1.0
2019-08-02,134.39950479627834,0.2311944413072429,14,0.4045731183741581,1.0
2019-08-05,133.6538933302598,0.22672674584301944,14,0.0,1.0
2019-08-06,134.48421774627158,0.0,0,0.0,1.0
2019-08-07,134.51531756599118,0.0,0,0.0,1.0
2019-08-08,134.54642457762372,0.0,0,0.0,1.0
2019-08-09,134.57753878283236,0.0,0,0.0,1.0
2019-08-13,134.60866018328062,0.0,0,0.0,1.0
2019-08-14,134.63978878063241,0.0,0,0.0,1.0
2019-08-16,134.67092457655207,0.0,0,0.0,1.0
2019-08-19,134.70206757270424,0.0,0,0.0,1.0
2019-08-20,134.733217770754,0.0,0,0.0,1.0
2019-08-21,134.76437517236687,0.0,0,0.0,1.0
2019-08-22,134.7955397792086,0.0,0,0.0,1.0
2019-08-23,134.8267115929455,0.0,0,0.0,1.0
2019-08-26,134.85789061524412,0.0,0,0.0,1.0
2019-08-27,134.8890768477715,0.0,0,0.0,1.0
2019-08-28,134.920270292195,0.0,0,0.0,1.0
2019-08-29,134.9514709501824,0.0,0,0.0,1.0
2019-08-30,134.98267882340187,0.0,0,0.0,1.0
2019-09-03,135.0138939135219,0.0,0,0.0,1.0
2019-09-04,135.04511622221148,0.0,0,0.0,1.0
2019-09-05,135.07634575113988,0.0,0,0.0,1.0
2019-09-06,135.10758250197682,0.0,0,0.0,1.0
2019-09-09,135.13882647639238,0.0,0,0.0,1.0
2019-09-11,135.17007767605702,0.0,0,0.0,1.0
2019-09-12,135.20133610264162,0.0,0,0.0,1.0
2019-09-13,135.2326017578174,0.0,0,0.0,1.0
2019-09-16,135.263874643256,0.0,0,0.0,1.0
2019-09-17,135.29515476062943,0.0,0,0.0,1.0
2019-09-18,135.3264421116101,0.0,0,0.0,1.0
2019-09-19,135.35773669787082,0.0,0,0.0,1.0
2019-09-20,135.38903852108473,0.0,0,0.5585585585585587,0.9206332491320984
2019-09-23,135.3158922663738,0.2571137902981536,15,0.6171171171171173,0.8955756741026542
2019-09-24,135.47981243626066,0.2578410390871905,15,0.6959459459459462,0.9218424110580032
2019-09-25,135.70975112491016,0.25892717458621406,15,0.7612612612612614,0.9458194872910791
2019-09-26,135.79390202329296,0.25921514544797497,15,0.8738738738738737,0.9749993790266572
2019-09-27,135.99123633113655,0.42601324218732306,15,0.8761261261261261,0.9991845041565545
2019-09-30,135.48539254907652,0.42373699272019666,15,0.8445945945945945,1.0
2019-10-01,135.07780661495232,0.42229729729729726,15,0.7995495495495496,1.0
2019-10-03,134.65122376688143,0.4203330833272731,15,0.7702702702702704,1.0
2019-10-04,134.39717868534908,0.41910306157832433,15,0.6914414414414415,1.0
2019-10-07,134.40248438088375,0.4189916645640477,15,0.6283783783783785,1.0
2019-10-09,134.94947386897192,0.4212128453553571,15,0.5833333333333336,1.0
2019-10-10,134.5606170254838,0.41940601806648986,15,0.55497022446175,1.0
2019-10-11,134.85546816794235,0.4205414720093553,15,0.5424263246297146,1.0
2019-10-14,134.933164241402,0.4207412068093671,15,0.5636814780882577,1.0
2019-10-15,134.84474134995804,0.42022732158553805,15,0.5894487708047031,1.0
2019-10-16,134.51955487173768,0.3972521868300344,14,0.6062146892655369,1.0
2019-10-17,135.01169857784453,0.3993104400902142,14,0.6502209923517429,1.0
2019-10-18,135.27291392184063,0.4003317437356483,14,0.7033513970559976,1.0
2019-10-22,135.98759745642127,0.4033453574009147,14,0.7428917329643722,1.0
2019-10-23,136.4729394807156,0.40532976755620415,14,0.798312771436258,1.0
2019-10-24,136.66614836763083,0.4060331454648275,14,0.8469387755102041,1.0
2019-10-25,137.054367629464,0.4075786446222052,14,0.8718820861678003,1.0
2019-10-27,137.8273126608389,0.41076475359757747,14,0.8786848072562358,1.0
2019-10-29,138.5153248291905,0.8786848072562359,14,0.9104308390022677,1.0
2019-10-30,138.18151886994903,0.8783636231662152,14,0.9399092970521541,1.0
2019-10-31,137.65194961372583,0.8778674314627668,14,0.9875283446712019,1.0
2019-11-01,137.5817255199345,0.987528344671202,15,1.0,1.0
2019-11-04,138.59683776212952,0.9876168267061554,15,1.0,1.0
2019-11-05,138.91025956463474,0.9876419095544852,15,1.0,1.0
2019-11-06,138.21808205196885,0.9875771497526016,15,1.0,1.0
2019-11-07,138.53119857161573,0.9876023623008334,15,1.0,1.0
2019-11-08,136.74297361150354,0.9874373305517303,15,1.0,1.0
2019-11-11,137.26443319606076,0.9874821612880667,15,1.0,1.0
2019-11-13,136.83594221387742,0.9874400588144266,15,1.0,1.0
2019-11-14,135.09576235981618,0.9872753312259033,15,1.0,1.0
2019-11-15,133.40940826507028,0.9871115059603599,15,0.9920634920634921,1.0
2019-11-18,133.20472118613432,0.496031746031746,15,0.9784580498866212,1.0
2019-11-19,133.07638660687746,0.495429078946041,15,0.9467120181405896,1.0
2019-11-20,132.88796169227305,0.4643287051498074,14,0.9648526077097507,1.0
2019-11-21,133.28132457551672,0.43531497142191067,13,0.9739229024943313,1.0
2019-11-22,133.21441695227466,0.4349007050282471,13,0.9897959183673468,1.0
2019-11-25,132.87474971672427,0.43332512905483145,13,1.0,1.0
2019-11-26,132.6641305938252,0.43229421634889326,13,1.0,1.0
2019-11-27,132.70750964027712,0.4323485458688529,13,1.0,1.0
2019-11-28,132.92610975655532,0.4331510070721054,13,1.0,1.0
2019-11-29,132.6727148554589,0.4319370325096681,13,1.0,1.0
2019-12-02,132.21666614427468,0.5,15,1.0,1.0
2019-12-03,131.6704173617789,0.49780959065575026,15,1.0,1.0
2019-12-04,131.1124125253962,0.49555567793967387,15,1.0,1.0
2019-12-05,130.81997235209224,0.47402920638619944,14,1.0,1.0
2019-12-06,130.52328283922543,0.47271172553663765,14,1.0,1.0
2019-12-09,130.16035422227446,0.4711192007458409,14,1.0,1.0
2019-12-10,129.4020776439756,0.46789701762799196,14,0.9705099332110544,1.0
2019-12-11,130.41287278661923,0.4374081437265326,13,0.9195088729462207,1.0
2019-12-12,130.93736696330757,0.439532131239632,13,0.8935052974545904,1.0
2019-12-13,131.36095320832186,0.44121022302364704,13,0.9197178302492787,1.0
2019-12-16,131.2626343464289,0.44066235771943585,13,0.9427041937444482,1.0
2019-12-17,131.42708992246486,0.44123307415682006,13,0.9917792634843458,1.0
2019-12-18,131.34845880400547,0.44076927740687244,13,1.0,1.0
2019-12-19,131.71510135599672,0.44219699017579167,13,1.0,1.0
2019-12-20,132.5192832673298,0.4454537593385084,13,1.0,1.0
2019-12-23,132.6429771896722,0.44584277122798543,13,1.0,1.0
2019-12-24,133.09415060902273,0.44759358278713335,13,1.0,1.0
2019-12-26,132.43590289424472,0.44471957038756593,13,1.0,1.0
2019-12-27,131.88454801401116,0.44226922516720085,13,1.0,1.0
2019-12-30,132.093821980287,0.41791309132508475,12,1.0,1.0
2019-12-31,131.66959464092864,0.4159026179869465,12,1.0,1.0
2020-01-01,131.832909528887,0.5,15,1.0,1.0
2020-01-02,132.16300502857953,0.5011334821031138,15,1.0,1.0
2020-01-03,132.56918070281202,0.5025469370950606,15,1.0,1.0
2020-01-06,131.41391105437626,0.4980577409341903,15,1.0,1.0
2020-01-07,131.8839308780098,0.49973094618385516,15,1.0,1.0
2020-01-08,131.95037383035165,0.49986722392434524,15,1.0,1.0
2020-01-09,132.89893062214668,0.5033220550277464,15,1.0,1.0
2020-01-10,132.8197974929216,0.5029112112183315,15,1.0,1.0
2020-01-13,132.52625435293572,0.5016949613045307,15,1.0,1.0
2020-01-14,132.8923470212866,0.5029527782723195,15,1.0,1.0
2020-01-15,133.4820820523613,0.5050343389626593,15,1.0,1.0
2020-01-16,133.50338240304825,0.5049988664970946,15,1.0,1.0
2020-01-17,134.16815650097985,0.507337586582887,15,1.0,1.0
2020-01-20,134.6241583570107,0.5088927998069643,15,1.0,1.0
2020-01-21,133.96497791495054,0.5063621570597736,15,1.0,1.0
2020-01-22,134.08114681881216,0.5066757924516639,15,1.0,1.0
2020-01-23,134.36423235932736,0.507601311372696,15,1.0,1.0
2020-01-24,134.9374251795705,0.5095795582880167,15,1.0,1.0
2020-01-27,135.2027185537648,0.5104286677508967,15,1.0,1.0
2020-01-28,135.2012916183771,0.5103102849200898,15,1.0,1.0
2020-01-29,135.75388287765765,0.5121908041815939,15,1.0,1.0
2020-01-30,134.82568187753876,0.5087189212122016,15,1.0,1.0
2020-01-31,134.75180421888834,0.5083359041322913,15,1.0,1.0
2020-02-03,132.64306957575113,0.5,15,1.0,1.0
2020-02-04,134.06954244784427,0.5052055030438606,15,1.0,1.0
2020-02-05,134.68062145689046,0.5073366036900049,15,1.0,1.0
2020-02-06,135.45086728542452,0.510024868550605,15,1.0,1.0
2020-02-07,136.0208543093533,0.5119652460091149,15,1.0,1.0
2020-02-10,136.0746464547952,0.5120453580665715,15,1.0,1.0
2020-02-11,136.6156014204306,0.5138651115749084,15,1.0,1.0
2020-02-12,136.9709678551971,1.0,15,1.0,1.0
2020-02-13,136.39435608371346,1.0000000000000002,15,1.0,1.0
2020-02-14,136.31494695212479,1.0,15,1.0,1.0
2020-02-17,135.60855820309212,1.0000000000000002,15,1.0,1.0
2020-02-18,136.66586694076767,0.9406921531707167,14,1.0,1.0
2020-02-19,140.0886317087623,0.9421278330062403,14,1.0,1.0
2020-02-20,140.7078819420056,0.9423692021045564,14,1.0,1.0
2020-02-24,137.64282374668272,0.9410722438149157,14,1.0,1.0
2020-02-25,136.72742825742947,0.940664001749317,14,1.0,1.0
2020-02-26,134.48228643677095,0.939659454206203,14,1.0,1.0
2020-02-27,132.7465948574055,0.8793738147020954,13,1.0,1.0
2020-02-28,128.79667709590507,0.4615384615384615,12,0.0,1.0
2020-03-02,128.02319629634306,0.0,0,0.0,1.0
2020-03-03,128.052801988308,0.0,0,0.0,1.0
2020-03-04,128.08241452666502,0.0,0,0.0,1.0
2020-03-05,128.11203391299736,0.0,0,0.0,1.0
2020-03-06,128.14166014888863,0.0,0,0.0,1.0
2020-03-09,128.1712932359228,0.0,0,0.0,0.8299894402468395
2020-03-11,128.20093317568424,0.0,0,0.0,0.8544649388238851
2020-03-12,128.23057996975766,0.0,0,0.0,0.5432607584842218
2020-03-13,128.2602336197281,0.0,0,0.0,0.5466137529371962
2020-03-16,128.28989412718104,0.0,0,0.0,0.5019180007933616
2020-03-17,128.31956149370228,0.0,0,0.0,0.5115742945341365
2020-03-18,128.349235720878,0.0,0,0.0,0.48450683277725437
2020-03-19,128.37891681029473,0.0,0,0.0,0.47361344679735534
2020-03-20,128.4086047635394,0.0,0,0.0,0.46434596759595737
2020-03-23,128.43829958219925,0.0,0,0.0,0.34848249907632806
2020-03-24,128.46800126786198,0.0,0,0.0,0.3593226474416485
2020-03-25,128.49770982211555,0.0,0,0.0,0.3636036467280409
2020-03-26,128.52742524654838,0.0,0,0.0,0.3630746388448393
2020-03-27,128.5571475427492,0.0,0,0.0,0.37447799472958604
2020-03-30,128.58687671230712,0.0,0,0.0,0.38375628820995816
2020-03-31,128.61661275681163,0.0,0,0.0,0.3878370927829977
2020-04-01,128.64635567785257,0.0,0,0.0,0.3985402045077404
2020-04-03,128.67610547702017,0.0,0,0.0,0.4102260843480339
2020-04-07,128.705862155905,0.0,0,0.0,0.39674114804811034
2020-04-08,128.73562571609804,0.0,0,0.0,0.40722488825279535
2020-04-09,128.76539615919057,0.0,0,0.0,0.40742224363281654
2020-04-13,128.7951734867743,0.0,0,0.0,0.4201186723437725
2020-04-15,128.82495770044127,0.0,0,0.0,0.43236542634797664
2020-04-16,128.85474880178393,0.0,0,0.0,0.4418164526137498
2020-04-17,128.88454679239504,0.0,0,0.0,0.4489889564738263
2020-04-20,128.9143516738678,0.0,0,0.0,0.463057999384144
2020-04-21,128.94416344779572,0.0,0,0.0,0.4654302913302287
2020-04-22,128.97398211577269,0.0,0,0.0,0.47899017119740106
2020-04-23,129.003807679393,0.0,0,0.0,0.49231198122630093
2020-04-24,129.03364014025126,0.0,0,0.0,0.5013068042618428
2020-04-27,129.0634794999425,0.0,0,0.0,0.513812771916571
2020-04-28,129.09332576006207,0.0,0,0.0,0.528793961822805
2020-04-29,129.1231789222057,0.0,0,0.0,0.5420878658764434
2020-04-30,129.15303898796955,0.0,0,0.0,0.5514774351028391
2020-05-04,129.18290595895004,0.0,0,0.0,0.5353276251423523
2020-05-05,129.21277983674406,0.0,0,0.0,0.5495521585512524
2020-05-06,129.24266062294882,0.0,0,0.0,0.5660923930712384
2020-05-07,129.2725483191619,0.0,0,0.0,0.5838011284056968
2020-05-08,129.30244292698126,0.0,0,0.0,0.6015583604589638
2020-05-11,129.33234444800522,0.0,0,0.0,0.6198641532867217
2020-05-12,129.3622528838325,0.0,0,0.0,0.6391610626429975
2020-05-13,129.39216823606213,0.0,0,0.0,0.6389073433097365
2020-05-14,129.42209050629359,0.0,0,0.0,0.6565951000801681
2020-05-15,129.45201969612663,0.0,0,0.0,0.6771602002504281
2020-05-18,129.48195580716146,0.0,0,0.0,0.6465570317411189
2020-05-19,129.51189884099864,0.0,0,0.0,0.6661979954490236
2020-05-20,129.54184879923906,0.0,0,0.0,0.6766540173429064
2020-05-21,129.57180568348403,0.0,0,0.0,0.6947904005431695
2020-05-22,129.6017694953352,0.0,0,0.0,0.7150057099645103
2020-05-26,129.63174023639456,0.0,0,0.0,0.7343173626652528
2020-05-27,129.66171790826454,0.0,0,0.0,0.7518588160712741
2020-05-28,129.6917025125479,0.0,0,0.0,0.7638335127552777
2020-05-29,129.72169405084776,0.0,0,0.0,0.7741652666044992
2020-06-01,129.75169252476766,0.0,0,0.0,0.7518266478187349
2020-06-02,129.7816979359115,0.0,0,0.0,0.7598641799834934
2020-06-03,129.81171028588346,0.0,0,0.0,0.7771560450667434
2020-06-04,129.84172957628823,0.0,0,0.0,0.8013429790845832
2020-06-05,129.87175580873077,0.0,0,0.0,0.7848707988551807
2020-06-08,129.90178898481645,0.0,0,0.0,0.8067292702626309
2020-06-09,129.93182910615099,0.0,0,0.0,0.826279393750988
2020-06-10,129.96187617434052,0.0,0,0.0,0.8493191318853281
2020-06-11,129.9919301909915,0.0,0,0.0,0.8569587259753794
2020-06-12,130.0219911577108,0.0,0,0.0,0.8810635770389373
2020-06-15,130.05205907610562,0.0,0,0.0,0.9050339883077083
2020-06-16,130.08213394778357,0.0,0,0.0,0.9334702910945171
2020-06-17,130.11221577435262,0.0,0,0.0,0.9621877379808009
2020-06-18,130.14230455742108,0.0,0,0.0,0.966705774409835
2020-06-19,130.17240029859767,0.0,0,0.0,0.9734585198479377
2020-06-22,130.20250299949146,0.0,0,0.0,0.9584419614488449
2020-06-23,130.23261266171193,0.0,0,0.0,0.9418825340694309
2020-06-24,130.26272928686888,0.0,0,0.0,0.9486159269094685
2020-06-25,130.2928528765725,0.0,0,0.0,0.9763929399264071
2020-06-26,130.3229834324334,0.0,0,0.0,1.0
2020-06-29,130.3531209560625,0.0,0,0.0,1.0
2020-06-30,130.3832654490711,0.0,0,0.0,1.0
2020-07-01,130.4134169130709,0.0,0,0.0,1.0
2020-07-02,130.44357534967395,0.0,0,0.0,1.0
2020-07-03,130.4737407604927,0.0,0,0.0,1.0
2020-07-06,130.5039131471399,0.0,0,0.0,1.0
2020-07-07,130.53409251122883,0.0,0,0.0,1.0
2020-07-08,130.56427885437296,0.0,0,0.0,1.0
2020-07-09,130.59447217818624,0.0,0,0.0,1.0
2020-07-10,130.62467248428297,0.0,0,0.0,1.0
2020-07-13,130.65487977427782,0.0,0,0.0,1.0
2020-07-14,130.68509404978582,0.0,0,0.0,1.0
2020-07-15,130.7153153124224,0.0,0,0.0,1.0
2020-07-16,130.74554356380335,0.0,0,0.0,1.0
2020-07-17,130.77577880554483,0.0,0,0.0,1.0
2020-07-20,130.80602103926338,0.0,0,0.7244668911335579,1.0
2020-07-21,130.69409044762466,0.36223344556677894,15,0.7615266781933449,1.0
2020-07-22,130.43900687342773,0.36083847013767223,15,0.8188264021597355,1.0
2020-07-23,130.14825114507664,0.3592624230589285,15,0.8716519549852885,1.0
2020-07-24,130.6183604198649,0.3614208663537484,15,0.8975263141929807,1.0
2020-07-27,130.49874210148286,0.3606877207805974,15,0.9009009009009008,1.0
2020-07-28,130.4622414664144,0.3603609704713919,15,0.9234234234234231,1.0
2020-07-29,130.865307234013,0.3621835991443778,15,0.9391891891891889,1.0
2020-07-30,131.02001297078434,0.36278939711836455,15,0.9324324324324323,1.0
2020-07-31,131.74892997809368,0.3661683011008091,15,0.9346846846846848,1.0
2020-08-03,132.6819858314467,0.46734234234234234,15,0.951512118178785,1.0
2020-08-04,133.94200738896032,0.43618618618618615,14,0.9637592137592135,1.0
2020-08-05,135.2725013467039,0.9637592137592137,14,0.9827251493918164,1.0
2020-08-06,137.7142215258579,0.9643935430954206,14,1.0,1.0
2020-08-07,141.9512194581822,0.9654483458251153,14,1.0,0.9630838510093127
2020-08-10,145.98651516297562,0.9663956383116028,14,1.0,0.8891246457739984
2020-08-11,146.0584420634903,0.9664044196085223,14,1.0,0.9156434220909053
2020-08-12,144.1525212054947,0.9659523619251563,14,1.0,0.9296126649235933
2020-08-13,146.06530716683503,0.9663904594143804,14,1.0,0.9358491621720856
2020-08-14,144.11876176660473,0.965928633639024,14,1.0,0.9465383685653507
2020-08-17,145.0383274830082,0.9661368223029643,14,1.0,0.9699961132061021
2020-08-18,148.00590530117998,0.9668081186772108,14,1.0,0.9481454762151817
2020-08-19,149.89437191749462,0.967218712543938,14,1.0,0.9573845912420389
2020-08-20,151.39174874092737,0.9675354380439654,14,1.0,0.9671980305824993
2020-08-21,154.16456999882058,0.9681119768166955,14,1.0,0.9491939922814653
2020-08-24,160.7279590115463,0.9694070636448289,14,1.0,0.804662141641055
2020-08-25,160.09046143771582,0.8046621416410549,14,1.0,0.829621710328318
2020-08-26,158.01948316601155,0.8020563102638053,14,1.0,0.8402679066448879
2020-08-27,157.56322227408756,0.801437210815904,14,1.0,0.8658582760806278
2020-08-28,155.97153477437286,0.7993644933669257,14,1.0,0.8811394191781237
2020-08-31,149.33867838436626,0.7904048373552215,14,1.0,0.7283439346440091
2020-09-01,149.82910236552354,0.7283439346440091,15,1.0,0.74820810048947
2020-09-02,153.05037190026454,0.6797876723344086,14,1.0,0.7238996853332806
2020-09-03,153.27352508561327,0.6801799320737688,14,1.0,0.7463215078563852
2020-09-04,152.2691028585189,0.6779958358426319,14,1.0,0.7654244461226382
2020-09-07,152.54732747347424,0.6785087971355653,14,1.0,0.7885894349278684
2020-09-08,152.16770856494676,0.6776322289521739,14,1.0,0.8128534320981572
2020-09-09,150.69031594916774,0.6375433518408042,13,1.0,0.8257991454502818
2020-09-10,151.68276834678394,0.8257991454502818,13,1.0,0.8414606508641248
2020-09-11,151.2469565770969,0.8252567925136453,13,1.0,0.8672230354368947
2020-09-14,156.4453540556103,0.8310241276526115,13,1.0,0.7721082140032595
2020-09-15,158.17205077961168,0.8328301155563813,13,1.0,0.7853466521287147
2020-09-16,159.00659330434064,0.8336690473650858,13,1.0,0.8070678304298621
2020-09-17,158.84561406921156,0.8334619788081787,13,1.0,0.8324234517155933
2020-09-18,160.10066083799757,0.8347292783146739,13,1.0,0.8498513377329066
2020-09-21,154.15930044398095,0.8283199870888781,13,1.0,0.7513652704764433
2020-09-22,150.3163422965769,0.8238901330836048,13,1.0,0.7305262338774592
2020-09-23,148.27927271424522,0.7203222233029396,11,1.0,0.742166243542316
2020-09-24,145.97464305565796,0.7158410077607913,11,1.0,0.7429197982687059
2020-09-25,149.59177160263621,0.7226478476949593,11,1.0,0.7068772213445824
2020-09-28,154.05519968998726,0.7306212676960944,11,1.0,0.6584482026573847
2020-09-29,153.7902848813027,0.730094841658433,11,1.0,0.6790121537083149
2020-09-30,153.89449340538943,0.7302152319565645,11,1.0,0.7002543346412685
2020-10-01,155.19955381025167,0.7002543346412685,15,1.0,0.7135386219251655
2020-10-05,156.41786548125773,0.7025202246738806,15,1.0,0.7290637771823685
2020-10-06,157.55827273084148,0.7046050891418875,15,1.0,0.7459545681052211
2020-10-07,156.81184497124568,0.7031303670132066,15,1.0,0.7675695051419243
2020-10-08,157.6390731375911,0.7046199310673371,15,1.0,0.7875514061633596
2020-10-09,157.09265430265842,0.7035239590838471,15,1.0,0.810966425171236
2020-10-12,155.6794883388356,0.7007635424123619,15,1.0,0.8266165133544566
2020-10-13,155.42437581273194,0.7002030649214098,15,1.0,0.8525086688294767
2020-10-14,155.91800158951207,0.8525086688294766,15,1.0,0.8769464991461425
2020-10-15,153.05844103830387,0.8497183725134358,15,1.0,0.8662471346743928
2020-10-16,154.24597903364904,0.8508409035642659,15,1.0,0.8857435476656111
2020-10-19,154.58653742472427,0.8511350877206236,15,1.0,0.9127612776797969
2020-10-20,155.62662172474728,0.8520957868237495,15,1.0,0.9346922113894746
2020-10-21,154.99664506808162,0.8514602947812597,15,1.0,0.9618993555852295
2020-10-22,155.5866129065203,0.8519893215625545,15,1.0,0.989416555473793
2020-10-23,156.5678221966563,0.8008366184670515,14,1.0,1.0
2020-10-26,154.6387260493262,0.9999999999999998,14,1.0,1.0
2020-10-27,155.1951652391589,0.9999999999999999,14,1.0,1.0
2020-10-28,155.36533385800095,0.9345372410985322,13,1.0,1.0
2020-10-29,156.7851443646055,0.9351150555714467,13,1.0,1.0
2020-10-30,158.9436860735554,0.9359814273726981,13,1.0,1.0
2020-11-02,157.81173870345515,1.0,15,1.0,1.0
2020-11-03,157.57214048113764,1.0,15,1.0,1.0
2020-11-04,156.5042346237559,1.0,15,1.0,1.0
2020-11-05,160.33889231779975,1.0,15,1.0,1.0
2020-11-06,161.59511545967288,1.0,15,1.0,1.0
2020-11-09,162.7497456820428,1.0,15,1.0,1.0
2020-11-10,160.35584070170611,1.0,15,1.0,1.0
2020-11-11,162.65214676535112,1.0,15,1.0,1.0
2020-11-12,165.54574888799263,1.0,15,1.0,1.0
2020-11-13,169.13618646035746,1.0,15,1.0,1.0
2020-11-14,171.4968410334024,0.9999999999999999,15,1.0,1.0
2020-11-17,171.8939087908912,1.0,15,1.0,1.0
2020-11-18,173.48775106345855,1.0,15,1.0,1.0
2020-11-19,174.87482874512185,1.0,15,1.0,1.0
2020-11-20,178.71732960565043,1.0,15,1.0,1.0
2020-11-23,183.7751057554241,0.9999999999999999,15,1.0,0.9939853892499445
2020-11-24,186.69836093058626,0.9999999999999999,15,1.0,0.9915314790173323
2020-11-25,185.15043356455826,0.9999999999999998,15,1.0,1.0
2020-11-26,187.80894257357218,0.9999999999999996,15,1.0,1.0
2020-11-27,193.95191916044178,0.9999999999999996,15,1.0,0.9202494762588465
2020-12-01,197.0032461752026,0.9202494762588465,15,1.0,0.9174176749850796
2020-12-02,197.9059948379372,0.9205949000739311,15,1.0,0.9431561804771978
2020-12-03,201.14541269922518,0.921855640850891,15,1.0,0.9360536236617725
2020-12-04,203.38641673542213,0.9226987989709514,15,1.0,0.9486706485860942
2020-12-07,205.25083261887374,0.9233832582209031,15,1.0,0.9655040399159057
2020-12-08,204.0247130663471,0.9229049932082003,15,1.0,0.9916679448393835
2020-12-09,204.25336694503122,0.9229734896776927,15,1.0,1.0
2020-12-10,203.81524078202017,0.9227900607630861,15,1.0,1.0
2020-12-11,204.84580107741525,0.9231607316630873,15,1.0,1.0
2020-12-14,203.44831542028214,0.9226150317044882,15,1.0,1.0
2020-12-15,201.7274422691249,0.9219368368275245,15,1.0,1.0
2020-12-16,202.40045634978986,0.9221784171247531,15,1.0,1.0
2020-12-17,201.5450937259183,0.9218300674837071,15,1.0,1.0
2020-12-18,199.29130435102005,0.9209277607122504,15,1.0,1.0
2020-12-21,189.35597881834806,0.8581985720323004,14,1.0,0.8657983376692062
2020-12-22,191.80965674128703,0.8599801595108796,14,1.0,0.872005290333547
2020-12-23,196.86099840168023,0.8635414401748174,14,1.0,0.8254172230101834
2020-12-24,198.60275563345206,0.8647069097070059,14,1.0,0.843095386364532
2020-12-28,200.46925221488,0.8659355790839589,14,1.0,0.859370449861537
2020-12-29,201.31474653208957,0.8664677587262345,14,1.0,0.8835987004730655
2020-12-30,202.04257722158772,0.8669180218885857,14,1.0,0.9094663479140555
2020-12-31,202.46336294024104,0.867163898594376,14,1.0,0.9373263297458898
2021-01-01,204.41664526765018,0.9373263297458898,15,1.0,0.9485322965161369
2021-01-04,208.55774222002657,0.9385565647896396,15,1.0,0.9213904989494864
2021-01-05,213.4762907357632,0.9399583557291992,15,1.0,0.8804462136032131
2021-01-06,214.36063207985995,0.9401922290655833,15,1.0,0.9058968050241717
2021-01-07,217.6217153970577,0.9410748310892416,15,1.0,0.9046395434669351
2021-01-08,216.80873167551462,0.9408401973364406,15,1.0,0.9318844462638727
2021-01-11,218.12610608411788,0.9411838952201429,15,1.0,0.9544533920368277
2021-01-12,217.05986291527466,0.940881310099209,15,1.0,0.9819282797498557
2021-01-13,214.35223240512417,0.9401206972160104,15,1.0,0.9934804788027117
2021-01-14,218.05814161941663,0.9411247371067031,15,1.0,0.9807728320251885
2021-01-15,217.90065647114787,0.9410685608043382,15,1.0,1.0
2021-01-18,215.03293851024281,0.9402688307348349,15,1.0,1.0
2021-01-19,218.5324970580056,0.941211768191774,15,1.0,1.0
2021-01-20,221.49561341638596,0.9419848103071353,15,1.0,1.0
2021-01-21,220.23887549319738,0.94164026845599,15,1.0,1.0
2021-01-22,217.32111846212493,0.940843052675427,15,1.0,1.0
2021-01-25,217.54482762219587,0.9408902197614623,15,1.0,1.0
2021-01-27,217.869361240103,0.9409646195202538,15,1.0,1.0
2021-01-28,220.3468625226171,0.9416148936318518,15,1.0,1.0
2021-01-29,220.25386705630024,0.9415767348983968,15,1.0,1.0
2021-02-01,224.01480319138636,1.0,15,1.0,1.0
2021-02-02,224.3806443730795,1.0,15,1.0,1.0
2021-02-03,227.2887927760023,0.9346378601567176,14,1.0,1.0
2021-02-04,228.02803206363436,0.9348346901443242,14,1.0,1.0
2021-02-05,227.91368467365015,0.9347869186182057,14,1.0,1.0
2021-02-08,233.665812952968,0.9363775531607881,14,1.0,1.0
2021-02-09,234.29390445310122,0.9365334378272341,14,1.0,1.0
2021-02-10,236.09134580018122,0.9370020646491064,14,1.0,1.0
2021-02-11,238.98429196983628,0.9377502734670933,14,1.0,1.0
2021-02-12,238.52304491078877,0.937615473997935,14,1.0,1.0
2021-02-15,235.77590350800585,0.9368740064272835,14,1.0,1.0
2021-02-16,235.3472325410226,0.9367444015525928,14,1.0,1.0
2021-02-17,235.44141746642245,0.9367550838702217,14,1.0,1.0
2021-02-18,237.73628911937473,0.9373511035431256,14,1.0,1.0
2021-02-19,236.97683723597868,0.9371357952486433,14,1.0,1.0
2021-02-22,235.79674554008787,0.9368065685726714,14,1.0,1.0
2021-02-23,241.91020924592797,0.8332645541267456,12,1.0,1.0
2021-02-24,241.83582363656367,0.9999999999999999,12,1.0,1.0
2021-02-25,242.26995375704735,0.9999999999999998,12,1.0,1.0
2021-02-26,239.90404583688732,0.9999999999999999,12,1.0,1.0
2021-03-01,240.07682382900495,1.0,15,1.0,1.0
2021-03-02,243.9571787277023,0.9999999999999999,15,1.0,1.0
2021-03-03,249.37128121196272,0.9999999999999999,15,1.0,1.0
2021-03-04,252.0781023447932,0.9999999999999999,15,1.0,1.0
2021-03-05,248.88529003273948,0.9999999999999999,15,1.0,1.0
2021-03-08,253.8858778046924,1.0,15,1.0,1.0
2021-03-09,251.3006655417169,1.0,15,1.0,1.0
2021-03-10,254.7022354392201,0.9999999999999998,15,1.0,1.0
2021-03-12,255.81349736397476,0.9999999999999999,15,1.0,1.0
2021-03-15,251.85440989132383,0.9999999999999999,15,1.0,1.0
2021-03-16,254.05931839249368,0.9999999999999998,15,1.0,1.0
2021-03-17,249.7613329715093,0.9999999999999997,15,1.0,1.0
2021-03-18,247.46725936874248,0.9999999999999997,15,1.0,1.0
2021-03-19,252.73520679169764,0.9999999999999998,15,1.0,1.0
2021-03-22,255.00335400745755,0.9999999999999999,15,1.0,1.0
2021-03-23,258.60156392632854,0.9999999999999998,15,1.0,1.0
2021-03-24,253.55527746421942,1.0,15,1.0,1.0
2021-03-25,246.58966927077878,1.0,15,1.0,1.0
2021-03-26,247.310353250209,0.9999999999999998,15,1.0,1.0
2021-03-30,251.01068299882337,1.0,15,1.0,1.0
2021-03-31,249.8937318709663,0.9999999999999998,15,1.0,1.0
2021-04-01,256.7505215321819,1.0,15,1.0,0.9914847198007594
2021-04-05,257.14561668272427,1.0,15,1.0,1.0
2021-04-06,262.2899613452097,1.0,15,1.0,0.9975594073078866
2021-04-07,267.0884009778789,1.0000000000000002,15,1.0,0.9841168243441547
2021-04-08,271.431610487051,1.0000000000000002,15,1.0,0.9796384464305966
2021-04-09,276.5807454119738,1.0,15,1.0,0.9588506510170653
2021-04-12,260.8892250651887,1.0,15,1.0,0.7504779438753872
2021-04-13,267.599838015519,0.7004460809503614,14,1.0,0.7342741046689221
2021-04-15,267.13637405526634,0.69985698189702,14,1.0,0.7571156116294573
2021-04-16,269.8366646953223,0.7027918379037509,14,1.0,0.7675616891321166
2021-04-19,266.8326670686109,0.6993763695593713,14,1.0,0.7824574437904954
2021-04-20,270.8107431906254,0.6588041625658045,13,1.0,0.7761839444734068
2021-04-22,270.92639667306906,0.6588709440475311,13,1.0,0.8004528663281427
2021-04-23,270.684931415359,0.6584876815704941,13,1.0,0.8255798843939121
2021-04-26,271.34016808527366,0.8255798843939121,13,1.0,0.8498899758822893
2021-04-27,275.6080414675701,0.8282411218253661,13,1.0,0.8465588560614103
2021-04-28,277.7258603637177,0.8295114649399653,13,1.0,0.8658071076891907
2021-04-29,277.66606158936816,0.829435313752554,13,1.0,0.8930116023790826
2021-04-30,274.05364776221865,0.8271470670420185,13,1.0,0.9009529940845549
2021-05-03,279.24344293893336,0.9009529940845549,15,1.0,0.8711923170540093
2021-05-04,280.3543853740125,0.9013226672252015,15,1.0,0.8957219768206538
2021-05-05,283.28062580821614,0.9023194035371043,15,1.0,0.9102692599505362
2021-05-06,291.9199939340561,0.9051883390490675,15,1.0,0.83335859139858
2021-05-07,296.4244443090657,0.9066074998358148,15,1.0,0.8356126080221185
2021-05-10,297.24812596800024,0.9068447552768127,15,1.0,0.8602984684968249
2021-05-11,294.8780664733074,0.9060743117179648,15,1.0,0.8825716853741818
2021-05-12,289.17786682883786,0.9042007240315102,15,1.0,0.8747552073900698
2021-05-14,284.8074809263795,0.9027081852805519,15,1.0,0.8827652356101319
2021-05-17,288.95430008460323,0.9040822561385318,15,1.0,0.8850367854324943
2021-05-18,291.8797851274798,0.8598470076452832,14,1.0,0.8994121990519923
2021-05-19,295.0599660730985,0.861325526883981,14,1.0,0.9113459920265145
2021-05-20,293.57131116093916,0.8605900985420589,14,1.0,0.9367697476328596
2021-05-21,294.1342721879593,0.8608247462273363,14,1.0,0.9656125540559133
2021-05-24,294.91365263501325,0.8611604508201125,14,1.0,0.9944307108127995
2021-05-25,295.13286485346435,0.8612314918157548,14,1.0,1.0
2021-05-26,295.15536579104116,0.8612099825975712,14,1.0,1.0
2021-05-27,298.10626611676014,0.8625520621850984,14,1.0,1.0
2021-05-28,295.87888661897773,0.8614853281376179,14,1.0,1.0
2021-05-31,297.3583483963411,0.8621426145695974,14,1.0,1.0
2021-06-01,297.3971378209501,1.0,15,1.0,1.0
2021-06-02,305.24057480567006,1.0,15,1.0,1.0
2021-06-03,309.99543162896816,1.0,15,1.0,1.0
2021-06-04,311.9256525821411,0.9999999999999999,15,1.0,1.0
2021-06-07,311.35101624616567,0.9999999999999999,15,1.0,1.0
2021-06-08,313.6265129807768,0.9999999999999998,15,1.0,1.0
2021-06-09,308.63804394159206,0.9999999999999999,15,1.0,1.0
2021-06-10,314.77219302425516,1.0,15,1.0,1.0
2021-06-11,319.3573469433636,1.0,15,1.0,1.0
2021-06-14,321.5084434730917,1.0,15,1.0,1.0
2021-06-15,319.78226871960874,1.0,15,1.0,1.0
2021-06-16,312.81827532823615,1.0000000000000002,15,1.0,1.0
2021-06-17,307.9867965348822,1.0,15,1.0,1.0
2021-06-18,303.3740339102254,1.0000000000000002,15,1.0,1.0
2021-06-21,310.69520555103185,1.0,15,1.0,1.0
2021-06-22,314.66334309357916,1.0,15,1.0,1.0
2021-06-23,310.73072333474374,1.0,15,1.0,1.0
2021-06-24,310.6895693424195,1.0,15,1.0,1.0
2021-06-25,312.16674475461804,1.0000000000000002,15,1.0,1.0
2021-06-28,307.7848639063653,0.9475523772678145,14,1.0,1.0
2021-06-29,307.38536592176354,0.947472068520883,14,1.0,1.0
2021-06-30,307.17512103434365,0.9474239604376401,14,1.0,1.0
2021-07-01,305.1285690252477,1.0,15,1.0,1.0
2021-07-02,303.18284852435687,0.9999999999999999,15,1.0,1.0
2021-07-05,304.476393686548,0.8701495002159237,13,1.0,1.0
2021-07-06,305.0375167948179,0.8703583899952205,13,1.0,1.0
2021-07-07,307.63067225806117,0.8714214694210792,13,1.0,1.0
2021-07-08,308.5333626374584,0.8717680104759025,13,1.0,1.0
2021-07-09,308.018170820856,0.871523825815175,13,1.0,1.0
2021-07-12,306.5026350152936,0.8708587039677744,13,1.0,1.0
2021-07-13,305.8092669503533,0.8705359671047345,13,1.0,1.0
2021-07-14,303.0561853306143,0.8693296540287718,13,1.0,1.0
2021-07-15,309.404045048847,0.8719809423092489,13,1.0,1.0
2021-07-16,310.79418799347513,0.8725240829843862,13,1.0,1.0
2021-07-19,307.6620503326959,0.8711965417323877,13,1.0,1.0
2021-07-20,304.52182643211256,0.869838229375395,13,1.0,1.0
2021-07-22,313.25051632599167,0.8734359107587769,13,1.0,1.0
2021-07-23,315.2991877706056,0.8742291888408047,13,1.0,1.0
2021-07-26,314.3361683344206,0.8738146957930055,13,1.0,1.0
2021-07-27,313.9649536065315,0.8736362861195686,13,1.0,1.0
2021-07-28,313.28382377595165,0.8733322654506068,13,1.0,1.0
2021-07-29,312.48796459997953,0.8729802952129748,13,1.0,1.0
2021-07-30,311.5488638481618,0.8725679579470129,13,1.0,1.0
2021-08-02,312.0548356742816,1.0,15,1.0,1.0
2021-08-03,313.36852429665,0.9999999999999999,15,1.0,1.0
2021-08-04,309.45386126463313,1.0,15,1.0,1.0
2021-08-05,313.1685668253214,1.0,15,1.0,1.0
2021-08-06,314.8711218863106,0.9999999999999998,15,1.0,1.0
2021-08-09,309.6976018294388,0.9999999999999998,15,1.0,1.0
2021-08-10,300.9528282890224,0.9406278392281662,14,1.0,1.0
2021-08-11,301.899753551045,0.8806076838453085,13,1.0,1.0
2021-08-12,309.7725965136721,0.8836151208526174,13,1.0,1.0
2021-08-13,308.02046649135144,0.8829260148450842,13,1.0,1.0
2021-08-16,307.2919915430824,0.8826213381568363,13,1.0,1.0
2021-08-17,311.53183726396315,0.8841920483992822,13,1.0,1.0
2021-08-18,311.97614313246754,0.8843302354211042,13,1.0,1.0
2021-08-20,306.29453756919753,0.8821573758885937,13,1.0,1.0
2021-08-23,301.03921343603923,0.8800724377277738,13,1.0,1.0
2021-08-24,306.7003787098917,0.8822588740989648,13,1.0,1.0
2021-08-25,308.88918201627325,0.8830661582696047,13,1.0,1.0
2021-08-26,311.9940166205084,0.8842030630486098,13,1.0,1.0
2021-08-27,315.73263569675646,0.8855477639384373,13,1.0,1.0
2021-08-30,317.11729933582467,0.8860211573378797,13,1.0,1.0
2021-08-31,320.4772743448123,0.8871900624274703,13,1.0,1.0
2021-09-01,321.7617713400401,1.0,15,1.0,1.0
2021-09-02,323.3825332583524,1.0,15,1.0,1.0
2021-09-03,324.3160714453019,1.0,15,1.0,1.0
2021-09-06,326.1178727336164,1.0,15,1.0,1.0
2021-09-07,325.9631541774346,1.0,15,1.0,1.0
2021-09-08,330.70638845131043,1.0,15,1.0,1.0
2021-09-09,334.79418677645754,0.9999999999999999,15,1.0,1.0
2021-09-13,341.5437397929267,1.0,15,1.0,1.0
2021-09-14,343.6376751736176,1.0,15,1.0,1.0
2021-09-15,346.15877576734465,1.0,15,1.0,1.0
2021-09-16,345.4328254880513,0.9999999999999999,15,1.0,1.0
2021-09-17,343.60146908933297,1.0,15,1.0,1.0
2021-09-20,337.7156690585273,0.9999999999999999,15,1.0,1.0
2021-09-21,337.59250327749135,1.0,15,1.0,1.0
2021-09-22,340.9621987570403,1.0,15,1.0,1.0
2021-09-23,345.41135521832774,0.9999999999999998,15,1.0,1.0
2021-09-24,343.29040608261727,1.0,15,1.0,1.0
2021-09-27,341.4710733642685,0.9999999999999999,15,1.0,1.0
2021-09-28,340.4326599712776,1.0,15,1.0,1.0
2021-09-29,343.30456470296116,0.9999999999999998,15,1.0,1.0
2021-09-30,345.4509577048654,0.9999999999999998,15,1.0,1.0
2021-10-01,345.84681115181155,1.0,15,1.0,1.0
2021-10-04,351.99454850860894,1.0,15,1.0,1.0
2021-10-05,352.629410027193,1.0,15,1.0,1.0
2021-10-06,350.9876067563343,1.0,15,1.0,1.0
2021-10-07,355.48400440141444,1.0,15,1.0,1.0
2021-10-08,355.82274282576793,1.0,15,1.0,1.0
2021-10-11,357.0125526555035,1.0,15,1.0,1.0
2021-10-12,354.6206908154022,1.0,15,1.0,1.0
2021-10-13,357.1186797862804,1.0,15,1.0,1.0
2021-10-14,360.9559560372715,1.0,15,1.0,1.0
2021-10-18,362.26515252683265,1.0000000000000002,15,1.0,1.0
2021-10-19,358.22780971707726,1.0000000000000002,15,1.0,1.0
2021-10-20,347.79321838295897,1.0000000000000002,15,1.0,1.0
2021-10-21,342.0251996657494,1.0000000000000004,15,1.0,1.0
2021-10-22,336.5320729261184,1.0000000000000002,15,1.0,1.0
2021-10-25,331.87261377910016,0.9465890552105323,14,1.0,1.0
2021-10-26,339.1864515880361,0.947728664084384,14,1.0,1.0
2021-10-27,341.96805605563986,0.9481418551231067,14,1.0,1.0
2021-10-28,333.50319246563413,0.9468133127709244,14,1.0,1.0
2021-10-29,333.69069201084466,0.9468309055239653,14,1.0,1.0
2021-11-01,336.0493623701465,1.0,15,1.0,1.0
2021-11-02,341.59601166009054,0.9999999999999999,15,1.0,1.0
2021-11-03,343.49611008800184,1.0,15,1.0,1.0
2021-11-04,345.3065236371933,1.0,15,1.0,1.0
2021-11-08,344.96029732998545,1.0,15,1.0,1.0
2021-11-09,350.97609554235754,1.0,15,1.0,1.0
2021-11-10,354.87294437076093,0.9999999999999998,15,1.0,1.0
2021-11-11,356.450147619367,0.9999999999999998,15,1.0,1.0
2021-11-12,359.7713780284256,0.9999999999999998,15,1.0,1.0
2021-11-15,357.97579376029785,0.9999999999999997,15,1.0,1.0
2021-11-16,360.6080205893029,0.9999999999999996,15,1.0,1.0
2021-11-17,362.3076050497899,0.9999999999999996,15,1.0,1.0
2021-11-18,353.7339008532366,0.9999999999999996,15,1.0,1.0
2021-11-22,344.281594569473,0.945354414960372,14,1.0,1.0
2021-11-23,353.1555875060187,0.8835921477911515,13,1.0,1.0
2021-11-24,354.8899822455942,0.8841342604572684,13,1.0,1.0
2021-11-25,356.4657961780541,0.8846197876466488,13,1.0,1.0
2021-11-26,346.606541432947,0.8813103460218178,13,1.0,0.9998810860332312
2021-11-29,338.13057021354706,0.8783069988251108,13,1.0,0.9448994934765541
2021-11-30,342.87421809052915,0.8799628630099896,13,1.0,0.9408849037976096
2021-12-01,345.43788844442884,0.9408849037976096,15,1.0,0.9558547409894607
2021-12-02,351.68163554291795,0.9419210039487421,15,1.0,0.9411736482448322
2021-12-03,353.49476481883954,0.9422055380673928,15,1.0,0.9664609843927834
2021-12-06,352.3507868731485,0.9420044881720204,15,1.0,0.9960858281259356
2021-12-07,359.43382539003085,0.9431342061446947,15,1.0,0.9682404919031197
2021-12-08,364.37000107727033,0.9438916034712838,15,1.0,0.9708366861963252
2021-12-09,369.2143279596999,0.944614976363374,15,1.0,0.9760219158520218
2021-12-10,373.1295607069041,0.945183455545558,15,1.0,0.9894343120537935
2021-12-13,377.17234887707235,0.945758475728784,15,1.0,1.0
2021-12-14,384.1243307098269,0.946727836436863,15,1.0,0.9804298653575928
2021-12-15,387.787150590944,0.9472188124461054,15,1.0,0.9968016589185261
2021-12-16,389.32071559774,0.9474145640018222,15,1.0,1.0
2021-12-17,382.8710929528161,0.9465163751173362,15,1.0,1.0
2021-12-20,368.16011768182375,0.9443664091624725,15,1.0,0.877741388782837
2021-12-21,367.3120800813364,0.9442250691121991,15,1.0,0.905244339205193
2021-12-22,371.92124639298885,0.94490354152702,15,1.0,0.9147197087772256
2021-12-23,373.4550286296832,0.9451171341721527,15,1.0,0.9409682033394963
2021-12-24,371.0929788030687,0.9447550257811632,15,1.0,0.9662248467314433
2021-12-27,373.35226922386147,0.9450766349880796,15,1.0,0.9901686440233483
2021-12-28,380.93734174397684,0.9461577988734211,15,1.0,0.9641173745705716
2021-12-29,383.3470058190133,0.9464838703154401,15,1.0,0.9882023472766003
2021-12-30,383.52721102768095,0.9464966456323561,15,1.0,1.0
2021-12-31,388.4223510857562,0.9471587113238082,15,1.0,1.0
2022-01-03,394.0238654430087,1.0,15,1.0,1.0
2022-01-04,399.8619947094285,1.0,15,1.0,1.0
2022-01-05,401.83951313493833,1.0,15,1.0,1.0
2022-01-06,403.83493301720483,1.0,15,1.0,1.0
2022-01-07,409.3564077414025,1.0,15,1.0,1.0
2022-01-10,417.9208647597961,0.9999999999999999,15,1.0,1.0
2022-01-11,423.6657070300679,0.9999999999999999,15,1.0,1.0
2022-01-12,422.7806041360637,1.0,15,1.0,1.0
2022-01-13,428.04897256480444,1.0,15,1.0,1.0
2022-01-14,433.93710875939746,1.0,15,1.0,1.0
2022-01-17,433.841224304891,1.0,15,1.0,1.0
2022-01-18,423.1636236505393,1.0,15,1.0,1.0
2022-01-19,423.2724840219428,1.0,15,1.0,1.0
2022-01-20,427.49770436981976,0.9388567234081946,14,1.0,1.0
2022-01-21,422.00346890343,0.9380463504976291,14,1.0,1.0
2022-01-24,405.1708258289935,0.9354575913353617,14,1.0,0.911192203216315
2022-01-25,411.1338219803613,0.9363789913701952,14,1.0,0.9136810376227432
2022-01-27,412.09021817461934,0.9365119672891995,14,1.0,0.9415447633928056
2022-01-28,417.25784670634044,0.9372837499122066,14,1.0,0.950312094945338
2022-01-31,421.36220521603923,0.9378802874247015,14,1.0,0.9662736622969169
2022-02-01,421.21920368445,0.9662736622969168,15,1.0,0.9964248227360518
2022-02-02,427.0970528029993,0.9667301232050448,15,1.0,1.0
2022-02-03,427.32834048031395,0.9667404406509933,15,1.0,1.0
2022-02-04,429.5396372752334,0.9669040111705176,15,1.0,1.0
2022-02-07,428.5118051866663,0.9668169549580639,15,1.0,1.0
2022-02-08,420.5198784101741,0.9661784959085596,15,1.0,1.0
2022-02-09,417.74711797737086,0.9659461353721628,15,1.0,1.0
2022-02-10,417.85330566517996,0.9659469163267687,15,1.0,1.0
2022-02-11,411.25326819209056,0.9653924109078293,15,1.0,1.0
2022-02-14,390.92264456710706,0.9635841627118713,15,1.0,0.8584068546179782
2022-02-15,394.53359484618903,0.9098357273737772,14,1.0,0.8750614274132953
2022-02-16,394.9960460348479,0.9099204630725133,14,1.0,0.9020863314244834
2022-02-17,395.79407361833586,0.8525481788048858,13,1.0,0.9294556663730343
2022-02-18,390.93466079416663,0.8506807943738912,13,1.0,0.9382779948067475
2022-02-21,382.5347953413449,0.847366689614135,13,1.0,0.9078320988131299
2022-02-22,375.22633040027745,0.7913275304113702,12,1.0,0.8935247151628732
2022-02-23,379.0410331833799,0.6557705928199851,10,0.9747066375680163,0.9035908191120547
2022-02-24,366.30240881469825,0.7926623721306365,9,0.0,0.7543824693264749
2022-02-25,374.0927534238195,0.0,0,0.0,0.7301488468686029
2022-02-28,374.1792633309659,0.0,0,0.0,0.7490820877877166
2022-03-02,374.26579324374984,0.0,0,0.0,0.7725513909556018
2022-03-03,374.3523431667977,0.0,0,0.0,0.7965053644115289
2022-03-04,374.43891310473686,0.0,0,0.0,0.7996958657230552
2022-03-07,374.52550306219587,0.0,0,0.0,0.7914929558058296
2022-03-08,374.61211304380424,0.0,0,0.0,0.8024289914702546
2022-03-09,374.6987430541927,0.0,0,0.0,0.7949761110353851
2022-03-10,374.7853930979928,0.0,0,0.0,0.8079920701295467
2022-03-11,374.8720631798375,0.0,0,0.0,0.8291894488124253
2022-03-14,374.95875330436047,0.0,0,0.0,0.8551403601446474
2022-03-15,375.04546347619674,0.0,0,0.0,0.8752100759905522
2022-03-16,375.1321936999823,0.0,0,0.0,0.871100430656877
2022-03-17,375.2189439803542,0.0,0,0.7154418680734471,0.8807895219412
2022-03-21,374.59621346733957,0.6301537009571305,15,0.735333087964667,0.9078092098112194
2022-03-22,376.54374041282,0.6319815024323241,15,0.7669120353330879,0.9284097260691666
2022-03-23,377.5033147320962,0.6328320784376579,15,0.8170490328385065,0.9553311381994705
2022-03-24,379.8364024024145,0.6350029648956083,15,0.8462070093649042,0.9729136928976582
2022-03-25,379.1802823794347,0.8232863864370921,15,0.8496912444280867,1.0
2022-03-28,371.9490617871954,0.8198091616318941,15,0.8450292397660821,0.9731261567672225
2022-03-29,373.51832877056,0.8205247050117793,15,0.8438677995802515,0.9988783427308905
2022-03-30,379.1529589654163,0.8231510180675303,15,0.8577643295229944,0.9838388667165103
2022-03-31,379.3335407673138,0.8231943297469291,15,0.8750645244547686,1.0
2022-04-01,388.59516947947213,0.8750645244547686,15,0.9074233693136134,0.9312857317676971
2022-04-04,391.65895304534473,0.8760131765889358,15,0.9815460059362496,0.9501003274539044
2022-04-05,396.763946083476,0.8775801589850545,15,1.0,0.953523372965858
2022-04-06,402.89110909342406,0.8794140390498149,15,1.0,0.9473671531429169
2022-04-07,398.52582535450256,0.8780650000513408,15,1.0,0.9637704269234035
2022-04-08,400.62027060682135,0.8786744266223676,15,1.0,0.988855362050497
2022-04-11,406.1014627169026,0.8802842918726175,15,1.0,0.9857338635518261
2022-04-12,398.9013891283892,0.8780952680337111,15,1.0,0.9708086450148513
2022-04-13,397.46060159034977,0.8776250725985739,15,1.0,1.0
2022-04-18,396.8167690471702,0.8773981746695116,15,1.0,1.0
2022-04-19,387.31917170263085,0.8743627625337644,15,0.0,0.9710739224041809
2022-04-20,385.10968118301014,0.0,0,0.0,1.0
2022-04-21,385.1987387829112,0.0,0,0.0,1.0
2022-04-22,385.28781697761036,0.0,0,0.0,1.0
2022-04-25,385.37691577187013,0.0,0,0.0,0.9986795139746696
2022-04-26,385.4660351704542,0.0,0,0.0,1.0
2022-04-27,385.55517517812734,0.0,0,0.0,1.0
2022-04-28,385.64433579965555,0.0,0,0.0,1.0
2022-04-29,385.7335170398058,0.0,0,0.0,1.0
2022-05-02,385.8227189033462,0.0,0,0.0,1.0
2022-05-04,385.911941395046,0.0,0,0.0,1.0
2022-05-05,386.0011845196754,0.0,0,0.0,1.0
2022-05-06,386.0904482820059,0.0,0,0.0,1.0
2022-05-09,386.17973268681004,0.0,0,0.0,1.0
2022-05-10,386.2690377388614,0.0,0,0.0,1.0
2022-05-11,386.3583634429348,0.0,0,0.0,1.0
2022-05-12,386.44770980380594,0.0,0,0.0,0.9870542237337608
2022-05-13,386.5370768262518,0.0,0,0.0,1.0
2022-05-16,386.62646451505043,0.0,0,0.0,1.0
2022-05-17,386.715872874981,0.0,0,0.0,0.935886976846255
2022-05-18,386.80530191082374,0.0,0,0.0,0.9652216691912219
2022-05-19,386.89475162736005,0.0,0,0.0,0.9147528753870238
2022-05-20,386.98422202937235,0.0,0,0.0,0.8857529239403061
2022-05-23,387.0737131216442,0.0,0,0.0,0.9084413813731904
2022-05-24,387.1632249089603,0.0,0,0.0,0.9239469294546783
2022-05-25,387.2527573961064,0.0,0,0.0,0.8789181891305737
2022-05-26,387.3423105878694,0.0,0,0.0,0.893191622759994
2022-05-27,387.4318844890373,0.0,0,0.0,0.9056323144302024
2022-05-30,387.52147910439925,0.0,0,0.0,0.8803880786426211
2022-05-31,387.6110944387454,0.0,0,0.0,0.9026407717467831
2022-06-01,387.7007304968671,0.0,0,0.0,0.9306663874870448
2022-06-02,387.79038728355675,0.0,0,0.0,0.9558500012007332
2022-06-03,387.8800648036079,0.0,0,0.0,0.9649096745071771
2022-06-06,387.96976306181523,0.0,0,0.0,0.9940896126009111
2022-06-07,388.05948206297444,0.0,0,0.0,1.0
2022-06-08,388.1492218118824,0.0,0,0.0,1.0
2022-06-09,388.2389823133371,0.0,0,0.0,1.0
2022-06-10,388.3287635721376,0.0,0,0.0,1.0
2022-06-13,388.41856559308405,0.0,0,0.0,0.9806096843313301
2022-06-14,388.50838838097786,0.0,0,0.0,1.0
2022-06-15,388.59823194062136,0.0,0,0.0,1.0
2022-06-16,388.6880962768181,0.0,0,0.0,0.9674152164815232
2022-06-17,388.77798139437266,0.0,0,0.0,0.9865033982986354
2022-06-20,388.86788729809086,0.0,0,0.0,0.944865468252108
2022-06-21,388.9578139927795,0.0,0,0.0,0.8680896718152784
2022-06-22,389.0477614832466,0.0,0,0.0,0.8756762977381807
2022-06-23,389.13772977430114,0.0,0,0.0,0.8890581165535465
2022-06-24,389.22771887075334,0.0,0,0.0,0.8931527103662018
2022-06-27,389.3177287774145,0.0,0,0.0,0.9065545845166609
2022-06-28,389.4077594990971,0.0,0,0.0,0.9347841680105341
2022-06-29,389.49781104061464,0.0,0,0.0,0.9621132315364185
2022-06-30,389.5878834067817,0.0,0,0.0,0.9815896989721875
2022-07-01,389.6779766024141,0.0,0,0.0,1.0
2022-07-04,389.7680906323287,0.0,0,0.0,1.0
2022-07-05,389.8582255013435,0.0,0,0.0,1.0
2022-07-06,389.9483812142775,0.0,0,0.0,1.0
2022-07-07,390.038557775951,0.0,0,0.0,1.0
2022-07-08,390.1287551911853,0.0,0,0.0,1.0
2022-07-11,390.21897346480284,0.0,0,0.0,1.0
2022-07-12,390.30921260162717,0.0,0,0.0,1.0
2022-07-13,390.39947260648296,0.0,0,0.0,1.0
2022-07-14,390.489753484196,0.0,0,0.0,1.0
2022-07-15,390.5800552395932,0.0,0,0.0,1.0
2022-07-18,390.6703778775026,0.0,0,0.0,1.0
2022-07-19,390.76072140275323,0.0,0,0.0,1.0
2022-07-20,390.85108582017546,0.0,0,0.0,1.0
2022-07-21,390.9414711346006,0.0,0,0.0,1.0
2022-07-22,391.0318773508611,0.0,0,0.0,1.0
2022-07-25,391.1223044737907,0.0,0,0.0,1.0
2022-07-26,391.21275250822396,0.0,0,0.0,1.0
2022-07-27,391.3032214589968,0.0,0,0.0,1.0
2022-07-28,391.39371133094613,0.0,0,0.0,1.0
2022-07-29,391.48422212891006,0.0,0,0.0,1.0
2022-08-01,391.5747538577278,0.0,0,0.7620689655172415,1.0
2022-08-02,390.76987859732844,0.7620689655172415,15,0.867816091954023,1.0
2022-08-03,386.79725154909124,0.7595696916405632,15,0.9390804597701147,1.0
2022-08-04,387.0331642401009,0.9390804597701146,15,0.9827586206896554,1.0
2022-08-05,388.57267115583994,0.9393077881808876,15,1.0,1.0
2022-08-08,390.5936231354651,0.939607850271269,15,1.0,1.0
2022-08-10,394.3005636739392,0.9401617808521445,15,0.998850574712644,1.0
2022-08-11,396.2379374519599,0.9404405849671067,15,1.0,1.0
2022-08-12,398.9262981921414,0.9408282748807115,15,1.0,1.0
2022-08-16,397.3570173632516,0.9405808505177167,15,1.0,1.0
2022-08-17,400.4959370227615,0.9410329198255754,15,1.0,1.0
2022-08-18,404.3920011898567,0.9415875258746371,15,1.0,1.0
2022-08-19,401.48494116158656,0.9411509687545533,15,1.0,1.0
2022-08-22,400.2781902867994,0.9409599018265853,15,1.0,1.0
2022-08-23,406.9844320225529,0.9419193294410018,15,1.0,1.0
2022-08-24,407.7066384919671,0.9420088053068253,15,1.0,1.0
2022-08-25,411.39134515725686,0.9425149242332864,15,1.0,1.0
2022-08-26,410.947010532527,0.9424394608065751,15,1.0,1.0
2022-08-29,409.0126430132034,0.9421538623925971,15,1.0,1.0
2022-08-30,417.04846933289025,0.9432553413792032,15,1.0,1.0
2022-09-01,412.4830505663061,1.0,15,1.0,1.0
2022-09-02,410.18644833320616,1.0,15,1.0,1.0
2022-09-05,410.5014083997571,1.0,15,1.0,1.0
2022-09-06,414.4877736581669,0.9999999999999999,15,1.0,1.0
2022-09-07,421.4904901113918,0.9397172789171035,14,1.0,1.0
2022-09-08,423.73840548814144,0.9400232097736195,14,1.0,1.0
2022-09-09,422.7015341440773,0.9398621851008047,14,1.0,1.0
2022-09-12,426.7992677074926,0.9404257995221396,14,1.0,1.0
2022-09-13,430.8058983321907,0.9409662098027487,14,1.0,1.0
2022-09-14,431.5557173235362,0.9410551517772663,14,1.0,1.0
2022-09-15,428.9557427304272,0.9406841631381578,14,1.0,1.0
2022-09-16,424.0828930683558,0.9399887304285297,14,1.0,1.0
2022-09-19,421.79590518056125,0.9396493948271413,14,1.0,1.0
2022-09-20,427.89200345284115,0.9404954413423883,14,1.0,1.0
2022-09-21,423.07473238169234,0.9398039851776866,14,1.0,1.0
2022-09-22,422.7187655682909,0.9397393625722148,14,1.0,1.0
2022-09-23,411.7368857748109,0.9381177788230906,14,1.0,1.0
2022-09-26,393.5259059387195,0.93523911697745,14,1.0,0.9716426325906181
2022-09-27,395.56961221555923,0.8791507086882097,13,1.0,0.9967312826940321
2022-09-28,393.7120754556952,0.8785524621924286,13,1.0,1.0
2022-09-29,395.20884357551495,0.8789844398180727,13,0.9868086028495584,1.0
2022-09-30,398.5029772011878,0.8799570334151132,13,0.9468435838499225,1.0
2022-10-03,388.3138307188113,0.9468435838499225,15,0.950186900698846,1.0
2022-10-04,394.29589941216506,0.4750934503494231,15,1.0,0.9937610186608841
2022-10-06,398.1773571730292,0.4800900694926471,15,1.0,0.9730038992805438
2022-10-07,398.7796873248536,0.48075530990478443,15,1.0,1.0
2022-10-10,396.95180996887154,0.4782436706558909,15,1.0,1.0
2022-10-11,395.4347340320352,0.4761208445411801,15,1.0,1.0
2022-10-12,396.2125214370512,0.4770283381351377,15,1.0,1.0
2022-10-13,396.98915474744854,0.47793073016889187,15,1.0,1.0
2022-10-14,395.0313390560622,0.4752219733034171,15,1.0,1.0
2022-10-17,397.11486367307066,0.44630684003367604,14,1.0,1.0
2022-10-18,399.3542873318264,0.4492844111699277,14,1.0,1.0
2022-10-19,401.30159453227355,0.4518300101003787,14,1.0,1.0
2022-10-20,402.54522198271826,1.0,14,1.0,1.0
2022-10-21,390.0002332168716,1.0,14,1.0,1.0
2022-10-24,390.44047016461434,0.5,14,1.0,1.0
2022-10-25,389.3870808581881,0.4701001847636167,13,1.0,1.0
2022-10-27,389.0182161445521,0.4694750800904989,13,1.0,1.0
2022-10-28,388.0270120801115,0.4679968704951013,13,1.0,1.0
2022-10-31,387.97393065414906,0.46780103950930507,13,1.0,1.0
2022-11-01,389.0950384148098,0.5,15,1.0,1.0
2022-11-02,388.795443199324,0.49949899819266647,15,1.0,1.0
2022-11-03,388.11617999845066,0.498507099507908,15,1.0,1.0
2022-11-04,391.83627517783077,0.5031534046476576,15,1.0,1.0
2022-11-07,394.3647937871615,0.5062248376211962,15,1.0,1.0
2022-11-09,397.34078035687514,0.5098097629040864,15,1.0,1.0
2022-11-10,396.3427409011012,0.5084617607882784,15,1.0,1.0
2022-11-11,395.2204657365602,0.5069519876821752,15,1.0,1.0
2022-11-14,394.7197122609203,0.5062123286607869,15,1.0,1.0
2022-11-15,395.6477779174286,0.47705889083138014,14,1.0,1.0
2022-11-16,394.81745962145885,0.4758379371310885,14,1.0,1.0
2022-11-17,393.4197130762236,0.473854043038455,14,1.0,1.0
2022-11-18,392.1745343225562,0.4467921397959632,13,1.0,1.0
2022-11-21,391.4074738558924,0.4455798097122753,13,1.0,1.0
2022-11-22,391.1179430455545,0.4450410860125657,13,1.0,1.0
2022-11-23,390.7679002400648,0.4444155132409331,13,1.0,1.0
2022-11-24,392.26776800292987,0.4464118467006269,13,1.0,1.0
2022-11-25,392.9417809524444,0.4472336172493346,13,1.0,1.0
2022-11-28,392.69246427143275,0.41642212257146566,12,1.0,1.0
2022-11-29,392.70073526635326,0.41629946275160545,12,1.0,1.0
2022-11-30,397.3274053940544,0.42296294021841274,12,1.0,1.0
2022-12-01,395.0473921542461,1.0,15,1.0,1.0
2022-12-02,392.54852646371813,1.0,15,1.0,1.0
2022-12-05,391.83357666719917,1.0,15,1.0,1.0
2022-12-06,392.8630721184162,1.0000000000000002,15,1.0,1.0
2022-12-07,390.56282454366186,1.0,15,1.0,1.0
2022-12-08,394.5745055476608,1.0,15,1.0,1.0
2022-12-09,390.58734924966876,1.0,15,1.0,1.0
2022-12-12,391.3576362256132,1.0,15,1.0,1.0
2022-12-13,394.4294972432824,1.0,15,1.0,1.0
2022-12-14,392.63214816045587,0.9389389610819279,14,1.0,1.0
2022-12-15,388.23011704960214,0.9382323266616148,14,1.0,1.0
2022-12-16,383.6530815284614,0.49999999999999994,14,1.0,1.0
2022-12-19,386.0121392539228,0.5029407585113104,14,1.0,1.0
2022-12-20,386.6661037228029,0.503666677962118,14,1.0,1.0
2022-12-21,379.50065966521356,0.49417834254214343,14,1.0,1.0
2022-12-22,373.8789099639298,0.4864539327507038,14,1.0,1.0
2022-12-23,362.87284221174764,0.47075552941447507,14,1.0,0.7780825395226532
2022-12-26,371.90479843673324,0.4116960378396177,12,1.0,0.6635196807578252
2022-12-27,373.82738792649184,0.41458633050531846,12,1.0,0.6785257382423677
2022-12-28,374.33601024808524,0.41524655633311425,12,1.0,0.6994116961925902
2022-12-29,374.86434423393814,0.41593567297200007,12,1.0,0.7208589602580633
2022-12-30,374.9855700151511,0.4159894672757442,12,1.0,0.7434814923224825
2023-01-02,375.6251898782281,0.37174074616124125,15,1.0,0.7644853158028131
2023-01-03,377.2479390028524,0.3742985702400641,15,1.0,0.7803618350141596
2023-01-04,375.9616128410363,0.37201258677371746,15,1.0,0.79948197277996
2023-01-05,375.6275514925227,0.371308738356467,15,1.0,0.8241461732440422
2023-01-06,375.2993945126683,0.37061350518788316,15,1.0,0.8496188142952413
2023-01-09,375.82747061425283,0.3713525149670581,15,1.0,0.875197609837152
2023-01-10,373.13772007396653,0.3666745067116447,15,1.0,0.8709004073160925
2023-01-11,373.3161603730367,0.3668308399739525,15,1.0,0.8981596563940801
2023-01-12,373.9053328607704,0.3676823500387878,15,1.0,0.924597871244386
2023-01-13,374.84780708564887,0.3691263194076718,15,1.0,0.9489695251676512
2023-01-16,374.44238968953397,0.3682972088352823,15,1.0,0.9777783387042213
2023-01-17,374.5821781950163,0.36838692256262673,15,1.0,1.0
2023-01-18,376.25414410027804,0.3710482175181293,15,1.0,1.0
2023-01-19,374.8828606493745,0.36860159700149553,15,1.0,1.0
2023-01-20,375.0061835407607,0.3686632714349968,15,1.0,1.0
2023-01-23,374.07710411716704,0.36694888635833356,15,1.0,1.0
2023-01-24,373.69772060350783,0.36615966008896383,15,1.0,1.0
2023-01-25,372.6298080240529,0.3641961520100402,15,1.0,1.0
2023-01-27,366.82022130032766,0.35397712478732135,15,1.0,0.9458629170860466
2023-01-30,367.60363921525453,0.33573309905137894,14,1.0,0.9708099925894376
2023-01-31,372.39801931082377,0.3441334636960657,14,1.0,0.8558989592705696
2023-02-01,367.20911574285003,0.42794947963528474,15,1.0,0.7857706947712588
2023-02-02,366.8674269733121,0.42728427843671507,15,1.0,0.810192561305228
2023-02-03,366.9891460047691,0.4273418326063292,15,1.0,0.835428057033301
2023-02-06,367.891915478014,0.4286149740068312,15,1.0,0.858939362480514
2023-02-07,368.17686084842995,0.42892515752881777,15,1.0,0.8856538453507946
2023-02-08,368.2657570727022,0.428930979501985,15,1.0,0.9134483264394221
2023-02-09,368.0943515539874,0.42853293484570487,15,1.0,0.9420838342132496
2023-02-10,368.8228760637123,0.4295298440200506,15,1.0,0.9693798335286258
2023-02-13,366.8857488722175,0.4263851883377635,15,1.0,0.9828127857689365
2023-02-14,367.5220057902655,0.4272458144540965,15,1.0,1.0
2023-02-15,368.1577868897539,0.4281026961686807,15,1.0,1.0
2023-02-16,368.85959985020656,0.42905881896665427,15,1.0,1.0
2023-02-17,367.0871417911702,0.42616939489353656,15,1.0,1.0
2023-02-20,364.53617212254954,0.4220201856425827,15,1.0,1.0
2023-02-21,362.7802655192339,0.4190883772514037,15,1.0,1.0
2023-02-22,358.2206036137064,0.41155811380208607,15,1.0,0.9936916733532194
2023-02-23,360.2922890017926,0.38449143609034514,14,1.0,0.9980447662244941
2023-02-24,359.25467242168725,0.3825709456883394,14,1.0,1.0
2023-02-27,357.1367599502227,0.3787658044502947,14,0.989337822671156,1.0
2023-02-28,358.57772049746063,0.3568862623893375,13,0.9399551066217732,1.0
2023-03-01,361.96735777621774,0.4699775533108866,15,0.911844018108,0.9679492337214137
2023-03-02,361.65742235227896,0.43864571642349415,14,0.8837479944862494,0.9983589311702422
2023-03-03,363.77644674785773,0.4417865877263206,14,0.8959957517004496,1.0
2023-03-06,363.27290520755076,0.4408835671241709,14,0.9396010816592473,1.0
2023-03-08,365.8519646543986,0.44469665142397063,14,0.9966442953020133,1.0
2023-03-09,365.15218407533393,0.44350380220820607,14,1.0,1.0
2023-03-10,363.2667395938596,0.4182215523990029,13,1.0,1.0
2023-03-13,359.2318581390059,0.4115509854472013,13,1.0,1.0
2023-03-14,355.9175892447744,0.4059340597343678,13,0.0,0.9735319960186775
2023-03-15,355.9906567887849,0.0,0,0.0,1.0
2023-03-16,356.0729805397315,0.0,0,0.0,1.0
2023-03-17,356.15532332825626,0.0,0,0.0,1.0
2023-03-20,356.23768515876174,0.0,0,0.0,1.0
2023-03-21,356.3200660356514,0.0,0,0.0,1.0
2023-03-22,356.4024659633298,0.0,0,0.0,1.0
2023-03-23,356.4848849462025,0.0,0,0.0,1.0
2023-03-24,356.56732298867604,0.0,0,0.0,1.0
2023-03-27,356.64978009515795,0.0,0,0.0,1.0
2023-03-28,356.7322562700569,0.0,0,0.0,1.0
2023-03-29,356.8147515177825,0.0,0,0.0,1.0
2023-03-31,356.89726584274536,0.0,0,0.0,1.0
2023-04-03,356.97979924935714,0.0,0,0.0,1.0
2023-04-05,357.06235174203056,0.0,0,0.7798814841417699,1.0
2023-04-06,356.7271272558945,0.3899407420708849,15,0.8457311096645791,1.0
2023-04-10,357.12001074003405,0.3904709726238413,15,0.8959581902389019,1.0
2023-04-11,359.0985490903825,0.39368913837567593,15,0.9149850732867947,1.0
2023-04-12,360.57184784071967,0.39602689018555076,15,0.9429530201342283,1.0
2023-04-13,359.53825109914567,0.3941505228600471,15,0.9630872483221478,1.0
2023-04-17,359.33486658228736,0.3936674268573397,15,0.9809843400447429,1.0
2023-04-18,358.6222920949045,0.39232216300605544,15,1.0,1.0
2023-04-19,357.9687340451029,0.3910719172880394,15,1.0,1.0
2023-04-20,359.6130920816517,0.3937161146721726,15,1.0,1.0
2023-04-21,361.4659598395572,0.3966844285286204,15,1.0,1.0
2023-04-24,361.6888467912774,0.39691678311664413,15,1.0,1.0
2023-04-25,361.1165282600184,0.39582129609808064,15,1.0,1.0
2023-04-26,361.1777950568606,0.3957840891067352,15,1.0,1.0
2023-04-27,363.6655756183361,0.3997786670781708,15,1.0,1.0
2023-04-28,365.0801075709999,0.401966007517688,15,1.0,1.0
2023-05-02,365.0242473858749,0.5,15,1.0,1.0
2023-05-03,365.84497939057866,0.5010063267972494,15,1.0,1.0
2023-05-04,368.8374761091078,0.5049403651402178,15,1.0,1.0
2023-05-05,367.8468548362377,0.5034923643825332,15,1.0,1.0
2023-05-08,369.4339766787362,0.5055110807887102,15,1.0,1.0
2023-05-09,366.83248784856505,0.501889120098671,15,1.0,1.0
2023-05-10,370.0422786400708,0.5060956029388555,15,1.0,1.0
2023-05-11,372.06049208123665,0.5086611521473147,15,1.0,1.0
2023-05-12,373.45124753249934,0.5103777280580246,15,1.0,1.0
2023-05-15,373.9239542819048,0.510883614906307,15,1.0,1.0
2023-05-16,372.55252448168767,0.5089695677325029,15,1.0,1.0
2023-05-17,372.6226931892289,0.5089485031803339,15,1.0,1.0
2023-05-18,373.5233546887629,0.5100192723533081,15,1.0,1.0
2023-05-19,372.3494708152305,0.5083608729409081,15,1.0,1.0
2023-05-22,373.9839974974463,0.5103964247820437,15,1.0,1.0
2023-05-23,373.5194189321636,0.509674099357674,15,1.0,1.0
2023-05-24,373.86358992694954,0.510012198381373,15,1.0,1.0
2023-05-25,374.652888623329,0.5109314062962879,15,1.0,1.0
2023-05-26,376.92323087191454,0.5137648226905676,15,1.0,1.0
2023-05-29,375.4077375496384,0.5116890301212982,15,1.0,1.0
2023-05-30,374.5621417115003,0.5104734615894797,15,1.0,1.0
2023-05-31,379.104722355116,0.5162273116925038,15,1.0,1.0
2023-06-01,379.83806530942684,0.5,15,1.0,1.0
2023-06-02,381.4189184507044,0.501957184795802,15,1.0,1.0
2023-06-05,383.45978049567464,0.5044933236784914,15,1.0,1.0
2023-06-06,385.0041266775642,0.5063667951969762,15,1.0,1.0
2023-06-07,386.95234946578876,0.5087385542027046,15,1.0,1.0
2023-06-08,385.54711536594857,1.0,15,1.0,1.0
2023-06-09,389.81206960929217,0.9999999999999999,15,1.0,1.0
2023-06-12,389.2856869750334,1.0,15,1.0,1.0
2023-06-13,390.60864135569307,0.9999999999999999,15,1.0,1.0
2023-06-14,392.88664667164016,0.9999999999999998,15,1.0,1.0
2023-06-15,395.322962372709,0.9999999999999998,15,1.0,1.0
2023-06-16,395.1921446953552,0.9999999999999999,15,1.0,1.0
2023-06-19,398.26624774003665,0.9999999999999998,15,1.0,1.0
2023-06-20,397.84589437782324,0.9999999999999998,15,1.0,1.0
2023-06-21,397.1822494268446,0.9999999999999998,15,1.0,1.0
2023-06-22,395.71810415006144,0.9999999999999998,15,1.0,1.0
2023-06-23,393.3815413197622,0.9999999999999998,15,1.0,1.0
2023-06-26,396.3950161569082,0.9999999999999997,15,1.0,1.0
2023-06-27,399.8993416794191,0.9999999999999997,15,1.0,1.0
2023-06-28,400.1459336786852,0.9999999999999997,15,1.0,1.0
2023-06-30,405.46941114497616,0.9999999999999998,15,1.0,1.0
2023-07-03,410.2306457171205,1.0,15,1.0,1.0
2023-07-04,410.41045012441464,1.0000000000000002,15,1.0,1.0
2023-07-05,413.88244491811366,1.0,15,1.0,1.0
2023-07-06,417.42538323459723,1.0,15,1.0,1.0
2023-07-07,412.65076284051486,1.0,15,1.0,1.0
2023-07-10,411.20413446291957,0.9999999999999999,15,1.0,1.0
2023-07-11,419.81979608143354,0.9999999999999999,15,1.0,1.0
2023-07-12,425.65168891612115,0.9999999999999999,15,1.0,1.0
2023-07-13,422.8134840498036,0.9999999999999998,15,1.0,1.0
2023-07-14,426.126933485724,1.0,15,1.0,1.0
2023-07-17,431.3782497665058,1.0,15,1.0,1.0
2023-07-18,432.71792732116,0.9999999999999999,15,1.0,1.0
2023-07-19,440.9106817897542,0.9999999999999999,15,1.0,1.0
2023-07-20,445.17714898994535,1.0,15,1.0,1.0
2023-07-21,449.52681462963545,1.0000000000000002,15,1.0,1.0
2023-07-24,446.49130453020626,1.0,15,1.0,1.0
2023-07-25,449.90183932620556,1.0,15,1.0,1.0
2023-07-26,452.52881512919924,1.0000000000000002,15,1.0,1.0
2023-07-27,453.1981050019337,1.0000000000000002,15,1.0,1.0
2023-07-28,448.2954455811638,1.0,15,1.0,1.0
2023-07-31,452.7439168462403,1.0,15,1.0,1.0
2023-08-01,453.19135103564764,1.0,15,1.0,1.0
2023-08-02,444.12790182710347,1.0,15,1.0,1.0
2023-08-03,445.4678665109019,1.0,15,1.0,1.0
2023-08-04,447.71274277586116,0.9999999999999998,15,1.0,1.0
2023-08-07,452.1348888563942,0.9999999999999999,15,1.0,1.0
2023-08-08,455.3622505822073,0.9999999999999998,15,1.0,1.0
2023-08-09,457.595953167069,0.9999999999999999,15,1.0,1.0
2023-08-10,456.0508211329531,0.9999999999999998,15,1.0,1.0
2023-08-11,453.3202403402006,0.9999999999999998,15,1.0,1.0
2023-08-14,457.0460953945934,0.9999999999999998,15,1.0,1.0
2023-08-16,468.8567388000314,0.9999999999999999,15,1.0,1.0
2023-08-17,471.5036055557297,0.9999999999999999,15,1.0,1.0
2023-08-18,469.4407380941546,0.9999999999999999,15,1.0,1.0
2023-08-21,482.2414046016498,0.9999999999999998,15,1.0,1.0
2023-08-22,485.5544019082822,0.9999999999999999,15,1.0,1.0
2023-08-23,487.2796167369842,0.9999999999999998,15,1.0,1.0
2023-08-24,493.389924579686,0.9999999999999998,15,1.0,1.0
2023-08-25,494.9207333717169,0.9999999999999998,15,1.0,1.0
2023-08-28,497.0280908662918,0.9999999999999999,15,1.0,1.0
2023-08-29,491.3759094117129,0.9999999999999998,15,1.0,1.0
2023-08-30,493.6153637483255,0.9999999999999999,15,1.0,1.0
2023-08-31,506.73400742668406,0.9999999999999998,15,1.0,1.0
2023-09-01,512.4900939359862,1.0,15,1.0,1.0
2023-09-04,518.7292085905403,1.0,15,1.0,1.0
2023-09-05,522.717876318606,1.0,15,1.0,1.0
2023-09-06,526.9881684236021,1.0,15,1.0,1.0
2023-09-07,525.8124150075472,0.9999999999999999,15,1.0,1.0
2023-09-08,533.3490249098923,0.9999999999999998,15,1.0,1.0
2023-09-11,540.6299262002645,0.9999999999999999,15,1.0,1.0
2023-09-12,512.7798808954211,0.9999999999999999,15,1.0,0.9198921504584842
2023-09-13,518.0314723942261,1.0,15,1.0,0.9363052302618119
2023-09-14,523.8842865462241,0.9999999999999998,15,1.0,0.9512817543875968
2023-09-15,532.8678099332459,0.9999999999999998,15,1.0,0.9443492465929162
2023-09-18,526.2068497155991,0.9999999999999998,15,1.0,0.9580467496748089
2023-09-20,521.6351728787683,0.9999999999999998,15,1.0,0.9808542094406759
2023-09-21,513.7553184059486,0.9999999999999998,15,1.0,0.9852218840617909
2023-09-22,513.581825433063,0.9999999999999998,15,1.0,1.0
2023-09-25,513.3882190921587,0.9999999999999998,15,1.0,1.0
2023-09-26,517.2370561478309,0.9466886929673723,14,1.0,1.0
2023-09-27,525.0530843090131,0.9474701491596952,14,1.0,1.0
2023-09-28,521.4709221076517,0.9470970725305927,14,1.0,1.0
2023-09-29,525.3919829021158,0.9474797505285758,14,1.0,1.0
2023-10-03,525.4150210453774,1.0,15,1.0,1.0
2023-10-04,517.0887569499133,1.0,15,1.0,1.0
2023-10-05,515.6727440778876,1.0000000000000002,15,1.0,1.0
2023-10-06,522.1778144506825,1.0,15,1.0,1.0
2023-10-09,505.89580278261855,1.0,15,1.0,1.0
2023-10-10,514.5463484319351,1.0,15,1.0,1.0
2023-10-11,521.2383268892855,1.0000000000000002,15,1.0,1.0
2023-10-12,522.864221429322,1.0,15,1.0,1.0
2023-10-13,524.6738132143656,1.0,15,1.0,1.0
2023-10-16,525.465968348621,0.9999999999999998,15,1.0,1.0
2023-10-17,528.8189812592835,0.9999999999999999,15,1.0,1.0
2023-10-18,525.1877577315179,0.9999999999999999,15,1.0,1.0
2023-10-19,525.2967680471015,0.9999999999999998,15,1.0,1.0
2023-10-20,523.3319065261071,0.9999999999999998,15,1.0,1.0
2023-10-23,497.34077070426946,0.9999999999999998,15,1.0,0.924323489437736
2023-10-25,490.79741324207083,0.9382942407601658,14,1.0,0.9379197938463968
2023-10-26,492.30821120041924,0.9384693778857904,14,1.0,0.9651586453887685
2023-10-27,500.22513992539626,0.9394292025761919,14,1.0,0.9597723507843156
2023-10-30,502.42042586735056,0.9396799158912184,14,1.0,0.9860218083375918
2023-10-31,509.273101408765,0.9404778092298,14,1.0,0.989249804372571
2023-11-01,503.6928298475029,0.989249804372571,15,1.0,1.0
2023-11-02,510.5873552034909,0.9893925131765524,15,1.0,1.0
2023-11-03,515.8020903935286,0.9894973261672435,15,1.0,1.0
2023-11-06,526.4472293433669,0.9897073180740814,15,1.0,0.999864381221452
2023-11-07,530.7241812264017,0.9897879027777696,15,1.0,1.0
2023-11-08,535.1713867663373,0.9898704220458037,15,1.0,1.0
2023-11-09,535.2849477490115,0.989870229047205,15,1.0,1.0
2023-11-10,542.5434128998567,0.9900034398903395,15,1.0,1.0
2023-11-13,558.0532982446367,0.9902790251931701,15,1.0,0.9825571075217954
2023-11-15,563.6564893928813,0.990373433715028,15,1.0,0.9998442247978694
2023-11-16,559.9616010001741,0.9903076722734215,15,1.0,1.0
2023-11-17,580.9242270948353,0.9906552590126708,15,1.0,0.8872945337465571
2023-11-20,585.072704203654,0.9907193725310257,15,1.0,0.9087450746539092
2023-11-21,585.5862977176687,0.9907253678988568,15,1.0,0.9370591816005065
2023-11-22,576.5936352445469,0.9905785407643357,15,1.0,0.9427560076096887
2023-11-23,579.1276053239117,0.9906175951108359,15,1.0,0.9699791641471407
2023-11-24,582.5754841158268,0.990670966492796,15,1.0,0.9956377133478754
2023-11-28,582.314838033707,0.9906646324574584,15,1.0,1.0
2023-11-29,584.5401798793733,0.9906980215508623,15,1.0,1.0
2023-11-30,591.526723647462,0.9908057618590052,15,1.0,1.0
2023-12-01,602.0430570301977,1.0,15,1.0,1.0
2023-12-04,610.4517597813027,1.0,15,1.0,1.0
2023-12-05,608.7183265642029,1.0,15,1.0,1.0
2023-12-06,612.3124296949522,1.0,15,1.0,1.0
2023-12-07,606.2404746280001,1.0,15,1.0,1.0
2023-12-08,604.4291056232884,1.0,15,1.0,1.0
2023-12-11,615.5898299749379,1.0,15,1.0,1.0
2023-12-12,613.8742773165325,1.0,15,1.0,1.0
2023-12-13,626.3709940489802,1.0,15,1.0,1.0
2023-12-14,631.1089672887741,0.9999999999999999,15,1.0,1.0
2023-12-15,637.5875808336892,1.0,15,1.0,1.0
2023-12-18,637.5157878852017,1.0,15,1.0,1.0
2023-12-19,637.3912886942812,1.0,15,1.0,1.0
2023-12-20,603.2772387305632,1.0,15,1.0,0.8705366761104187
2023-12-21,623.5945043512837,0.9999999999999998,15,1.0,0.8107091881722992
2023-12-22,625.7446193195144,0.8107091881722992,15,1.0,0.8349125352862418
2023-12-26,629.8462230628717,0.8118983745790865,15,1.0,0.855605903099484
2023-12-27,629.3551910490634,0.8117080820519194,15,1.0,0.8824398618997613
2023-12-28,628.7711279207468,0.8114895949646885,15,1.0,0.9100886626698685
2023-12-29,631.8906329183504,0.8123768510474878,15,1.0,0.9348049538394688
2024-01-01,634.4107950290902,0.9348049538394688,15,1.0,0.9580509798496529
2024-01-02,636.6676300250475,0.9350210316598959,15,1.0,0.9860719661227175
2024-01-03,635.5753431111257,0.9348943077436205,15,1.0,1.0
2024-01-04,643.5133779018912,0.9356825463964331,15,1.0,1.0
2024-01-05,647.7312883287982,0.9360865934416696,15,1.0,1.0
2024-01-08,653.050985895868,0.9365925668527503,15,1.0,1.0
2024-01-09,654.0939367905038,0.9366790300709648,15,1.0,1.0
2024-01-10,653.6385832196218,0.9366202645428656,15,1.0,1.0
2024-01-11,658.7284338280612,0.9370954424269693,15,1.0,1.0
2024-01-12,660.7593210103959,0.9372742815878985,15,1.0,1.0
2024-01-15,666.3041718932433,0.9377818877778086,15,1.0,1.0
2024-01-16,665.5635933484903,0.937698253022043,15,1.0,1.0
2024-01-17,661.6558824362588,0.9373158090813374,15,1.0,1.0
2024-01-18,661.9747684621258,0.9373315163695497,15,1.0,1.0
2024-01-19,671.9681475410471,0.9382492330997527,15,1.0,1.0
2024-01-23,651.1468522522908,0.9362599327321985,15,1.0,1.0
2024-01-24,673.9981413111942,0.9384067409701864,15,1.0,0.9439093886453294
2024-01-25,683.1511625448118,0.9392179292971155,15,1.0,0.9487269815995304
2024-01-29,694.7814915805535,0.9402215730483867,15,1.0,0.9404980121973073
2024-01-30,701.7375507964065,0.9408004471266594,15,1.0,0.9565160325297005
2024-01-31,715.1503750224762,0.9418973162656006,15,1.0,0.9384507724112358
2024-02-01,712.8740526568984,0.9384507724112359,15,1.0,0.9677772617469678
2024-02-02,721.553518396125,0.9391770772042666,15,1.0,0.9760115752501738
2024-02-05,723.4754936633399,0.939324630472484,15,1.0,1.0
2024-02-06,728.9700869694851,0.9397680439380378,15,1.0,1.0
2024-02-07,741.62627340076,0.9407822383076165,15,1.0,0.9990298927035252
2024-02-08,752.2140663737551,0.9416022567124939,15,1.0,0.9976180169137073
2024-02-09,732.1646542503574,0.9399892332125381,15,1.0,0.9415901732476056
2024-02-12,698.4222199995235,0.9370754226056622,15,1.0,0.7923578151284076
2024-02-13,701.683633752128,0.9373534111506004,15,1.0,0.8146169710278663
2024-02-14,715.8474499322637,0.9385787411407897,15,1.0,0.8066302730584376
2024-02-15,733.9510033180251,0.9400798975709128,15,1.0,0.782406527701875
2024-02-16,734.1505307822866,0.7824065277018749,15,1.0,0.8068908010975001
2024-02-19,737.9443405980808,0.7834751265814046,15,1.0,0.8286611140939335
2024-02-20,737.2020064161497,0.7832069719759222,15,1.0,0.854597906462779
2024-02-21,723.0387113083899,0.7789091903663423,15,1.0,0.8364480789212975
2024-02-22,729.263256433155,0.7807455948736706,15,1.0,0.8532491651487273
2024-02-23,730.4881116389281,0.7810626143527306,15,1.0,0.8796140684290282
2024-02-26,725.959666840416,0.7796459649135308,15,1.0,0.9020547967295636
2024-02-27,724.9285648411246,0.7792815144816149,15,1.0,0.9302181521479915
2024-02-28,712.2621415216217,0.9302181521479915,15,1.0,0.9133042500031965
2024-02-29,716.771616456316,0.9306411398167451,15,1.0,0.9364173809952387
2024-03-01,719.5375701988122,0.9364173809952387,15,1.0,0.9614769531335611
2024-03-04,713.5136161089496,0.9358657466706825,15,1.0,0.9832567595132825
2024-03-05,702.3719385435577,0.9348333229615381,15,1.0,0.9821771446813726
2024-03-06,693.0948110784817,0.9339457902932746,15,1.0,0.9909659755366367
2024-03-07,699.1498086706351,0.9345027108709235,15,1.0,1.0
2024-03-11,690.6093693968191,0.9336774031653083,15,1.0,1.0
2024-03-12,676.7368763919457,0.9323021983320526,15,1.0,0.9941135227239978
2024-03-13,634.470817786599,0.8765553497289007,14,1.0,0.7040388627054993
2024-03-14,653.8652731139374,0.6381456276409263,10,1.0,0.669155199773059
2024-03-15,649.9752926627363,0.6358958164036745,10,1.0,0.6873127448991169
2024-03-18,646.3896106625689,0.6337913739271439,10,1.0,0.7059746200509754
2024-03-19,639.552482563521,0.6297908330037225,10,1.0,0.7157035393116393
2024-03-20,636.9250419039508,0.6281776826313066,10,1.0,0.736336187254141
2024-03-21,655.4293769902162,0.5719841720735337,9,1.0,0.6635071024182294
2024-03-22,658.8700581451661,0.5741208479412876,9,1.0,0.6809628838000584
2024-03-26,669.1233559100428,0.5805498217286154,9,1.0,0.6707101316651992
2024-03-27,670.927723841015,0.5815811372901067,9,1.0,0.6906163970883596
2024-03-28,671.659507154071,0.5819403560336449,9,1.0,0.7121470331547881
2024-04-01,682.2023415235458,0.7121470331547881,15,1.0,0.6907434690527122
2024-04-02,686.4853065552938,0.7138767893447628,15,1.0,0.7089141892471449
2024-04-03,692.3582839128068,0.7162382439428323,15,1.0,0.7239156892864683
2024-04-04,694.1983887788944,0.7169249617560548,15,1.0,0.7459170385358319
2024-04-05,694.3254077345002,0.7169112972706149,15,1.0,0.7693488854219348
2024-04-08,695.3017151368429,0.7172434230038065,15,1.0,0.7931267226625464
2024-04-09,694.585306274114,0.7168863267178149,15,1.0,0.8179383413997265
2024-04-10,695.6460483533166,0.7172526560570609,15,1.0,0.8432190827943982
2024-04-12,692.2956832525183,0.7158185977450864,15,1.0,0.8663573957374585
2024-04-15,679.2515408525853,0.8663573957374586,15,1.0,0.8422767760205522
2024-04-16,680.9500882013729,0.8666599228885327,15,1.0,0.8680357319180834
2024-04-18,680.8389887640765,0.8666073241631047,15,1.0,0.895310394976804
2024-04-19,681.838610221283,0.8667720846623681,15,1.0,0.9229782114617046
2024-04-22,695.2767635686856,0.8693168701078426,15,1.0,0.9015884936012413
2024-04-23,707.4530915778198,0.8715364219730473,15,1.0,0.8891236525932079
2024-04-24,711.7260543579179,0.8722781447178671,15,1.0,0.9122796634415924
2024-04-25,722.4361757757488,0.8741425239915994,15,1.0,0.9104534694401296
2024-04-26,729.508788059897,0.8753338937718357,15,1.0,0.9229638501108323
2024-04-29,719.9267708042587,0.8736454108606064,15,1.0,0.9334936662620844
2024-04-30,721.9386835240103,0.8739683998873857,15,1.0,0.9608587225560928
2024-05-02,732.0167944031364,0.9608587225560927,15,1.0,0.9537949760838402
2024-05-03,729.8862397472368,0.9607353903282551,15,1.0,0.982814731335456
2024-05-06,721.6568468265352,0.9602784539052373,15,1.0,0.9990328816327547
2024-05-07,704.6160457203933,0.9593083995036211,15,1.0,0.9621378304556222
2024-05-08,712.8812088443732,0.9597708780328067,15,1.0,0.9729560810822003
2024-05-09,695.7587352493821,0.9587713159150226,15,1.0,0.9369153033688334
2024-05-10,698.725415629249,0.9589368727928309,15,1.0,0.9639546109715346
2024-05-13,690.081058931767,0.9584128772738421,15,1.0,0.9759484124070653
2024-05-14,708.9138588318817,0.9595083070679511,15,1.0,0.9142048327401588
2024-05-15,713.6451218985184,0.9597674536837798,15,1.0,0.9368646414138782
2024-05-16,720.3899750986566,0.9601349254140974,15,1.0,0.9546390378996983
2024-05-17,726.801178629752,0.9604774426123551,15,1.0,0.973845304656884
2024-05-21,729.523322225402,0.9606158115089316,15,1.0,1.0
2024-05-22,720.146767576357,0.9600937897654144,15,1.0,1.0
2024-05-23,727.1820662214411,0.9604707329100779,15,1.0,1.0
2024-05-24,723.6440759910664,0.9602682832327999,15,1.0,1.0
2024-05-27,727.998534636067,0.9604968018678736,15,1.0,1.0
2024-05-28,712.3281518566519,0.959618441721964,15,1.0,1.0
2024-05-29,712.3193805498439,0.9596086060207115,15,1.0,1.0
2024-05-30,701.012723208388,0.9589476406262227,15,1.0,1.0
2024-05-31,714.5251066536206,0.9597146678133405,15,1.0,1.0
2024-06-03,735.983384800907,1.0,15,1.0,0.9395419060659819
2024-06-04,670.0273101382435,1.0,15,1.0,0.5972802704408738
2024-06-05,692.9144235041152,0.47782421635269917,12,1.0,0.5810603556823396
2024-06-06,700.7250916524088,0.4835252669971508,12,1.0,0.584983065230518
2024-06-07,703.7530812375456,0.4856285448039557,12,1.0,0.6012841080898058
2024-06-10,703.2319959780161,0.4851283647574289,12,1.0,0.6201429377878863
2024-06-11,708.3860382593341,0.48875624482707036,12,1.0,0.6323974802548208
2024-06-12,710.895505563967,0.4904431306328288,12,1.0,0.6504625702974798
2024-06-13,709.5216518153483,0.6504625702974798,12,1.0,0.670568256228457
2024-06-14,712.7544346943358,0.6519674742580084,12,1.0,0.6896441403799674
2024-06-18,717.9700440265915,0.6544158170467451,12,1.0,0.7053913595813434
2024-06-19,714.7419492221214,0.6527747259061956,12,1.0,0.7255646189198606
2024-06-20,715.2396630823623,0.6529361087174423,12,1.0,0.7482958953247761
2024-06-21,716.9577801867064,0.6536877452947805,12,1.0,0.7708559563492423
2024-06-24,719.0797900933181,0.6546298661187749,12,1.0,0.7935823865698093
2024-06-25,717.7756173246938,0.6539223280241272,12,1.0,0.8180439535603559
2024-06-26,717.6540150669941,0.8180439535603561,12,1.0,0.8437052232674463
2024-06-27,718.530576303059,0.8182239018018533,12,1.0,0.8699826316707345
2024-06-28,726.0829491779242,0.8200730522168824,12,1.0,0.8824561362617521
2024-07-01,725.2824752456735,0.8824561362617521,15,1.0,0.9101813724962583
2024-07-02,723.0581987139715,0.8820672810935071,15,1.0,0.9376625874687692
2024-07-03,733.4830265338175,0.8837165474379214,15,1.0,0.9363697939351961
2024-07-04,747.8828170423935,0.8859291044583122,15,1.0,0.910607382048014
2024-07-05,758.9810408331497,0.8875711162072665,15,1.0,0.9101299242131733
2024-07-08,763.8023612261612,0.8882549613928554,15,1.0,0.9326804337683994
2024-07-09,763.9148137719116,0.836596264717282,14,1.0,0.9619382995537876
2024-07-10,761.3184344689273,0.8360010807424452,14,1.0,0.990434894225272
2024-07-11,768.3487070190869,0.9904348942252719,14,1.0,1.0
2024-07-12,771.8910606325708,0.990476588495002,14,1.0,1.0
2024-07-15,782.9199232921923,0.9906085719182349,14,1.0,1.0
2024-07-16,781.1845601767428,0.9905855327058959,14,1.0,1.0
2024-07-18,762.8843667250228,0.9903574675985394,14,1.0,1.0
2024-07-19,742.5421626793476,0.9900910160794993,14,1.0,0.9665225662555558
2024-07-22,749.4508590067128,0.9901800901542808,14,1.0,0.9848331764337449
2024-07-23,738.3026000013176,0.9900295058128341,14,1.0,0.9917406819547667
2024-07-24,756.9873243967567,0.9902733588127628,14,1.0,0.9416399937437935
2024-07-25,751.9975243366973,0.9902065544778698,14,1.0,0.9672097822084154
2024-07-26,761.4248871768268,0.9903255724827849,14,1.0,0.9780639544662265
2024-07-29,773.7564340792135,0.9904775546366387,14,1.0,0.9745064924692775
2024-07-30,783.3379473767957,0.9905918546727421,14,1.0,0.9856288359018803
2024-07-31,789.4964522950147,0.9906630846749424,14,1.0,1.0
2024-08-01,777.034832904889,1.0,15,1.0,1.0
2024-08-02,782.6913007101492,1.0,15,1.0,1.0
2024-08-05,747.82133721526,0.9999999999999999,15,1.0,0.8604804441934727
2024-08-06,730.9328012965343,0.9999999999999998,15,1.0,0.8482197071222242
2024-08-07,757.9317087846811,0.8482197071222243,15,1.0,0.7786188524923161
2024-08-08,758.4206657716452,0.8482824835616593,15,1.0,0.8029826670763519
2024-08-09,774.8351135915751,0.851462192348732,15,1.0,0.7843290723957453
2024-08-12,782.1361615046842,0.8528147269986499,15,1.0,0.8007504310991864
2024-08-13,772.4004242841738,0.8509250611713929,15,1.0,0.8126494939360439
2024-08-14,768.5126039516485,0.8501362591693308,15,1.0,0.8360144530085297
2024-08-16,776.9952291701583,0.8517380760666574,15,1.0,0.8491897157098258
2024-08-19,776.9718820890128,0.8516993339923371,15,1.0,0.8758654878000496
2024-08-20,774.1539266177273,0.8511250930853402,15,1.0,0.9019239444215457
2024-08-21,778.313359590914,0.8049956567781644,14,1.0,0.9256277106695326
2024-08-22,784.0999098454458,0.8063899997435997,14,1.0,0.9445515937263913
2024-08-23,788.272951172515,0.8073704167124722,14,1.0,0.9689354279651717
2024-08-26,784.6993120241201,0.9689354279651718,14,1.0,0.9967153453529999
2024-08-27,784.4752566039251,0.9689193697420491,14,1.0,1.0
2024-08-28,788.6559299219393,0.9690769791130738,14,1.0,1.0
2024-08-29,783.5185987132054,0.968867026852858,14,1.0,1.0
2024-08-30,786.8137819842634,0.9689902425995405,14,1.0,1.0
2024-09-02,777.2368295948381,1.0,15,1.0,1.0
2024-09-03,785.9934214452661,1.0,15,1.0,1.0
2024-09-04,779.8114790103886,1.0,15,1.0,1.0
2024-09-05,774.3846413175039,1.0000000000000002,15,1.0,1.0
2024-09-06,758.8394858337716,1.0,15,1.0,1.0
2024-09-09,755.6012427588087,0.9367916420267456,14,1.0,1.0
2024-09-10,762.2761060828956,0.9373306362996354,14,1.0,1.0
2024-09-11,764.0332781197052,0.9374603081441879,14,1.0,1.0
2024-09-12,773.2059783292783,0.9381879383703762,14,1.0,1.0
2024-09-13,780.8397837690142,0.938778083625398,14,1.0,1.0
2024-09-16,787.9220557054057,0.9393143490368056,14,1.0,1.0
2024-09-17,783.3140185890396,0.9389432345201236,14,1.0,1.0
2024-09-18,774.4745400752023,0.8788227606861709,13,1.0,1.0
2024-09-19,767.872882416878,0.8777526963332625,13,1.0,1.0
2024-09-20,789.9180312844697,0.8811369110671927,13,1.0,1.0
2024-09-23,796.4210306425873,0.8820801983163075,13,1.0,1.0
2024-09-24,796.1088844244795,0.8820066832101199,13,1.0,1.0
2024-09-25,785.2027847079509,0.8803401459338673,13,1.0,1.0
2024-09-26,781.0055086081926,0.8796692501532406,13,1.0,1.0
2024-09-27,783.0510495506317,0.8799558324854573,13,1.0,1.0
2024-09-30,778.5904747175242,0.8792401752615694,13,1.0,1.0
2024-10-01,776.2159714298274,1.0,15,1.0,1.0
2024-10-03,753.0880806789925,1.0,15,1.0,1.0
2024-10-04,747.1044061320754,0.9349043826847103,14,1.0,1.0
2024-10-07,724.3543439379063,0.9328443744688174,14,1.0,1.0
2024-10-08,756.3032569068147,0.8698415656961134,13,1.0,0.8279250907273845
2024-10-09,765.088451055755,0.8713063672962669,13,1.0,0.8403316360935091
2024-10-10,759.2311999023547,0.8702835424688435,13,1.0,0.8609389694399157
2024-10-11,759.6387840985718,0.8703231606673307,13,1.0,0.8879408725307464
2024-10-14,767.9680994154843,0.8716999615529548,13,1.0,0.900499866094334
2024-10-15,768.0657954736881,0.8716866150601219,13,1.0,0.9287688212172459
2024-10-16,764.1687016163885,0.8710024206342166,13,1.0,0.9552594799245447
2024-10-17,750.1714193003587,0.8685650957486455,13,1.0,0.9434810334908937
2024-10-18,746.996587968769,0.8679759567043378,13,1.0,0.9710359016958778
2024-10-21,736.5848583449568,0.8660788159967907,13,1.0,0.9737867272188867
2024-10-22,714.9040663676902,0.8619854988369945,13,1.0,0.8880384846314735
2024-10-23,718.6404548482353,0.40986391598375693,12,1.0,0.9097710813767521
2024-10-24,714.4312543769653,0.3781873441399728,11,1.0,0.9196782957946346
2024-10-25,707.3383905095246,0.37180685529449997,11,1.0,0.8859658596341904
2024-10-28,712.0703750599515,0.3421422562331716,10,1.0,0.8840142778737794
2024-10-29,713.6772709755239,0.34347168169888587,10,1.0,0.9075678610525012
2024-10-30,713.142007581645,0.3428269730640508,10,1.0,0.9356632212227157
2024-10-31,710.9872051487358,0.3406828327510787,10,1.0,0.9571431022027818
2024-11-01,712.2033035711187,0.4785715511013909,15,1.0,0.9798310815536336
2024-11-04,705.2834862092268,0.47333384404407985,15,1.0,0.9630671865349709
2024-11-05,708.1166752587462,0.4753197403177173,15,1.0,0.9847278851542781
2024-11-06,718.7467421320933,0.482960078064356,15,1.0,0.9062777750202693
2024-11-07,713.73753049868,0.479210939859114,15,1.0,0.9165770514055841
2024-11-08,706.3630273377743,0.4736521569898828,15,1.0,0.9027100718415304
2024-11-11,702.5828712924099,0.4441462101563266,14,1.0,0.9197740248169038
2024-11-12,695.824453708701,0.4386175112950841,14,1.0,0.9039790277700375
2024-11-13,684.5143825963274,0.42920995353639146,14,1.0,0.820988837210979
2024-11-14,686.0633903089083,0.4303669961411118,14,0.911708434079799,0.8448038038175322
2024-11-18,686.0004884057151,0.43018302323028745,14,0.8277216610549945,0.8713476670662068
2024-11-19,692.3660586771325,0.43529132476702276,14,0.7671156004489339,0.8591337983457874
2024-11-21,690.6167228659638,0.43372999359318776,14,0.0,0.8832655852380898
2024-11-22,690.8712975087017,0.0,0,0.7334455667789002,0.9095995676687928
2024-11-25,690.3395397348488,0.33357088522534006,15,0.7828282828282831,0.9067162457015646
2024-11-26,690.5875235117073,0.33365613583608594,15,0.8434343434343438,0.9350414593202725
2024-11-27,694.9858871102404,0.3377201138891539,15,0.904040404040404,0.9265982624816642
2024-11-28,694.5672555085314,0.33716769639598254,15,0.9781144781144778,0.9554350207362622
2024-11-29,697.8564109769148,0.34013921609014636,15,1.0,0.962892173931801
2024-12-02,702.6167400957718,0.4814460869659005,15,1.0,0.9398290361565472
2024-12-03,704.0015538452755,0.48234643292337676,15,1.0,0.9673133565578923
2024-12-04,706.0716455412025,0.4837447545199298,15,1.0,0.9928992357743529
2024-12-05,706.9392556091584,0.48425910371894915,15,1.0,1.0
2024-12-06,698.5537648739686,0.4779474140089976,15,1.0,1.0
2024-12-09,702.5767548913656,0.4641133972637037,14,1.0,1.0
2024-12-10,701.4531189410745,0.4631308535090256,14,1.0,1.0
2024-12-11,706.6365159611659,0.4669457127890928,14,1.0,1.0
2024-12-12,704.419249078337,0.46514418504535066,14,1.0,1.0
2024-12-13,706.2509507882493,0.46640799780679365,14,1.0,1.0
2024-12-16,716.8856141773128,0.47420202202080974,14,1.0,1.0
2024-12-17,718.3227316521874,0.4751326146152348,14,1.0,1.0
2024-12-18,711.6961473219732,0.4701230809673241,14,1.0,1.0
2024-12-19,711.9296906655679,0.47017440802921473,14,1.0,1.0
2024-12-20,704.8715126359697,0.4647452887935798,14,1.0,1.0
2024-12-23,705.2862490366001,0.46493633364333364,14,0.9657903839501901,1.0
2024-12-24,708.9019896168727,0.4675423115574511,14,0.9001996703118108,1.0
2024-12-26,711.782433973057,0.4695744298146936,14,0.8344400331236023,1.0
2024-12-27,712.8587930804947,0.47025285245313736,14,0.7868209855045545,1.0
2024-12-30,711.6497318176337,0.46923012208015813,14,0.7686803959353935,1.0
2024-12-31,711.0843445192468,0.4686852643767997,14,0.7550749537585228,1.0
2025-01-01,717.4437462464383,0.3775374768792614,15,0.7482490151919701,1.0
2025-01-02,720.2579477866269,0.3798261871965426,15,0.7629921137965996,1.0
2025-01-03,718.4109583380057,0.3780879737807675,15,0.7913716112155899,1.0
2025-01-06,710.6785892842148,0.3711760246313738,15,0.7696864866538197,1.0
2025-01-07,718.0972464453291,0.37752848546075946,15,0.7548350398179751,0.9914936646284844
2025-01-08,717.1456357282966,0.37655836267592974,15,0.7275312855517634,1.0
2025-01-09,712.5088186343476,0.3723560602987736,15,0.0,1.0
2025-01-10,704.0441499218136,0.0,0,0.0,0.94820687351437
2025-01-13,704.2069619342872,0.0,0,0.0,0.8375700846564625
2025-01-14,704.3698115974555,0.0,0,0.0,0.8283889409626416
2025-01-15,704.5326989200255,0.0,0,0.0,0.8535498367540569
2025-01-16,704.6956239107059,0.0,0,0.0,0.86116598259496
2025-01-17,704.8585865782076,0.0,0,0.0,0.88689759500817
2025-01-20,705.0215869312434,0.0,0,0.0,0.9100400770562148
2025-01-21,705.1846249785283,0.0,0,0.0,0.9013970004003337
2025-01-22,705.347700728779,0.0,0,0.0,0.9121433668432806
2025-01-23,705.5108141907147,0.0,0,0.0,0.930485994332083
2025-01-24,705.6739653730559,0.0,0,0.0,0.9256968211953
2025-01-27,705.8371542845259,0.0,0,0.0,0.8631183952160069
2025-01-28,706.0003809338496,0.0,0,0.0,0.8855120708294283
2025-01-29,706.1636453297539,0.0,0,0.0,0.8530943566920732
2025-01-30,706.3269474809678,0.0,0,0.0,0.8798010136473448
2025-01-31,706.4902873962222,0.0,0,0.0,0.8672308467547386
2025-02-01,706.6536650842504,0.0,0,0.0,0.8944289904849652
2025-02-03,706.8170805537873,0.0,0,0.0,0.8993050758502196
2025-02-04,706.9805338135699,0.0,0,0.0,0.9088355095872653
2025-02-05,707.1440248723374,0.0,0,0.0,0.9271877736551489
2025-02-06,707.3075537388308,0.0,0,0.0,0.9527091005135886
2025-02-07,707.4711204217934,0.0,0,0.0,0.9823703473045878
2025-02-10,707.6347249299704,0.0,0,0.0,0.9679965230786103
2025-02-11,707.7983672721087,0.0,0,0.0,0.9052717696623734
2025-02-12,707.9620474569577,0.0,0,0.0,0.9336852198234012
2025-02-13,708.1257654932687,0.0,0,0.0,0.9630153690913444
2025-02-14,708.2895213897947,0.0,0,0.0,0.9071043179802277
2025-02-17,708.4533151552911,0.0,0,0.0,0.9355804939991315
2025-02-18,708.6171467985151,0.0,0,0.0,0.9575234245504273
2025-02-19,708.7810163282262,0.0,0,0.0,0.950921766117462
2025-02-20,708.9449237531857,0.0,0,0.0,0.961303547984497
2025-02-21,709.1088690821568,0.0,0,0.0,0.9798859492273698
2025-02-24,709.2728523239051,0.0,0,0.0,0.9971662449332548
2025-02-25,709.436873487198,0.0,0,0.0,1.0
2025-02-27,709.6009325808049,0.0,0,0.0,1.0
2025-02-28,709.7650296134972,0.0,0,0.0,0.9709965442660727
2025-03-03,709.9291645940485,0.0,0,0.0,1.0
2025-03-04,710.0933375312344,0.0,0,0.0,1.0
2025-03-05,710.2575484338324,0.0,0,0.0,0.9676035090564037
2025-03-06,710.4217973106222,0.0,0,0.0,0.9849060411515914
2025-03-07,710.5860841703852,0.0,0,0.0,1.0
2025-03-10,710.7504090219053,0.0,0,0.0,1.0
2025-03-11,710.914771873968,0.0,0,0.0,1.0
2025-03-12,711.0791727353611,0.0,0,0.0,1.0
2025-03-13,711.2436116148745,0.0,0,0.0,1.0
2025-03-17,711.4080885212998,0.0,0,0.0,1.0
2025-03-18,711.5726034634308,0.0,0,0.0,1.0
2025-03-19,711.7371564500635,0.0,0,0.0,0.9035577255040171
2025-03-20,711.9017474899957,0.0,0,0.0,0.9284813825466076
2025-03-21,712.0663765920274,0.0,0,0.0,0.9247176873211254
2025-03-24,712.2310437649604,0.0,0,0.0,0.934585381407342
2025-03-25,712.3957490175989,0.0,0,0.0,0.9459052021533924
2025-03-26,712.5604923587488,0.0,0,0.0,0.9670351701538602
2025-03-27,712.7252737972182,0.0,0,0.0,0.9820371387235324
2025-03-28,712.8900933418171,0.0,0,0.0,1.0
2025-04-01,713.0549510013577,0.0,0,0.0,1.0
2025-04-02,713.2198467846544,0.0,0,0.0,1.0
2025-04-03,713.384780700523,0.0,0,0.0,1.0
2025-04-04,713.5497527577821,0.0,0,0.0,0.9728209644936915
2025-04-07,713.7147629652519,0.0,0,0.0,0.8577474383881112
2025-04-08,713.8798113317547,0.0,0,0.0,0.8480793106292467
2025-04-09,714.0448978661149,0.0,0,0.0,0.8676412802006287
2025-04-11,714.2100225771588,0.0,0,0.0,0.8552289944467676
2025-04-15,714.3751854737151,0.0,0,0.0,0.8022443516747573
2025-04-16,714.5403865646141,0.0,0,0.0,0.8223614846020486
2025-04-17,714.7056258586883,0.0,0,0.0,0.8443240619897809
2025-04-21,714.8709033647725,0.0,0,0.0,0.8398913100535379
2025-04-22,715.0362190917032,0.0,0,0.0,0.864162237846414
2025-04-23,715.201573048319,0.0,0,0.4752069543290367,0.8852282994898816
2025-04-24,714.9155687126217,0.21033332204322946,15,0.5254815109739711,0.912825879959307
2025-04-25,713.1663385333477,0.20821339408209527,15,0.5310472967368405,0.9275225981084637
2025-04-28,711.2683670179139,0.20591697381652857,15,0.527289769239702,0.9384333526971131
2025-04-29,710.2104225505923,0.2045501836669596,15,0.5188457008244994,0.9615525581872062
2025-04-30,708.445179820965,0.2023837421145852,15,0.48822143698468795,0.9732692146755932
2025-05-02,708.309730119675,0.23758544728093842,15,0.443462897526502,1.0
2025-05-05,709.7053192858698,0.23890872209787542,15,0.45759717314487647,1.0
2025-05-06,706.8716403394014,0.23568097975662386,15,0.4293286219081275,1.0
2025-05-07,707.964930400658,0.23668481805297076,15,0.41664592975994985,1.0
2025-05-08,707.6105428609515,0.2361259253613502,15,0.38755619701720345,1.0
2025-05-09,705.416134233053,0.2335724684108144,15,0.36795567278820157,1.0
2025-05-12,712.6748175473853,0.24120319679387472,15,0.39285655037409395,0.8886287232256279
2025-05-13,714.8883631749242,0.24337776800835192,15,0.443661971830986,0.9017811423029615
2025-05-14,715.7449479859116,0.24410851225432978,15,0.5012437196277079,0.9277998943622991
2025-05-15,717.6820298389273,0.24597439448726582,15,0.5986739148340334,0.9442513596264017
2025-05-16,719.0356428556815,0.2472198353986771,15,0.7265793591961125,0.9673277894666263
2025-05-19,720.8029429070549,0.2488918832554509,15,0.7934107569392966,0.9859762485365593
2025-05-20,722.7755656665853,0.2507686105224689,15,0.8251461988304094,1.0
2025-05-21,722.2187574864853,0.41257309941520465,15,0.8485380116959065,1.0
2025-05-22,720.888335954085,0.4113528903756382,15,0.8485380116959065,1.0
2025-05-23,721.6943812161805,0.41187436382587045,15,0.8485380116959065,1.0
2025-05-26,722.1445526669802,0.4121050696067023,15,0.843859649122807,1.0
2025-05-27,721.9184488427718,0.41178494696843887,15,0.8812865497076022,1.0
2025-05-28,720.6982753475763,0.4106528167895966,15,0.8894327894327894,1.0
2025-05-29,718.5223872889372,0.40873140684899273,15,0.9209135893346423,1.0
2025-05-30,720.4354860771641,0.41016513682991923,15,0.9162107753892093,1.0
2025-06-02,718.1867566325927,0.4581053876946046,15,0.9114590586991103,1.0
2025-06-03,714.6397767956898,0.4552898594309833,15,0.895027736491151,1.0
2025-06-04,712.2919103789114,0.4533679975302259,15,0.8984714472519353,1.0
2025-06-05,713.1063018162412,0.453866004019663,15,0.9181184668989545,1.0
2025-06-06,710.5455739103412,0.451771047275266,15,0.9692218350754935,1.0
2025-06-09,714.0692233831952,0.4543501867964388,15,1.0,1.0
2025-06-10,713.7055314345598,0.45394588590716634,15,1.0,1.0
2025-06-11,714.2477012260663,0.4542342030708155,15,1.0,1.0
2025-06-12,710.8423235011647,0.45149283042216354,15,1.0,1.0
2025-06-13,710.0794094702994,0.4507765307091206,15,1.0,1.0
2025-06-16,710.0014377363955,0.4505891921887199,15,1.0,1.0
2025-06-17,711.0316125865735,0.4512583349098961,15,1.0,1.0
2025-06-18,708.3720232914098,0.44907070491238504,15,1.0,1.0
2025-06-19,702.6573474595089,0.42654291492994845,14,1.0,1.0
2025-06-20,704.2146120222424,0.4276787087486257,14,1.0,1.0
2025-06-23,704.2382105940574,0.4275655405397617,14,1.0,1.0
2025-06-24,707.6305535948466,0.4301780183744993,14,1.0,1.0
2025-06-25,709.6759204640457,0.43168891724767855,14,1.0,1.0
2025-06-26,708.8698495192118,0.43091110582108794,14,1.0,1.0
2025-06-27,713.7853367578805,0.4346994431149458,14,1.0,1.0
2025-06-30,717.7352319196843,0.43768044039645204,14,1.0,1.0
2025-07-01,712.744701624962,0.5,15,1.0,1.0
2025-07-02,713.2079458892822,0.5002092098305314,15,1.0,1.0
2025-07-03,715.8590526586418,0.5019449812310742,15,1.0,1.0
2025-07-04,714.9672947740783,0.5012084515564478,15,1.0,1.0
2025-07-07,710.6356365790066,0.4980520327268113,15,1.0,1.0
2025-07-08,708.5070191753175,0.4964275697013083,15,1.0,1.0
2025-07-09,712.3187763240329,0.4990064550535463,15,1.0,1.0
2025-07-10,708.105495514986,0.4959089604923417,15,1.0,1.0
2025-07-11,704.7414558944641,0.49338558439240277,15,1.0,1.0
2025-07-14,704.2549868982517,0.49291840017873445,15,1.0,1.0
2025-07-15,709.2951483090588,0.49640522709150875,15,1.0,1.0
2025-07-16,708.7234093031717,0.49588241725203397,15,1.0,1.0
2025-07-17,707.1413429764752,0.4946377306554593,15,1.0,1.0
2025-07-18,704.5527883035846,0.4926637140983544,15,1.0,1.0
2025-07-21,708.4974313878336,0.4953716991523255,15,1.0,1.0
2025-07-22,708.8046917349257,0.49547380490269066,15,1.0,1.0
2025-07-23,709.6313068291842,0.49594496593146065,15,1.0,1.0
2025-07-24,708.0535752315677,0.49470497356245224,15,1.0,1.0
2025-07-25,702.0616788752061,0.49027457645352734,15,1.0,1.0
2025-07-28,697.6619631612724,0.48694143975382764,15,1.0,1.0
2025-07-29,705.9929272964351,0.49287846465518964,15,1.0,1.0
2025-07-30,706.1044893106405,0.49284133344093795,15,1.0,1.0
2025-07-31,707.0205494192492,0.49338131019288467,15,1.0,1.0
2025-08-01,701.8449355668854,0.5,15,1.0,1.0
2025-08-04,709.2189349424431,0.5050842522539394,15,1.0,1.0
2025-08-05,710.2556383192658,0.5056923577272714,15,1.0,1.0
2025-08-06,706.5423921453071,0.5029796044099581,15,1.0,1.0
2025-08-07,700.7576821870691,0.4987608467154284,15,1.0,1.0
2025-08-08,697.7852973474787,0.49650929100383606,15,1.0,1.0
2025-08-11,704.9850440288498,0.5015360075219066,15,1.0,1.0
2025-08-12,700.913442536947,0.49852449284553035,15,1.0,1.0
2025-08-13,704.3324624910864,0.5008433858061986,15,1.0,1.0
2025-08-14,701.2038580514329,0.4758398223319219,14,1.0,1.0
2025-08-18,709.1452611426115,0.4815898035933612,14,1.0,1.0
2025-08-19,709.2421904605712,0.4815407853580066,14,1.0,1.0
2025-08-20,707.2076612107653,0.4799290168395919,14,1.0,1.0
2025-08-21,705.0521009552517,0.4782183650856522,14,1.0,1.0
2025-08-22,706.6444417480469,0.4792737476760412,14,1.0,1.0
2025-08-25,705.2196774425572,0.4781010552256577,14,1.0,1.0
2025-08-26,701.0299963624037,0.4748605327958997,14,1.0,1.0
2025-08-28,696.6818561605916,0.4714608274883717,14,1.0,1.0
2025-08-29,696.5619424978005,0.47124759199357913,14,1.0,1.0
2025-09-01,701.3517319678832,0.5,15,1.0,1.0
2025-09-02,701.2701387302584,0.4998261849406609,15,1.0,1.0
2025-09-03,697.7676457110334,0.49719928076671416,15,1.0,1.0
2025-09-04,692.4191679854509,0.49319830739924214,15,1.0,1.0
2025-09-05,693.42777613179,0.4938184344917763,15,1.0,1.0
2025-09-08,696.0747274757589,0.49562667173128905,15,1.0,1.0
2025-09-09,701.1656848586729,0.4991729870614216,15,1.0,1.0
2025-09-10,702.0712716246386,0.49970332500977194,15,1.0,1.0
2025-09-11,699.8070911086886,0.49796857831216257,15,1.0,1.0
2025-09-12,697.3396906706379,0.49607573124245263,15,1.0,1.0
2025-09-15,700.2137485531008,0.4710071775959298,14,1.0,1.0
2025-09-16,700.5235454531173,0.4711188405480718,14,1.0,1.0
2025-09-17,702.3387571232416,0.472363757799055,14,1.0,1.0
2025-09-18,699.6773352337522,0.4702342618145644,14,1.0,1.0
2025-09-19,700.0098813082219,0.4703634803729724,14,1.0,1.0
2025-09-22,696.9960983057161,0.46795034403595664,14,1.0,1.0
2025-09-23,698.5992026405899,0.4690485047678979,14,1.0,1.0
2025-09-24,700.471301483173,0.4703450845822709,14,1.0,1.0
2025-09-25,698.2392356368865,0.4388061802584602,13,1.0,1.0
2025-09-26,692.0005997753844,0.43361586736259067,13,1.0,1.0
2025-09-29,689.8701603732784,0.43173539209288064,13,1.0,1.0
2025-09-30,685.6155477777652,0.42807677695575247,13,1.0,1.0
2025-10-01,689.7322380937956,0.5,15,1.0,1.0
2025-10-03,692.225550981562,0.5016857298450206,15,1.0,1.0
2025-10-06,694.96266558867,0.5035335609812628,15,1.0,1.0
2025-10-07,693.5552666673877,0.5024110629903422,15,1.0,1.0
2025-10-08,692.6713745964843,0.5016608927812913,15,1.0,1.0
2025-10-09,693.847125875362,0.5023903011111674,15,1.0,1.0
2025-10-10,694.5955022892359,0.5028114900361134,15,1.0,1.0
2025-10-13,696.3843128540527,0.5039739432265535,15,1.0,1.0
2025-10-14,694.4744991863307,0.502494842546367,15,1.0,1.0
2025-10-15,698.6963905209857,0.505386676405432,15,1.0,1.0
2025-10-16,697.834456053407,0.5046612298786335,15,1.0,1.0
2025-10-17,696.8445036429506,0.5038428297932915,15,1.0,1.0
2025-10-20,697.060662228323,0.5038819861485121,15,1.0,1.0
2025-10-21,699.6221069523073,0.5055840565811858,15,1.0,1.0
2025-10-23,691.8277201049029,0.4998981606957096,15,1.0,1.0
2025-10-24,689.1668777585944,0.49785119361723984,15,1.0,1.0
2025-10-27,692.6750171931855,0.5002788541025285,15,1.0,1.0
2025-10-28,701.0932790455521,0.5061649990915228,15,1.0,1.0
2025-10-29,697.8736266622874,0.5037719550604998,15,1.0,1.0
2025-10-30,696.8268358834372,0.5029115824325305,15,1.0,1.0
2025-10-31,696.5842998278144,0.5026235136688453,15,1.0,1.0
2025-11-03,699.0925512431816,0.5,15,1.0,1.0
2025-11-04,696.504184517506,0.49802583119426597,15,1.0,1.0
2025-11-06,690.631701476176,0.49364044466875473,15,1.0,1.0
2025-11-07,696.4924776374853,0.4977851974724196,15,1.0,1.0
2025-11-10,699.3996275274114,0.49975706604440034,15,1.0,1.0
2025-11-11,698.0195441325695,0.4986521038093857,15,1.0,1.0
2025-11-12,701.8088623969552,0.5012437492815736,15,1.0,1.0
2025-11-13,703.186657475079,0.5021058791401734,15,1.0,1.0
2025-11-14,704.2632321946712,0.5027520236355904,15,1.0,1.0
2025-11-17,706.1009542574959,0.5039314873310666,15,1.0,1.0
2025-11-18,702.9393137091952,0.5015850654483363,15,1.0,1.0
2025-11-19,705.8715803010952,0.47629313270188267,14,1.0,1.0
2025-11-20,706.1448061313012,0.47637470684452293,14,1.0,1.0
2025-11-21,701.0883540141454,0.47247620665964213,14,1.0,1.0
2025-11-24,704.0302113518313,0.47455903363119756,14,1.0,1.0
2025-11-25,707.0123525708365,0.47665431916768747,14,1.0,1.0
2025-11-26,710.973434864431,0.47944971069989906,14,1.0,1.0
2025-11-27,709.7832309104655,0.4784562426105139,14,1.0,1.0
2025-11-28,710.6160705224626,0.47894702313927884,14,1.0,1.0
2025-12-01,708.097453819454,0.5,15,1.0,1.0
2025-12-02,706.0161032184001,0.4984100221367483,15,1.0,1.0
2025-12-03,705.1908982096725,0.4977069385153675,15,1.0,1.0
2025-12-04,703.466442707481,0.49635919181054233,15,1.0,1.0
2025-12-05,701.510475041879,0.49483813594199966,15,1.0,1.0
2025-12-08,691.2044712226145,0.48718750467965877,15,1.0,1.0
2025-12-09,693.1803965016454,0.48853103630646383,15,1.0,1.0
2025-12-10,691.4678934592408,0.48714575073031857,15,1.0,1.0
2025-12-11,688.8642381703603,0.4850883018125604,15,1.0,1.0
2025-12-12,693.7393134407318,0.4885884739551001,15,1.0,1.0
2025-12-15,695.8201871171956,0.489999955778447,15,1.0,1.0
2025-12-16,695.2043574782252,0.48943014152459385,15,1.0,1.0
2025-12-17,694.0410934340347,0.4884561203153458,15,1.0,1.0
2025-12-18,693.156656915221,0.487684966707477,15,1.0,1.0
2025-12-19,698.3817239685865,0.49140035495058476,15,1.0,1.0
2025-12-22,704.2539045970015,0.49552450508823465,15,1.0,1.0
2025-12-23,705.216124824608,0.4960963260811585,15,1.0,1.0
2025-12-24,703.8892174321669,0.49502966440808366,15,1.0,1.0
2025-12-26,703.5928505467467,0.4667076070431439,14,1.0,1.0
2025-12-29,700.7330833029389,0.4644073547697868,14,1.0,1.0
2025-12-30,703.6568572836601,0.4665094603742248,14,1.0,1.0
2025-12-31,710.8935021024491,0.4718180905004017,14,1.0,1.0
2026-01-01,712.4578798575179,0.5,15,1.0,1.0
2026-01-02,703.3791487306232,0.4934292274283066,15,1.0,1.0
2026-01-05,707.853944910319,0.46641836749868526,14,1.0,1.0
2026-01-06,709.7842890430653,0.4394055776141613,13,1.0,1.0
2026-01-07,708.5288426974377,0.4382823885181176,13,1.0,1.0
2026-01-08,702.0520287722129,0.43296913932082515,13,1.0,1.0
2026-01-09,698.5244187256238,0.4299737938199585,13,1.0,1.0
2026-01-12,695.3411162993109,0.427231765104531,13,1.0,1.0
2026-01-13,696.4438377082844,0.3979056672753027,12,1.0,1.0
2026-01-14,697.3929988938992,0.3985860793491579,12,1.0,1.0
2026-01-15,697.4899912724808,0.3985306523001832,12,1.0,1.0
2026-01-16,696.3949094676192,0.3974455310034992,12,1.0,1.0
2026-01-19,694.9960903355927,0.3960931464712253,12,1.0,1.0
2026-01-20,690.0831397282641,0.39165306664639143,12,0.9900796055583071,1.0
2026-01-21,684.3349537803233,0.38640129132412504,12,0.8968953002846849,1.0
2026-01-22,690.2016123945281,0.35899242320976,11,0.8403498144923145,1.0
2026-01-23,686.2425801185304,0.3551452683520888,11,0.7515332778072236,1.0
2026-01-27,686.185534475826,0.32584381485370695,10,0.6829753581854743,1.0
2026-01-28,687.553604237553,0.3270296367672605,10,0.6865929683753564,1.0
2026-01-29,687.8280187718357,0.3271425596886258,10,0.7173258288954512,1.0
2026-01-30,685.8937260265706,0.32508899183138357,10,0.7161480023220009,1.0
2026-02-02,678.957303807901,0.35807400116100047,15,0.0,1.0
2026-02-03,683.9953226370532,0.0,0,0.8144208037825061,1.0
2026-02-04,683.3177150438767,0.40721040189125307,15,0.8593380614657211,1.0
2026-02-05,681.4881166786336,0.4054814812346662,15,0.8794788958717176,1.0
2026-02-06,682.1940080185402,0.4059593098370541,15,0.9067539940940411,1.0
2026-02-09,688.0046151901039,0.410840122681939,15,0.9671933234059377,1.0
2026-02-10,692.9450952833281,0.4149053735388666,15,0.9884699191506188,1.0
2026-02-11,694.2308550228478,0.41585395199747954,15,1.0,1.0
2026-02-12,696.1823328194074,0.4173566728095971,15,1.0,1.0
2026-02-13,691.5811957503423,0.4133446726614636,15,1.0,1.0
2026-02-16,693.0695673782717,0.4144691447783837,15,1.0,1.0
2026-02-17,699.2670232077354,0.4195243755510951,15,0.9914417462346191,1.0
2026-02-18,699.8542768839839,0.4198773337491507,15,0.96894634982791,1.0
2026-02-19,696.3215691101514,0.41679931233649214,15,0.9287072794719685,1.0
2026-02-20,696.907581773126,0.4171549583869816,15,0.9250243131910176,1.0
2026-02-23,694.0922039432791,0.41465549034137145,15,0.9341499393379203,1.0
2026-02-24,695.6419988880576,0.41582449676302735,15,0.921069968660777,1.0
2026-02-25,696.1182963806053,0.4160892012006292,15,0.9185091491985489,1.0
2026-02-26,695.4854169388268,0.41542269894697764,15,0.9497944218098263,1.0
2026-02-27,689.0571618255083,0.40983269650225873,15,0.0,1.0
2026-03-02,680.3274043460771,0.0,0,0.0,1.0
2026-03-04,680.4847318004062,0.0,0,0.0,1.0
2026-03-05,680.6420956371119,0.0,0,0.0,1.0
2026-03-06,680.7994958646078,0.0,0,0.0,1.0
2026-03-09,680.9569324913094,0.0,0,0.0,1.0
2026-03-10,681.1144055256341,0.0,0,0.0,1.0
2026-03-11,681.2719149760012,0.0,0,0.0,1.0
2026-03-12,681.429460850832,0.0,0,0.0,1.0
2026-03-13,681.5870431585498,0.0,0,0.0,0.9987010352824094
2026-03-16,681.7446619075797,0.0,0,0.0,1.0
2026-03-17,681.902317106349,0.0,0,0.0,1.0
2026-03-18,682.0600087632866,0.0,0,0.0,1.0
2026-03-19,682.2177368868238,0.0,0,0.0,0.9455468257985182
2026-03-20,682.3755014853933,0.0,0,0.0,0.9673387194876399
2026-03-23,682.5333025674303,0.0,0,0.0,0.8508839648198783
2026-03-24,682.6911401413715,0.0,0,0.0,0.8349008705271355
2026-03-25,682.849014215656,0.0,0,0.0,0.8224116354964044
2026-03-27,683.0069247987243,0.0,0,0.0,0.8229129732899668
2026-03-30,683.1648718990193,0.0,0,0.0,0.7956210783645935
2026-04-01,683.3228555249857,0.0,0,0.0,0.7663470606282023
2026-04-02,683.4808756850701,0.0,0,0.0,0.7902870820484469
2026-04-06,683.6389323877213,0.0,0,0.0,0.8012014365547837
2026-04-07,683.7970256413896,0.0,0,0.0,0.8261865413274977
2026-04-08,683.9551554545277,0.0,0,0.0,0.7450312677458376
2026-04-09,684.11332183559,0.0,0,0.0,0.7681160791557562
2026-04-10,684.2715247930329,0.0,0,0.0,0.7776173122285431
2026-04-13,684.4297643353148,0.0,0,0.0,0.7997068088936848
2026-04-15,684.588040470896,0.0,0,0.0,0.7888097762812187
2026-04-16,684.7463532082389,0.0,0,0.0,0.8088821419966663
2026-04-17,684.9047025558077,0.0,0,0.0,0.819415957736886
2026-04-20,685.0630885220686,0.0,0,0.0,0.844885295445341
2026-04-21,685.2215111154898,0.0,0,0.0,0.8664527267968695
2026-04-22,685.3799703445413,0.0,0,0.0,0.8909314922743256
2026-04-23,685.5384662176954,0.0,0,0.0,0.9161811850010534
2026-04-24,685.696998743426,0.0,0,0.0,0.9352235793430294
2026-04-27,685.8555679302091,0.0,0,0.0,0.9416379332493705
2026-04-28,686.0141737865226,0.0,0,0.0,0.9712165585914396
2026-04-29,686.1728163208466,0.0,0,0.0,1.0
2026-04-30,686.3314955416628,0.0,0,0.0,1.0
2026-05-01,686.4902114574552,0.0,0,0.0,1.0
2026-05-04,686.6489640767095,0.0,0,0.0,1.0
2026-05-05,686.8077534079135,0.0,0,0.0,1.0
2026-05-06,686.966579459557,0.0,0,0.0,1.0
2026-05-07,687.1254422401316,0.0,0,0.0,1.0
2026-05-08,687.2843417581311,0.0,0,0.0,1.0
2026-05-11,687.4432780220509,0.0,0,0.0,1.0
2026-05-12,687.6022510403888,0.0,0,0.0,1.0
2026-05-13,687.7612608216442,0.0,0,0.0,1.0
2026-05-14,687.9203073743187,0.0,0,0.0,1.0
2026-05-15,688.0793907069158,0.0,0,0.0,1.0
2026-05-18,688.2385108279409,0.0,0,0.0,1.0
2026-05-19,688.3976677459015,0.0,0,0.0,1.0
2026-05-20,688.5568614693068,0.0,0,0.0,1.0
2026-05-21,688.7160920066683,0.0,0,0.0,1.0
2026-05-22,688.8753593664993,0.0,0,0.0,1.0
2026-05-25,689.0346635573151,0.0,0,0.0,1.0
2026-05-26,689.1940045876329,0.0,0,0.0,1.0
2026-05-27,689.353382465972,0.0,0,0.0,1.0
2026-05-28,689.5127972008536,0.0,0,0.0,1.0
2026-05-29,689.6722488008008,0.0,0,0.0,1.0
2026-06-01,689.8317372743388,0.0,0,0.0,1.0
2026-06-02,689.9912626299947,0.0,0,0.0,1.0
2026-06-03,690.1508248762976,0.0,0,0.0,1.0
2026-06-04,690.3104240217785,0.0,0,0.0,1.0
2026-06-05,690.4700600749705,0.0,0,0.0,1.0
2026-06-08,690.6297330444087,0.0,0,0.0,1.0
2026-06-09,690.7894429386298,0.0,0,0.0,1.0
2026-06-10,690.9491897661729,0.0,0,0.0,1.0
2026-06-11,691.108973535579,0.0,0,0.0,1.0
2026-06-12,691.268794255391,0.0,0,0.0,1.0
2026-06-15,691.4286519341535,0.0,0,0.0,1.0
2026-06-16,691.5885465804137,0.0,0,0.0,1.0
2026-06-17,691.7484782027202,0.0,0,0.0,1.0
2026-06-18,691.9084468096239,0.0,0,0.0,1.0
2026-06-19,692.0684524096775,0.0,0,0.0,1.0
2026-06-22,692.2284950114359,0.0,0,0.0,1.0
2026-06-23,692.3885746234558,0.0,0,0.0,1.0
2026-06-24,692.5486912542959,0.0,0,0.0,1.0
2026-06-25,692.7088449125168,0.0,0,0.0,1.0
2026-06-26,692.8690356066813,0.0,0,0.0,1.0
2026-06-29,693.029263345354,0.0,0,0.0,1.0
2026-06-30,693.1895281371015,0.0,0,0.0,1.0
2026-07-01,693.3498299904926,0.0,0,0.0,1.0
2026-07-02,693.5101689140977,0.0,0,0.0,1.0
2026-07-03,693.6705449164895,0.0,0,0.0,1.0
2026-07-06,693.8309580062424,0.0,0,0.0,1.0
2026-07-07,693.9914081919331,0.0,0,0.0,1.0
2026-07-08,694.1518954821402,0.0,0,0.0,1.0
2026-07-09,694.312419885444,0.0,0,0.0,1.0
2026-07-10,694.4729814104271,0.0,0,0.0,1.0
2026-07-13,694.6335800656741,0.0,0,0.0,1.0
2026-07-14,694.7942158597713,0.0,0,0.0,1.0
2026-07-15,694.9548888013072,0.0,0,0.0,1.0
2026-07-16,695.1155988988723,0.0,0,0.0,1.0
2026-07-17,695.276346161059,0.0,0,0.0,1.0
2026-07-20,695.4371305964617,0.0,0,0.0,1.0
2026-07-21,695.5979522136768,0.0,0,0.0,1.0
2026-07-22,695.7588110213026,0.0,0,0.0,1.0
2026-07-23,695.9197070279396,0.0,0,0.0,1.0
2026-07-24,696.0806402421902,0.0,0,0.0,1.0
2026-07-27,696.2416106726586,0.0,0,0.0,1.0
2026-07-28,696.4026183279512,0.0,0,0.0,1.0
2026-07-29,696.5636632166764,0.0,0,0.0,1.0
2026-07-30,696.7247453474446,0.0,0,0.0,1.0
2026-07-31,696.8858647288679,0.0,0,0.0,1.0
2026-08-03,697.0470213695608,0.0,0,0.0,1.0
2026-08-04,697.2082152781394,0.0,0,0.0,1.0
2026-08-05,697.3694464632222,0.0,0,0.0,1.0
2026-08-06,697.5307149334294,0.0,0,0.0,1.0
2026-08-07,697.6920206973833,0.0,0,0.0,1.0
2026-08-10,697.8533637637082,0.0,0,0.0,1.0
2026-08-11,698.0147441410303,0.0,0,0.0,1.0
2026-08-12,698.1761618379779,0.0,0,0.0,1.0
2026-08-13,698.3376168631813,0.0,0,0.0,1.0
2026-08-14,698.4991092252727,0.0,0,0.0,1.0
2026-08-17,698.6606389328863,0.0,0,0.0,1.0
2026-08-18,698.8222059946584,0.0,0,0.0,1.0
2026-08-19,698.9838104192272,0.0,0,0.0,1.0
2026-08-20,699.145452215233,0.0,0,0.0,1.0
2026-08-21,699.3071313913181,0.0,0,0.0,1.0
2026-08-24,699.4688479561266,0.0,0,0.0,1.0
2026-08-25,699.6306019183049,0.0,0,0.0,1.0
2026-08-26,699.7923932865011,0.0,0,0.0,1.0
2026-08-27,699.9542220693655,0.0,0,0.0,1.0
2026-08-28,700.1160882755504,0.0,0,0.0,1.0
