is_cagr,is_maxdd,is_sharpe,fw_cagr,fw_maxdd,fw_sharpe,full_cagr,full_maxdd,avg_exposure,turnover_py,label,overrides
0.2614053529396865,-0.3560445069107334,1.5205204141861912,0.1431049503013719,-0.1837036610859773,0.9298428206389744,0.2403614146209949,-0.3560445069107334,0.5975560110922656,4.623824757945871,rand0000,"{""n_stocks"": 30, ""buffer_mult"": 1.0, ""mom_lookbacks"": [63, 126, 252], ""mom_skip"": 21, ""sigma_window"": 63, ""top_turnover"": 200, ""stock_sma"": 150, ""weighting"": ""equal"", ""regime_ma"": 150, ""idx_dd_exit"": 0.15, ""idx_dd_window"": 63, ""breadth_lo"": 0.15, ""breadth_hi"": 0.45, ""vol_target"": 0.0, ""vol_lambda"": 0.92, ""eq_brake_ma"": 100, ""eq_brake_scalar"": 0.7, ""crash_stop"": 0.35, ""use_breadth"": true}"
0.2981560654124975,-0.2955013111468821,1.993246886106228,0.128213920606008,-0.1872151907150773,0.950682166540351,0.2670756804671641,-0.2955013111468821,0.5203910139349195,3.5516857101351507,rand0004,"{""n_stocks"": 20, ""buffer_mult"": 3.0, ""mom_lookbacks"": [252], ""mom_skip"": 10, ""sigma_window"": 252, ""top_turnover"": 300, ""stock_sma"": 100, ""weighting"": ""equal"", ""regime_ma"": 150, ""idx_dd_exit"": 0.1, ""idx_dd_window"": 63, ""breadth_lo"": 0.25, ""breadth_hi"": 0.45, ""vol_target"": 0.18, ""vol_lambda"": 0.94, ""eq_brake_ma"": 100, ""eq_brake_scalar"": 0.7, ""crash_stop"": 0.3, ""use_breadth"": false}"
0.3669652823774683,-0.3625594066603028,1.8764383771088344,0.1968044466350955,-0.3782603789007536,1.1341170617600422,0.3363837503152529,-0.3782603789007535,0.6066059126885835,6.139568702561082,rand0008,"{""n_stocks"": 12, ""buffer_mult"": 1.0, ""mom_lookbacks"": [126, 252], ""mom_skip"": 0, ""sigma_window"": 63, ""top_turnover"": 500, ""stock_sma"": 100, ""weighting"": ""equal"", ""regime_ma"": 200, ""idx_dd_exit"": 0.12, ""idx_dd_window"": 126, ""breadth_lo"": 0.2, ""breadth_hi"": 0.55, ""vol_target"": 0.3, ""vol_lambda"": 0.97, ""eq_brake_ma"": 100, ""eq_brake_scalar"": 0.7, ""crash_stop"": 0.2, ""use_breadth"": false}"
0.257142485475879,-0.278740539501354,1.6415879496972388,0.1242235149537169,-0.163279994493304,0.8949627395907381,0.2335647572147901,-0.278740539501354,0.4907551422910455,4.9399032053945,rand0012,"{""n_stocks"": 20, ""buffer_mult"": 1.5, ""mom_lookbacks"": [63, 126, 252], ""mom_skip"": 42, ""sigma_window"": 252, ""top_turnover"": 150, ""stock_sma"": 100, ""weighting"": ""equal"", ""regime_ma"": 150, ""idx_dd_exit"": 0.08, ""idx_dd_window"": 42, ""breadth_lo"": 0.3, ""breadth_hi"": 0.6, ""vol_target"": 0.25, ""vol_lambda"": 0.92, ""eq_brake_ma"": 200, ""eq_brake_scalar"": 0.3, ""crash_stop"": 0.2, ""use_breadth"": false}"
0.3166373118346668,-0.2125825190005719,1.9505489443930528,0.0997342337826501,-0.2222380331324649,0.761442016658257,0.276228191283127,-0.2222380331324649,0.482444262450192,3.527384182709429,rand0016,"{""n_stocks"": 12, ""buffer_mult"": 2.0, ""mom_lookbacks"": [63, 126, 252], ""mom_skip"": 10, ""sigma_window"": 126, ""top_turnover"": 300, ""stock_sma"": 150, ""weighting"": ""invvol"", ""regime_ma"": 250, ""idx_dd_exit"": 0.15, ""idx_dd_window"": 126, ""breadth_lo"": 0.15, ""breadth_hi"": 0.65, ""vol_target"": 0.22, ""vol_lambda"": 0.9, ""eq_brake_ma"": 100, ""eq_brake_scalar"": 0.5, ""crash_stop"": 0.0, ""use_breadth"": true}"
0.2262866800964285,-0.2433444969670256,1.5510938138186152,0.1163708302967443,-0.1802742681823433,0.9099486345725412,0.2063542034310879,-0.2433444969670256,0.4700069255162266,4.279097959046834,rand0020,"{""n_stocks"": 20, ""buffer_mult"": 1.5, ""mom_lookbacks"": [252], ""mom_skip"": 10, ""sigma_window"": 252, ""top_turnover"": 150, ""stock_sma"": 250, ""weighting"": ""equal"", ""regime_ma"": 300, ""idx_dd_exit"": 0.08, ""idx_dd_window"": 42, ""breadth_lo"": 0.3, ""breadth_hi"": 0.55, ""vol_target"": 0.22, ""vol_lambda"": 0.92, ""eq_brake_ma"": 100, ""eq_brake_scalar"": 0.3, ""crash_stop"": 0.2, ""use_breadth"": false}"
0.3020029474144734,-0.3862881381901849,1.81738245673331,0.1867843178379966,-0.2715718572437469,1.0911488109236536,0.2816838749368644,-0.3862881381901849,0.6720341859108034,5.324357533485588,rand0024,"{""n_stocks"": 25, ""buffer_mult"": 1.0, ""mom_lookbacks"": [252], ""mom_skip"": 21, ""sigma_window"": 63, ""top_turnover"": 500, ""stock_sma"": 200, ""weighting"": ""invvol"", ""regime_ma"": 300, ""idx_dd_exit"": 0.12, ""idx_dd_window"": 126, ""breadth_lo"": 0.2, ""breadth_hi"": 0.65, ""vol_target"": 0.25, ""vol_lambda"": 0.92, ""eq_brake_ma"": 0, ""eq_brake_scalar"": 0.5, ""crash_stop"": 0.35, ""use_breadth"": false}"
0.3329062717686002,-0.2956615870678102,1.6993636635348697,0.1885942259440463,-0.2658032334574991,1.1137031063741218,0.3068101676038359,-0.2956615870678102,0.537564079571337,3.611389974062393,rand0028,"{""n_stocks"": 12, ""buffer_mult"": 1.5, ""mom_lookbacks"": [126, 252], ""mom_skip"": 42, ""sigma_window"": 252, ""top_turnover"": 200, ""stock_sma"": 150, ""weighting"": ""equal"", ""regime_ma"": 300, ""idx_dd_exit"": 0.12, ""idx_dd_window"": 63, ""breadth_lo"": 0.3, ""breadth_hi"": 0.6, ""vol_target"": 0.0, ""vol_lambda"": 0.92, ""eq_brake_ma"": 200, ""eq_brake_scalar"": 0.5, ""crash_stop"": 0.35, ""use_breadth"": true}"
0.2350822202056306,-0.2874378303853272,1.4160777427571694,0.1191157597309107,-0.1901255106177313,0.7809284368275277,0.2144285895300839,-0.2874378303853272,0.4851497327920882,5.680645989822658,rand0032,"{""n_stocks"": 12, ""buffer_mult"": 1.5, ""mom_lookbacks"": [63, 126], ""mom_skip"": 0, ""sigma_window"": 252, ""top_turnover"": 200, ""stock_sma"": 250, ""weighting"": ""invvol"", ""regime_ma"": 250, ""idx_dd_exit"": 0.08, ""idx_dd_window"": 126, ""breadth_lo"": 0.15, ""breadth_hi"": 0.5, ""vol_target"": 0.22, ""vol_lambda"": 0.9, ""eq_brake_ma"": 300, ""eq_brake_scalar"": 0.3, ""crash_stop"": 0.25, ""use_breadth"": false}"
0.2632165725961823,-0.3428611215561984,1.6024083652548111,0.0334272049839627,-0.361674802494613,0.2955713770239193,0.2201263737693031,-0.3616748024946129,0.5838131302960996,5.170617676588993,rand0036,"{""n_stocks"": 25, ""buffer_mult"": 1.5, ""mom_lookbacks"": [63, 126, 252], ""mom_skip"": 10, ""sigma_window"": 252, ""top_turnover"": 500, ""stock_sma"": 250, ""weighting"": ""equal"", ""regime_ma"": 300, ""idx_dd_exit"": 0.12, ""idx_dd_window"": 63, ""breadth_lo"": 0.15, ""breadth_hi"": 0.45, ""vol_target"": 0.22, ""vol_lambda"": 0.92, ""eq_brake_ma"": 200, ""eq_brake_scalar"": 0.7, ""crash_stop"": 0.2, ""use_breadth"": false}"
0.2998921376683865,-0.2378452816385239,2.062770851685919,0.2081556612483301,-0.1523345437704214,1.4237488026979743,0.283991813724497,-0.2378452816385239,0.5396232918144432,3.9694116387267946,rand0001,"{""n_stocks"": 25, ""buffer_mult"": 1.5, ""mom_lookbacks"": [189], ""mom_skip"": 42, ""sigma_window"": 63, ""top_turnover"": 500, ""stock_sma"": 200, ""weighting"": ""equal"", ""regime_ma"": 200, ""idx_dd_exit"": 0.12, ""idx_dd_window"": 63, ""breadth_lo"": 0.25, ""breadth_hi"": 0.5, ""vol_target"": 0.18, ""vol_lambda"": 0.94, ""eq_brake_ma"": 0, ""eq_brake_scalar"": 0.3, ""crash_stop"": 0.3, ""use_breadth"": true}"
0.2490235108370753,-0.2769380050349639,1.6889281098150395,0.1646075020058497,-0.2001916729125743,1.1224975756215134,0.2342909173270857,-0.2769380050349639,0.590336688580841,3.883583947882793,rand0005,"{""n_stocks"": 30, ""buffer_mult"": 3.0, ""mom_lookbacks"": [126, 252], ""mom_skip"": 21, ""sigma_window"": 63, ""top_turnover"": 200, ""stock_sma"": 200, ""weighting"": ""invvol"", ""regime_ma"": 300, ""idx_dd_exit"": 0.1, ""idx_dd_window"": 42, ""breadth_lo"": 0.2, ""breadth_hi"": 0.65, ""vol_target"": 0.25, ""vol_lambda"": 0.9, ""eq_brake_ma"": 0, ""eq_brake_scalar"": 0.3, ""crash_stop"": 0.2, ""use_breadth"": true}"
0.2095198197174279,-0.2665103825738265,1.5021667607584188,0.1569537705487422,-0.1971355888738623,1.0938527515374878,0.2003823439915122,-0.2665103825738265,0.512681153520593,4.029643679124403,rand0009,"{""n_stocks"": 20, ""buffer_mult"": 2.0, ""mom_lookbacks"": [63, 126], ""mom_skip"": 42, ""sigma_window"": 63, ""top_turnover"": 200, ""stock_sma"": 150, ""weighting"": ""equal"", ""regime_ma"": 250, ""idx_dd_exit"": 0.0, ""idx_dd_window"": 126, ""breadth_lo"": 0.2, ""breadth_hi"": 0.65, ""vol_target"": 0.18, ""vol_lambda"": 0.9, ""eq_brake_ma"": 0, ""eq_brake_scalar"": 0.7, ""crash_stop"": 0.0, ""use_breadth"": true}"
0.2836844983044233,-0.2696169187984778,1.5558174499823294,0.0860338743321125,-0.2105084166960737,0.6045435477127585,0.2476199842401956,-0.2696169187984778,0.526375716010647,3.5678417806256872,rand0013,"{""n_stocks"": 10, ""buffer_mult"": 3.0, ""mom_lookbacks"": [252], ""mom_skip"": 42, ""sigma_window"": 126, ""top_turnover"": 500, ""stock_sma"": 250, ""weighting"": ""equal"", ""regime_ma"": 200, ""idx_dd_exit"": 0.1, ""idx_dd_window"": 42, ""breadth_lo"": 0.15, ""breadth_hi"": 0.65, ""vol_target"": 0.3, ""vol_lambda"": 0.9, ""eq_brake_ma"": 150, ""eq_brake_scalar"": 0.3, ""crash_stop"": 0.0, ""use_breadth"": false}"
0.2280479335153453,-0.3167811343859671,1.3805336196520512,0.1735383527457832,-0.1913895944395233,1.13623001166869,0.2187881158476305,-0.3167811343859671,0.5340732835213661,3.200115918434891,rand0017,"{""n_stocks"": 30, ""buffer_mult"": 1.5, ""mom_lookbacks"": [252], ""mom_skip"": 21, ""sigma_window"": 252, ""top_turnover"": 200, ""stock_sma"": 200, ""weighting"": ""equal"", ""regime_ma"": 250, ""idx_dd_exit"": 0.15, ""idx_dd_window"": 63, ""breadth_lo"": 0.25, ""breadth_hi"": 0.45, ""vol_target"": 0.0, ""vol_lambda"": 0.97, ""eq_brake_ma"": 150, ""eq_brake_scalar"": 0.3, ""crash_stop"": 0.0, ""use_breadth"": false}"
0.3403402706901346,-0.3956720907046636,1.96294377349767,0.2799687747576473,-0.1766036954027957,1.74877439895589,0.330244364131389,-0.3956720907046636,0.6050138933711493,4.544451601566365,rand0021,"{""n_stocks"": 15, ""buffer_mult"": 2.0, ""mom_lookbacks"": [63, 126, 252], ""mom_skip"": 21, ""sigma_window"": 126, ""top_turnover"": 800, ""stock_sma"": 250, ""weighting"": ""invvol"", ""regime_ma"": 150, ""idx_dd_exit"": 0.0, ""idx_dd_window"": 63, ""breadth_lo"": 0.2, ""breadth_hi"": 0.65, ""vol_target"": 0.22, ""vol_lambda"": 0.9, ""eq_brake_ma"": 0, ""eq_brake_scalar"": 0.7, ""crash_stop"": 0.3, ""use_breadth"": false}"
0.2725948680915291,-0.3084005791872251,1.606221346597838,0.1407459551884162,-0.2019367121167113,0.9038852316033656,0.2489834347088182,-0.3084005791872251,0.4914603654837746,4.565381032262933,rand0025,"{""n_stocks"": 10, ""buffer_mult"": 1.5, ""mom_lookbacks"": [189], ""mom_skip"": 21, ""sigma_window"": 63, ""top_turnover"": 200, ""stock_sma"": 150, ""weighting"": ""equal"", ""regime_ma"": 150, ""idx_dd_exit"": 0.08, ""idx_dd_window"": 63, ""breadth_lo"": 0.15, ""breadth_hi"": 0.6, ""vol_target"": 0.25, ""vol_lambda"": 0.92, ""eq_brake_ma"": 200, ""eq_brake_scalar"": 0.5, ""crash_stop"": 0.3, ""use_breadth"": true}"
0.2675959740443119,-0.2764451152974516,1.6736761709149204,0.1303830344749548,-0.1792842395922946,0.8947012789579901,0.2428679943675731,-0.2764451152974516,0.544950813242959,3.521224165042393,rand0029,"{""n_stocks"": 25, ""buffer_mult"": 3.0, ""mom_lookbacks"": [63, 126], ""mom_skip"": 0, ""sigma_window"": 126, ""top_turnover"": 300, ""stock_sma"": 250, ""weighting"": ""invvol"", ""regime_ma"": 200, ""idx_dd_exit"": 0.12, ""idx_dd_window"": 42, ""breadth_lo"": 0.25, ""breadth_hi"": 0.6, ""vol_target"": 0.25, ""vol_lambda"": 0.9, ""eq_brake_ma"": 200, ""eq_brake_scalar"": 0.5, ""crash_stop"": 0.3, ""use_breadth"": true}"
0.3439321356038181,-0.3660524774580398,1.8294753950892149,0.1167840945898641,-0.2209288509720266,0.7105125296985703,0.3017283939616715,-0.3660524774580398,0.6248272183054239,4.333185502038086,rand0033,"{""n_stocks"": 20, ""buffer_mult"": 1.5, ""mom_lookbacks"": [63, 126, 252], ""mom_skip"": 10, ""sigma_window"": 63, ""top_turnover"": 300, ""stock_sma"": 100, ""weighting"": ""equal"", ""regime_ma"": 250, ""idx_dd_exit"": 0.15, ""idx_dd_window"": 63, ""breadth_lo"": 0.25, ""breadth_hi"": 0.45, ""vol_target"": 0.3, ""vol_lambda"": 0.94, ""eq_brake_ma"": 0, ""eq_brake_scalar"": 0.5, ""crash_stop"": 0.3, ""use_breadth"": true}"
0.2741406641277653,-0.2480847755798679,1.7596275552699965,0.2192587980451388,-0.1920506109829973,1.5191129740267155,0.2650136028464427,-0.2480847755798679,0.5102553499934567,3.8502611412890535,rand0037,"{""n_stocks"": 30, ""buffer_mult"": 2.0, ""mom_lookbacks"": [63, 126], ""mom_skip"": 21, ""sigma_window"": 126, ""top_turnover"": 800, ""stock_sma"": 200, ""weighting"": ""invvol"", ""regime_ma"": 300, ""idx_dd_exit"": 0.1, ""idx_dd_window"": 63, ""breadth_lo"": 0.25, ""breadth_hi"": 0.5, ""vol_target"": 0.0, ""vol_lambda"": 0.92, ""eq_brake_ma"": 150, ""eq_brake_scalar"": 0.3, ""crash_stop"": 0.35, ""use_breadth"": true}"
0.2357021102782186,-0.3538714069695735,1.3783705505186652,0.1250858836367894,-0.1600952006792192,0.8467086498454983,0.2156787343364972,-0.3538714069695735,0.5163009655202775,3.033901891161799,rand0041,"{""n_stocks"": 15, ""buffer_mult"": 3.0, ""mom_lookbacks"": [252], ""mom_skip"": 0, ""sigma_window"": 252, ""top_turnover"": 150, ""stock_sma"": 150, ""weighting"": ""equal"", ""regime_ma"": 250, ""idx_dd_exit"": 0.0, ""idx_dd_window"": 42, ""breadth_lo"": 0.2, ""breadth_hi"": 0.5, ""vol_target"": 0.3, ""vol_lambda"": 0.9, ""eq_brake_ma"": 100, ""eq_brake_scalar"": 0.3, ""crash_stop"": 0.3, ""use_breadth"": false}"
0.3363096891118393,-0.3055829606759787,1.9100264680083925,0.1883252828505845,-0.2376129665133635,1.0968623757857838,0.3096698435688629,-0.3055829606759787,0.6005316293231894,3.412962960742957,rand0045,"{""n_stocks"": 20, ""buffer_mult"": 2.0, ""mom_lookbacks"": [252], ""mom_skip"": 0, ""sigma_window"": 63, ""top_turnover"": 300, ""stock_sma"": 250, ""weighting"": ""invvol"", ""regime_ma"": 250, ""idx_dd_exit"": 0.12, ""idx_dd_window"": 126, ""breadth_lo"": 0.15, ""breadth_hi"": 0.6, ""vol_target"": 0.0, ""vol_lambda"": 0.94, ""eq_brake_ma"": 150, ""eq_brake_scalar"": 0.5, ""crash_stop"": 0.0, ""use_breadth"": false}"
0.2634687225834817,-0.2541843870367305,1.591603988679489,0.1469474054890562,-0.2111012102727394,0.9777598921110096,0.243192825542736,-0.2541843870367305,0.4895538881754747,4.996487324373394,rand0049,"{""n_stocks"": 12, ""buffer_mult"": 3.0, ""mom_lookbacks"": [126], ""mom_skip"": 42, ""sigma_window"": 126, ""top_turnover"": 300, ""stock_sma"": 250, ""weighting"": ""invvol"", ""regime_ma"": 250, ""idx_dd_exit"": 0.08, ""idx_dd_window"": 126, ""breadth_lo"": 0.2, ""breadth_hi"": 0.65, ""vol_target"": 0.25, ""vol_lambda"": 0.92, ""eq_brake_ma"": 200, ""eq_brake_scalar"": 0.3, ""crash_stop"": 0.25, ""use_breadth"": false}"
0.2815750027839769,-0.2480780027323347,1.72149072598394,0.2035311156855914,-0.1604938836413194,1.263221711117105,0.2681047246147496,-0.2480780027323347,0.499819889558475,5.102571370981598,rand0053,"{""n_stocks"": 12, ""buffer_mult"": 1.0, ""mom_lookbacks"": [126], ""mom_skip"": 42, ""sigma_window"": 252, ""top_turnover"": 200, ""stock_sma"": 250, ""weighting"": ""equal"", ""regime_ma"": 200, ""idx_dd_exit"": 0.12, ""idx_dd_window"": 126, ""breadth_lo"": 0.25, ""breadth_hi"": 0.6, ""vol_target"": 0.22, ""vol_lambda"": 0.9, ""eq_brake_ma"": 200, ""eq_brake_scalar"": 0.5, ""crash_stop"": 0.35, ""use_breadth"": true}"
0.3514345293333567,-0.3632146833924453,1.98118531997892,0.147476131610559,-0.2733678790593152,0.9355124190239392,0.3140858924342644,-0.3632146833924453,0.6099085396240893,3.969987134918121,rand0057,"{""n_stocks"": 15, ""buffer_mult"": 3.0, ""mom_lookbacks"": [252], ""mom_skip"": 21, ""sigma_window"": 63, ""top_turnover"": 500, ""stock_sma"": 100, ""weighting"": ""equal"", ""regime_ma"": 200, ""idx_dd_exit"": 0.12, ""idx_dd_window"": 126, ""breadth_lo"": 0.25, ""breadth_hi"": 0.45, ""vol_target"": 0.25, ""vol_lambda"": 0.9, ""eq_brake_ma"": 150, ""eq_brake_scalar"": 0.7, ""crash_stop"": 0.0, ""use_breadth"": false}"
0.3792592073943741,-0.2907585470561722,1.8557433024789671,0.3267430099359167,-0.2750298955887185,1.6698324526386925,0.3709742139910161,-0.2907585470561722,0.5828602040137206,6.049513174751302,rand0061,"{""n_stocks"": 10, ""buffer_mult"": 3.0, ""mom_lookbacks"": [63, 126, 252], ""mom_skip"": 10, ""sigma_window"": 252, ""top_turnover"": 800, ""stock_sma"": 100, ""weighting"": ""equal"", ""regime_ma"": 250, ""idx_dd_exit"": 0.08, ""idx_dd_window"": 42, ""breadth_lo"": 0.2, ""breadth_hi"": 0.45, ""vol_target"": 0.3, ""vol_lambda"": 0.92, ""eq_brake_ma"": 300, ""eq_brake_scalar"": 0.3, ""crash_stop"": 0.2, ""use_breadth"": false}"
0.2127572387258065,-0.4077881523305831,1.3138414302180237,0.1141093549203047,-0.3886523841322545,0.7153612556884303,0.1952890158846547,-0.4077881523305831,0.6455147275136724,6.276588590331742,rand0065,"{""n_stocks"": 20, ""buffer_mult"": 2.0, ""mom_lookbacks"": [63, 126], ""mom_skip"": 42, ""sigma_window"": 63, ""top_turnover"": 150, ""stock_sma"": 150, ""weighting"": ""invvol"", ""regime_ma"": 300, ""idx_dd_exit"": 0.08, ""idx_dd_window"": 63, ""breadth_lo"": 0.25, ""breadth_hi"": 0.6, ""vol_target"": 0.25, ""vol_lambda"": 0.97, ""eq_brake_ma"": 0, ""eq_brake_scalar"": 0.5, ""crash_stop"": 0.3, ""use_breadth"": false}"
0.331222776586211,-0.2842062062253275,1.914966489621308,0.272146165959513,-0.3167535293462967,1.6012792483832514,0.3211481108548679,-0.3167535293462968,0.5163945710965148,3.74023003381784,rand0069,"{""n_stocks"": 10, ""buffer_mult"": 1.5, ""mom_lookbacks"": [189], ""mom_skip"": 0, ""sigma_window"": 63, ""top_turnover"": 800, ""stock_sma"": 150, ""weighting"": ""invvol"", ""regime_ma"": 300, ""idx_dd_exit"": 0.12, ""idx_dd_window"": 63, ""breadth_lo"": 0.2, ""breadth_hi"": 0.55, ""vol_target"": 0.22, ""vol_lambda"": 0.94, ""eq_brake_ma"": 300, ""eq_brake_scalar"": 0.7, ""crash_stop"": 0.0, ""use_breadth"": true}"
0.209777352618929,-0.4634475805208419,1.2343464114654532,0.1278938677843892,-0.3176230022589684,0.7874148429779674,0.1953183830410487,-0.4634475805208419,0.628614532154197,4.811668095103892,rand0073,"{""n_stocks"": 25, ""buffer_mult"": 3.0, ""mom_lookbacks"": [189], ""mom_skip"": 42, ""sigma_window"": 126, ""top_turnover"": 150, ""stock_sma"": 250, ""weighting"": ""equal"", ""regime_ma"": 250, ""idx_dd_exit"": 0.08, ""idx_dd_window"": 126, ""breadth_lo"": 0.3, ""breadth_hi"": 0.55, ""vol_target"": 0.0, ""vol_lambda"": 0.97, ""eq_brake_ma"": 0, ""eq_brake_scalar"": 0.3, ""crash_stop"": 0.3, ""use_breadth"": false}"
0.3138535620704066,-0.46307863960982,1.661096666586236,0.242700973614794,-0.2410208809724724,1.4564957304176067,0.3019347867160868,-0.46307863960982,0.6355135536526195,6.032903556985603,rand0077,"{""n_stocks"": 20, ""buffer_mult"": 1.0, ""mom_lookbacks"": [63, 126], ""mom_skip"": 10, ""sigma_window"": 126, ""top_turnover"": 800, ""stock_sma"": 250, ""weighting"": ""equal"", ""regime_ma"": 150, ""idx_dd_exit"": 0.12, ""idx_dd_window"": 42, ""breadth_lo"": 0.25, ""breadth_hi"": 0.45, ""vol_target"": 0.3, ""vol_lambda"": 0.92, ""eq_brake_ma"": 0, ""eq_brake_scalar"": 0.3, ""crash_stop"": 0.3, ""use_breadth"": false}"
0.2745952204320718,-0.2173875528989399,1.828751900735817,0.072876604446231,-0.2296819261946823,0.6181602674526092,0.237725742565287,-0.2296819261946822,0.4710824973358099,5.604229255810124,rand0081,"{""n_stocks"": 12, ""buffer_mult"": 1.5, ""mom_lookbacks"": [126, 252], ""mom_skip"": 10, ""sigma_window"": 252, ""top_turnover"": 500, ""stock_sma"": 100, ""weighting"": ""invvol"", ""regime_ma"": 250, ""idx_dd_exit"": 0.08, ""idx_dd_window"": 63, ""breadth_lo"": 0.25, ""breadth_hi"": 0.6, ""vol_target"": 0.18, ""vol_lambda"": 0.92, ""eq_brake_ma"": 150, ""eq_brake_scalar"": 0.5, ""crash_stop"": 0.2, ""use_breadth"": false}"
0.2687521628760603,-0.2400600582006802,1.818861876953636,0.1527197991624949,-0.2428087241687121,1.0207848057608384,0.2483753892080946,-0.2428087241687122,0.4507277231094631,3.5301276710344074,rand0085,"{""n_stocks"": 10, ""buffer_mult"": 2.0, ""mom_lookbacks"": [126, 252], ""mom_skip"": 10, ""sigma_window"": 252, ""top_turnover"": 800, ""stock_sma"": 250, ""weighting"": ""equal"", ""regime_ma"": 250, ""idx_dd_exit"": 0.08, ""idx_dd_window"": 63, ""breadth_lo"": 0.15, ""breadth_hi"": 0.45, ""vol_target"": 0.18, ""vol_lambda"": 0.97, ""eq_brake_ma"": 300, ""eq_brake_scalar"": 0.5, ""crash_stop"": 0.0, ""use_breadth"": true}"
0.2635128772272019,-0.2544708363439013,1.6887138008852234,0.1389985320255267,-0.1782232790402983,0.9814569304226828,0.2412357255237074,-0.2544708363439013,0.5464320270624901,3.1445007415029647,rand0089,"{""n_stocks"": 25, ""buffer_mult"": 3.0, ""mom_lookbacks"": [252], ""mom_skip"": 0, ""sigma_window"": 252, ""top_turnover"": 200, ""stock_sma"": 200, ""weighting"": ""invvol"", ""regime_ma"": 150, ""idx_dd_exit"": 0.1, ""idx_dd_window"": 63, ""breadth_lo"": 0.15, ""breadth_hi"": 0.55, ""vol_target"": 0.25, ""vol_lambda"": 0.97, ""eq_brake_ma"": 200, ""eq_brake_scalar"": 0.5, ""crash_stop"": 0.25, ""use_breadth"": true}"
0.2674291492319161,-0.3491609274351674,1.5506234733247304,0.1057367405621987,-0.2813291205498839,0.7137962466207112,0.2379364119369345,-0.3491609274351674,0.616129797801811,4.315559754887491,rand0093,"{""n_stocks"": 20, ""buffer_mult"": 2.0, ""mom_lookbacks"": [189], ""mom_skip"": 21, ""sigma_window"": 63, ""top_turnover"": 150, ""stock_sma"": 100, ""weighting"": ""equal"", ""regime_ma"": 300, ""idx_dd_exit"": 0.15, ""idx_dd_window"": 63, ""breadth_lo"": 0.15, ""breadth_hi"": 0.55, ""vol_target"": 0.22, ""vol_lambda"": 0.97, ""eq_brake_ma"": 100, ""eq_brake_scalar"": 0.7, ""crash_stop"": 0.25, ""use_breadth"": false}"
0.3699481924994494,-0.4375466139384114,1.9440765887789733,0.3403233847264431,-0.288018354052808,1.798968732375387,0.3659679499498716,-0.4375466139384114,0.6254843291731182,6.5956301582820815,rand0097,"{""n_stocks"": 12, ""buffer_mult"": 3.0, ""mom_lookbacks"": [126], ""mom_skip"": 0, ""sigma_window"": 63, ""top_turnover"": 800, ""stock_sma"": 150, ""weighting"": ""invvol"", ""regime_ma"": 200, ""idx_dd_exit"": 0.08, ""idx_dd_window"": 63, ""breadth_lo"": 0.2, ""breadth_hi"": 0.55, ""vol_target"": 0.3, ""vol_lambda"": 0.94, ""eq_brake_ma"": 0, ""eq_brake_scalar"": 0.5, ""crash_stop"": 0.2, ""use_breadth"": false}"
0.2941404895380028,-0.2975349522150927,1.8693184791820825,0.2747409002690633,-0.1608577071278407,1.731544174710264,0.2912645187560616,-0.2975349522150927,0.5254383257060126,5.032149102356634,rand0101,"{""n_stocks"": 12, ""buffer_mult"": 1.0, ""mom_lookbacks"": [63, 126, 252], ""mom_skip"": 21, ""sigma_window"": 126, ""top_turnover"": 800, ""stock_sma"": 250, ""weighting"": ""equal"", ""regime_ma"": 200, ""idx_dd_exit"": 0.1, ""idx_dd_window"": 126, ""breadth_lo"": 0.25, ""breadth_hi"": 0.5, ""vol_target"": 0.18, ""vol_lambda"": 0.97, ""eq_brake_ma"": 300, ""eq_brake_scalar"": 0.5, ""crash_stop"": 0.3, ""use_breadth"": false}"
0.3245052231596566,-0.210307492211758,2.076329377883233,0.2376825966179339,-0.1649464255988353,1.6214597274610725,0.3087197219907787,-0.210307492211758,0.4832001768823949,4.778300901377445,rand0105,"{""n_stocks"": 12, ""buffer_mult"": 2.0, ""mom_lookbacks"": [63, 126], ""mom_skip"": 42, ""sigma_window"": 63, ""top_turnover"": 800, ""stock_sma"": 150, ""weighting"": ""invvol"", ""regime_ma"": 250, ""idx_dd_exit"": 0.08, ""idx_dd_window"": 63, ""breadth_lo"": 0.25, ""breadth_hi"": 0.65, ""vol_target"": 0.22, ""vol_lambda"": 0.97, ""eq_brake_ma"": 300, ""eq_brake_scalar"": 0.5, ""crash_stop"": 0.3, ""use_breadth"": true}"
0.3469267612030688,-0.4065862645649265,1.692119268006826,0.1159433807323946,-0.2796660781433804,0.748587951931964,0.3035873751282023,-0.4065862645649265,0.6136386315885334,5.131290054324952,rand0109,"{""n_stocks"": 12, ""buffer_mult"": 2.0, ""mom_lookbacks"": [252], ""mom_skip"": 10, ""sigma_window"": 252, ""top_turnover"": 500, ""stock_sma"": 200, ""weighting"": ""invvol"", ""regime_ma"": 250, ""idx_dd_exit"": 0.15, ""idx_dd_window"": 126, ""breadth_lo"": 0.25, ""breadth_hi"": 0.55, ""vol_target"": 0.0, ""vol_lambda"": 0.97, ""eq_brake_ma"": 200, ""eq_brake_scalar"": 0.5, ""crash_stop"": 0.2, ""use_breadth"": false}"
0.28329617216366,-0.4393825258523863,1.358634185914176,0.0951408456761362,-0.2534436089838432,0.566519158208368,0.2490642001966772,-0.4393825258523863,0.6268414267972113,4.924863438601341,rand0113,"{""n_stocks"": 10, ""buffer_mult"": 2.0, ""mom_lookbacks"": [126], ""mom_skip"": 0, ""sigma_window"": 126, ""top_turnover"": 300, ""stock_sma"": 250, ""weighting"": ""invvol"", ""regime_ma"": 200, ""idx_dd_exit"": 0.15, ""idx_dd_window"": 63, ""breadth_lo"": 0.25, ""breadth_hi"": 0.5, ""vol_target"": 0.0, ""vol_lambda"": 0.94, ""eq_brake_ma"": 100, ""eq_brake_scalar"": 0.7, ""crash_stop"": 0.3, ""use_breadth"": false}"
0.322602876595897,-0.3664616824058265,1.7672608786502524,0.093615102100085,-0.2423519550817653,0.7075527014028836,0.2801456852057957,-0.3664616824058265,0.5627003265962768,3.732809338918044,rand0117,"{""n_stocks"": 25, ""buffer_mult"": 1.5, ""mom_lookbacks"": [126, 252], ""mom_skip"": 0, ""sigma_window"": 252, ""top_turnover"": 500, ""stock_sma"": 200, ""weighting"": ""equal"", ""regime_ma"": 150, ""idx_dd_exit"": 0.0, ""idx_dd_window"": 126, ""breadth_lo"": 0.2, ""breadth_hi"": 0.65, ""vol_target"": 0.3, ""vol_lambda"": 0.92, ""eq_brake_ma"": 100, ""eq_brake_scalar"": 0.5, ""crash_stop"": 0.35, ""use_breadth"": false}"
0.2599046861466552,-0.217579648403182,1.719011067664352,0.1958199116073127,-0.1289780193881516,1.3525910620915034,0.2491178630172283,-0.217579648403182,0.518888115996203,3.814237257449632,rand0121,"{""n_stocks"": 20, ""buffer_mult"": 3.0, ""mom_lookbacks"": [126], ""mom_skip"": 42, ""sigma_window"": 63, ""top_turnover"": 200, ""stock_sma"": 250, ""weighting"": ""invvol"", ""regime_ma"": 200, ""idx_dd_exit"": 0.1, ""idx_dd_window"": 42, ""breadth_lo"": 0.15, ""breadth_hi"": 0.45, ""vol_target"": 0.25, ""vol_lambda"": 0.9, ""eq_brake_ma"": 100, ""eq_brake_scalar"": 0.3, ""crash_stop"": 0.0, ""use_breadth"": true}"
0.2342019683468776,-0.3376041587697699,1.48478750217223,0.1201152124196058,-0.1762235961420971,0.8244459084397187,0.2139766432151888,-0.3376041587697699,0.5809141779289645,3.620184489956504,rand0125,"{""n_stocks"": 20, ""buffer_mult"": 1.5, ""mom_lookbacks"": [252], ""mom_skip"": 10, ""sigma_window"": 126, ""top_turnover"": 150, ""stock_sma"": 250, ""weighting"": ""invvol"", ""regime_ma"": 150, ""idx_dd_exit"": 0.15, ""idx_dd_window"": 126, ""breadth_lo"": 0.2, ""breadth_hi"": 0.45, ""vol_target"": 0.22, ""vol_lambda"": 0.97, ""eq_brake_ma"": 300, ""eq_brake_scalar"": 0.7, ""crash_stop"": 0.0, ""use_breadth"": true}"
0.2693544792742621,-0.3989216966923594,1.5152426515749988,0.0956473829220763,-0.3196401272355081,0.6105632004352122,0.2378477508602576,-0.3989216966923594,0.5687901288336369,4.724719177379183,rand0129,"{""n_stocks"": 20, ""buffer_mult"": 3.0, ""mom_lookbacks"": [63, 126], ""mom_skip"": 10, ""sigma_window"": 252, ""top_turnover"": 300, ""stock_sma"": 150, ""weighting"": ""equal"", ""regime_ma"": 300, ""idx_dd_exit"": 0.08, ""idx_dd_window"": 126, ""breadth_lo"": 0.15, ""breadth_hi"": 0.65, ""vol_target"": 0.0, ""vol_lambda"": 0.9, ""eq_brake_ma"": 0, ""eq_brake_scalar"": 0.3, ""crash_stop"": 0.3, ""use_breadth"": true}"
0.2945255118652894,-0.3290848853303468,1.392532641564271,0.1686889798517272,-0.2191510598462961,0.9110279112283944,0.2719422071349857,-0.3290848853303468,0.6188007686732723,4.352199097652016,rand0133,"{""n_stocks"": 10, ""buffer_mult"": 3.0, ""mom_lookbacks"": [63, 126], ""mom_skip"": 21, ""sigma_window"": 252, ""top_turnover"": 150, ""stock_sma"": 100, ""weighting"": ""equal"", ""regime_ma"": 200, ""idx_dd_exit"": 0.15, ""idx_dd_window"": 63, ""breadth_lo"": 0.25, ""breadth_hi"": 0.45, ""vol_target"": 0.0, ""vol_lambda"": 0.94, ""eq_brake_ma"": 300, ""eq_brake_scalar"": 0.7, ""crash_stop"": 0.0, ""use_breadth"": true}"
0.2603546492154163,-0.4452471099903463,1.4203644691859585,0.0852842531271838,-0.2123602291861036,0.680390665368644,0.2286264822617454,-0.4452471099903463,0.4992306801297815,4.479215637561098,rand0137,"{""n_stocks"": 10, ""buffer_mult"": 1.5, ""mom_lookbacks"": [63, 126, 252], ""mom_skip"": 10, ""sigma_window"": 126, ""top_turnover"": 500, ""stock_sma"": 250, ""weighting"": ""equal"", ""regime_ma"": 150, ""idx_dd_exit"": 0.0, ""idx_dd_window"": 63, ""breadth_lo"": 0.15, ""breadth_hi"": 0.65, ""vol_target"": 0.3, ""vol_lambda"": 0.94, ""eq_brake_ma"": 200, ""eq_brake_scalar"": 0.3, ""crash_stop"": 0.25, ""use_breadth"": false}"
0.3162021348267543,-0.2747662771400819,1.8159069381586028,0.2195639223536543,-0.2902403170966843,1.3625320459542962,0.2998878718878359,-0.2902403170966842,0.5240742261476437,6.06953203702991,rand0141,"{""n_stocks"": 15, ""buffer_mult"": 1.0, ""mom_lookbacks"": [126], ""mom_skip"": 10, ""sigma_window"": 252, ""top_turnover"": 800, ""stock_sma"": 150, ""weighting"": ""equal"", ""regime_ma"": 300, ""idx_dd_exit"": 0.08, ""idx_dd_window"": 63, ""breadth_lo"": 0.25, ""breadth_hi"": 0.45, ""vol_target"": 0.25, ""vol_lambda"": 0.97, ""eq_brake_ma"": 100, ""eq_brake_scalar"": 0.7, ""crash_stop"": 0.25, ""use_breadth"": true}"
0.2944451092259681,-0.2710671278449494,1.8017247315040383,0.0386309572738097,-0.2865604020602639,0.3335035479039795,0.2459729995702582,-0.286560402060264,0.5415268477867006,4.48893144378784,rand0145,"{""n_stocks"": 15, ""buffer_mult"": 3.0, ""mom_lookbacks"": [63, 126, 252], ""mom_skip"": 42, ""sigma_window"": 252, ""top_turnover"": 500, ""stock_sma"": 200, ""weighting"": ""equal"", ""regime_ma"": 250, ""idx_dd_exit"": 0.0, ""idx_dd_window"": 126, ""breadth_lo"": 0.15, ""breadth_hi"": 0.45, ""vol_target"": 0.22, ""vol_lambda"": 0.9, ""eq_brake_ma"": 100, ""eq_brake_scalar"": 0.7, ""crash_stop"": 0.2, ""use_breadth"": true}"
0.300863617170825,-0.229479728347184,2.099202201610589,0.1499437770385137,-0.1786960671709339,1.2125166321734806,0.2735628586569929,-0.229479728347184,0.4642879308763496,5.689802557560418,rand0149,"{""n_stocks"": 15, ""buffer_mult"": 1.5, ""mom_lookbacks"": [126], ""mom_skip"": 42, ""sigma_window"": 126, ""top_turnover"": 800, ""stock_sma"": 150, ""weighting"": ""invvol"", ""regime_ma"": 300, ""idx_dd_exit"": 0.08, ""idx_dd_window"": 63, ""breadth_lo"": 0.2, ""breadth_hi"": 0.65, ""vol_target"": 0.18, ""vol_lambda"": 0.97, ""eq_brake_ma"": 150, ""eq_brake_scalar"": 0.3, ""crash_stop"": 0.2, ""use_breadth"": false}"
0.3152122339641368,-0.3370305657988943,1.9384511100803543,0.2819840702141942,-0.1688070274650936,1.769751385545891,0.3104243391065757,-0.3370305657988943,0.6131863628227693,4.433025884733942,rand0153,"{""n_stocks"": 30, ""buffer_mult"": 2.0, ""mom_lookbacks"": [189], ""mom_skip"": 42, ""sigma_window"": 63, ""top_turnover"": 800, ""stock_sma"": 150, ""weighting"": ""equal"", ""regime_ma"": 200, ""idx_dd_exit"": 0.0, ""idx_dd_window"": 126, ""breadth_lo"": 0.25, ""breadth_hi"": 0.65, ""vol_target"": 0.22, ""vol_lambda"": 0.92, ""eq_brake_ma"": 150, ""eq_brake_scalar"": 0.7, ""crash_stop"": 0.25, ""use_breadth"": false}"
0.2394586227745321,-0.5113083231039233,1.3872969217539903,0.2010516438004883,-0.2654474651267562,1.122618502359272,0.2327890668394174,-0.5113083231039233,0.5719768827111568,5.732163952787593,rand0157,"{""n_stocks"": 10, ""buffer_mult"": 1.0, ""mom_lookbacks"": [126, 252], ""mom_skip"": 42, ""sigma_window"": 126, ""top_turnover"": 150, ""stock_sma"": 250, ""weighting"": ""equal"", ""regime_ma"": 200, ""idx_dd_exit"": 0.1, ""idx_dd_window"": 42, ""breadth_lo"": 0.25, ""breadth_hi"": 0.45, ""vol_target"": 0.22, ""vol_lambda"": 0.94, ""eq_brake_ma"": 0, ""eq_brake_scalar"": 0.5, ""crash_stop"": 0.2, ""use_breadth"": true}"
0.3088151402921413,-0.2093947378194346,2.0247553899171504,0.2323859714858525,-0.2435981507217203,1.4722681973539626,0.295871846767709,-0.2435981507217202,0.4502955970540513,4.311177017256301,rand0161,"{""n_stocks"": 12, ""buffer_mult"": 2.0, ""mom_lookbacks"": [189], ""mom_skip"": 0, ""sigma_window"": 63, ""top_turnover"": 800, ""stock_sma"": 200, ""weighting"": ""equal"", ""regime_ma"": 250, ""idx_dd_exit"": 0.08, ""idx_dd_window"": 126, ""breadth_lo"": 0.2, ""breadth_hi"": 0.6, ""vol_target"": 0.22, ""vol_lambda"": 0.9, ""eq_brake_ma"": 100, ""eq_brake_scalar"": 0.5, ""crash_stop"": 0.3, ""use_breadth"": true}"
0.3625648353537825,-0.3158687798559861,1.770093607603526,0.0871520980443576,-0.3690315000404287,0.5548382559042991,0.3104174783598046,-0.3690315000404286,0.5781116802289552,4.636197181757695,rand0165,"{""n_stocks"": 10, ""buffer_mult"": 1.5, ""mom_lookbacks"": [189], ""mom_skip"": 0, ""sigma_window"": 63, ""top_turnover"": 500, ""stock_sma"": 200, ""weighting"": ""invvol"", ""regime_ma"": 200, ""idx_dd_exit"": 0.1, ""idx_dd_window"": 42, ""breadth_lo"": 0.25, ""breadth_hi"": 0.45, ""vol_target"": 0.0, ""vol_lambda"": 0.94, ""eq_brake_ma"": 200, ""eq_brake_scalar"": 0.5, ""crash_stop"": 0.35, ""use_breadth"": true}"
0.2613823180419938,-0.4250582902945864,1.6700909846601408,0.131330326361827,-0.2201713923409902,0.8661248420125226,0.2381680750396846,-0.4250582902945864,0.5758559576777513,4.511773683930119,rand0169,"{""n_stocks"": 25, ""buffer_mult"": 2.0, ""mom_lookbacks"": [189], ""mom_skip"": 10, ""sigma_window"": 126, ""top_turnover"": 300, ""stock_sma"": 250, ""weighting"": ""equal"", ""regime_ma"": 200, ""idx_dd_exit"": 0.08, ""idx_dd_window"": 42, ""breadth_lo"": 0.3, ""breadth_hi"": 0.45, ""vol_target"": 0.18, ""vol_lambda"": 0.94, ""eq_brake_ma"": 0, ""eq_brake_scalar"": 0.5, ""crash_stop"": 0.0, ""use_breadth"": false}"
0.2608731769620309,-0.3484201005680351,1.5384984831007558,0.1151304333990483,-0.2003780429218385,0.8047355185269898,0.2343870390698994,-0.3484201005680351,0.5483056437194633,3.8032567322255777,rand0173,"{""n_stocks"": 15, ""buffer_mult"": 3.0, ""mom_lookbacks"": [252], ""mom_skip"": 0, ""sigma_window"": 63, ""top_turnover"": 200, ""stock_sma"": 200, ""weighting"": ""equal"", ""regime_ma"": 200, ""idx_dd_exit"": 0.1, ""idx_dd_window"": 42, ""breadth_lo"": 0.15, ""breadth_hi"": 0.5, ""vol_target"": 0.22, ""vol_lambda"": 0.97, ""eq_brake_ma"": 300, ""eq_brake_scalar"": 0.3, ""crash_stop"": 0.25, ""use_breadth"": false}"
0.2846418850626915,-0.2948262684653764,1.5875223129216889,0.1681687492509307,-0.2051337787612247,1.0832274553489516,0.2636953459505846,-0.2948262684653764,0.5842283105608166,4.532267280454075,rand0177,"{""n_stocks"": 30, ""buffer_mult"": 2.0, ""mom_lookbacks"": [63, 126], ""mom_skip"": 42, ""sigma_window"": 252, ""top_turnover"": 500, ""stock_sma"": 100, ""weighting"": ""equal"", ""regime_ma"": 250, ""idx_dd_exit"": 0.12, ""idx_dd_window"": 42, ""breadth_lo"": 0.3, ""breadth_hi"": 0.5, ""vol_target"": 0.3, ""vol_lambda"": 0.92, ""eq_brake_ma"": 300, ""eq_brake_scalar"": 0.3, ""crash_stop"": 0.3, ""use_breadth"": false}"
0.2853434332969091,-0.491799677517575,1.5424993247143444,0.1001831832020359,-0.3634139597280388,0.6153914708832477,0.2514445566713013,-0.491799677517575,0.5964143465143571,5.005177749092677,rand0181,"{""n_stocks"": 15, ""buffer_mult"": 1.5, ""mom_lookbacks"": [126, 252], ""mom_skip"": 21, ""sigma_window"": 252, ""top_turnover"": 200, ""stock_sma"": 200, ""weighting"": ""equal"", ""regime_ma"": 150, ""idx_dd_exit"": 0.08, ""idx_dd_window"": 126, ""breadth_lo"": 0.2, ""breadth_hi"": 0.45, ""vol_target"": 0.3, ""vol_lambda"": 0.94, ""eq_brake_ma"": 0, ""eq_brake_scalar"": 0.5, ""crash_stop"": 0.3, ""use_breadth"": true}"
0.2427036407769083,-0.2355255936088479,1.6426723083106316,0.1610939664147161,-0.1608209726027132,1.133184378808333,0.228403753522334,-0.2355255936088479,0.5069182312260234,4.571839187774686,rand0185,"{""n_stocks"": 20, ""buffer_mult"": 3.0, ""mom_lookbacks"": [63, 126], ""mom_skip"": 21, ""sigma_window"": 252, ""top_turnover"": 500, ""stock_sma"": 100, ""weighting"": ""invvol"", ""regime_ma"": 200, ""idx_dd_exit"": 0.08, ""idx_dd_window"": 63, ""breadth_lo"": 0.15, ""breadth_hi"": 0.45, ""vol_target"": 0.22, ""vol_lambda"": 0.9, ""eq_brake_ma"": 150, ""eq_brake_scalar"": 0.5, ""crash_stop"": 0.0, ""use_breadth"": true}"
0.3306020722252301,-0.2508359714573359,1.8752520798021888,0.1576804317003322,-0.2490869006648874,1.0347801192924837,0.2991139423047986,-0.2508359714573359,0.5586188607074457,4.62044555369772,rand0189,"{""n_stocks"": 12, ""buffer_mult"": 2.0, ""mom_lookbacks"": [63, 126], ""mom_skip"": 21, ""sigma_window"": 63, ""top_turnover"": 500, ""stock_sma"": 100, ""weighting"": ""invvol"", ""regime_ma"": 300, ""idx_dd_exit"": 0.12, ""idx_dd_window"": 63, ""breadth_lo"": 0.2, ""breadth_hi"": 0.55, ""vol_target"": 0.3, ""vol_lambda"": 0.9, ""eq_brake_ma"": 100, ""eq_brake_scalar"": 0.7, ""crash_stop"": 0.0, ""use_breadth"": true}"
0.285074376288742,-0.2965865935716029,1.8673687638101248,0.0191811793640819,-0.3587021425055351,0.2021731950161036,0.234365771882858,-0.358702142505535,0.4815936245497175,3.8025715362976,rand0193,"{""n_stocks"": 10, ""buffer_mult"": 1.0, ""mom_lookbacks"": [252], ""mom_skip"": 21, ""sigma_window"": 126, ""top_turnover"": 300, ""stock_sma"": 250, ""weighting"": ""invvol"", ""regime_ma"": 300, ""idx_dd_exit"": 0.0, ""idx_dd_window"": 42, ""breadth_lo"": 0.25, ""breadth_hi"": 0.6, ""vol_target"": 0.18, ""vol_lambda"": 0.97, ""eq_brake_ma"": 0, ""eq_brake_scalar"": 0.5, ""crash_stop"": 0.25, ""use_breadth"": true}"
0.3435904626172785,-0.3782555501029206,1.8892889995236184,0.2734446995971116,-0.2555615822647805,1.5242639592370215,0.3315228784235187,-0.3782555501029206,0.6244260168205511,4.717731517205971,rand0197,"{""n_stocks"": 15, ""buffer_mult"": 3.0, ""mom_lookbacks"": [126], ""mom_skip"": 42, ""sigma_window"": 63, ""top_turnover"": 500, ""stock_sma"": 200, ""weighting"": ""invvol"", ""regime_ma"": 200, ""idx_dd_exit"": 0.1, ""idx_dd_window"": 126, ""breadth_lo"": 0.15, ""breadth_hi"": 0.55, ""vol_target"": 0.0, ""vol_lambda"": 0.97, ""eq_brake_ma"": 0, ""eq_brake_scalar"": 0.3, ""crash_stop"": 0.35, ""use_breadth"": true}"
0.27219521619264,-0.2882876937693158,1.7973290381704348,0.2254234998632229,-0.1171638774611067,1.5935670634076875,0.2643652174653006,-0.2882876937693158,0.5612874121077035,5.938634823867511,rand0002,"{""n_stocks"": 15, ""buffer_mult"": 2.0, ""mom_lookbacks"": [126], ""mom_skip"": 21, ""sigma_window"": 63, ""top_turnover"": 500, ""stock_sma"": 100, ""weighting"": ""invvol"", ""regime_ma"": 150, ""idx_dd_exit"": 0.15, ""idx_dd_window"": 63, ""breadth_lo"": 0.25, ""breadth_hi"": 0.65, ""vol_target"": 0.18, ""vol_lambda"": 0.9, ""eq_brake_ma"": 0, ""eq_brake_scalar"": 0.7, ""crash_stop"": 0.2, ""use_breadth"": false}"
0.2719614640606467,-0.3577342390686578,1.6820701512005918,0.1797311727072914,-0.1456416646852802,1.1623294117451568,0.255893796088624,-0.3577342390686578,0.5425480932915707,3.4209305695705123,rand0006,"{""n_stocks"": 30, ""buffer_mult"": 3.0, ""mom_lookbacks"": [126], ""mom_skip"": 0, ""sigma_window"": 126, ""top_turnover"": 500, ""stock_sma"": 250, ""weighting"": ""invvol"", ""regime_ma"": 150, ""idx_dd_exit"": 0.0, ""idx_dd_window"": 126, ""breadth_lo"": 0.25, ""breadth_hi"": 0.55, ""vol_target"": 0.0, ""vol_lambda"": 0.94, ""eq_brake_ma"": 200, ""eq_brake_scalar"": 0.3, ""crash_stop"": 0.3, ""use_breadth"": true}"
0.2911576804827742,-0.2695895728775405,1.5745198128613591,0.120509636899398,-0.2154449284544359,0.8563091984109056,0.2595690236853003,-0.2695895728775405,0.4964367558842256,3.997047884268421,rand0010,"{""n_stocks"": 10, ""buffer_mult"": 1.0, ""mom_lookbacks"": [252], ""mom_skip"": 0, ""sigma_window"": 252, ""top_turnover"": 200, ""stock_sma"": 200, ""weighting"": ""invvol"", ""regime_ma"": 200, ""idx_dd_exit"": 0.15, ""idx_dd_window"": 42, ""breadth_lo"": 0.3, ""breadth_hi"": 0.5, ""vol_target"": 0.25, ""vol_lambda"": 0.97, ""eq_brake_ma"": 100, ""eq_brake_scalar"": 0.3, ""crash_stop"": 0.0, ""use_breadth"": false}"
0.2031528504629856,-0.4219795016289929,1.1493581537594488,0.0631338568197559,-0.2767054005678296,0.4599617212306355,0.177640046093404,-0.4219795016289929,0.5703297822151687,3.745235703835894,rand0014,"{""n_stocks"": 25, ""buffer_mult"": 1.5, ""mom_lookbacks"": [63, 126, 252], ""mom_skip"": 0, ""sigma_window"": 63, ""top_turnover"": 150, ""stock_sma"": 100, ""weighting"": ""equal"", ""regime_ma"": 300, ""idx_dd_exit"": 0.0, ""idx_dd_window"": 126, ""breadth_lo"": 0.2, ""breadth_hi"": 0.65, ""vol_target"": 0.3, ""vol_lambda"": 0.9, ""eq_brake_ma"": 300, ""eq_brake_scalar"": 0.3, ""crash_stop"": 0.3, ""use_breadth"": false}"
0.3444094471401731,-0.2631831921137756,1.9191221021881009,0.0828671912855656,-0.2296716981407377,0.6181582117294253,0.2955210554334138,-0.2631831921137756,0.4983545768068189,4.516532812702495,rand0018,"{""n_stocks"": 12, ""buffer_mult"": 2.0, ""mom_lookbacks"": [126, 252], ""mom_skip"": 42, ""sigma_window"": 252, ""top_turnover"": 500, ""stock_sma"": 100, ""weighting"": ""equal"", ""regime_ma"": 150, ""idx_dd_exit"": 0.08, ""idx_dd_window"": 126, ""breadth_lo"": 0.15, ""breadth_hi"": 0.55, ""vol_target"": 0.3, ""vol_lambda"": 0.92, ""eq_brake_ma"": 200, ""eq_brake_scalar"": 0.3, ""crash_stop"": 0.0, ""use_breadth"": false}"
0.3213806960914891,-0.252063629517987,2.005961996256632,0.1965104957845791,-0.1639604623748366,1.3324479816467865,0.2995993137931128,-0.252063629517987,0.5444857068908748,4.317403728919464,rand0022,"{""n_stocks"": 30, ""buffer_mult"": 2.0, ""mom_lookbacks"": [63, 126], ""mom_skip"": 0, ""sigma_window"": 126, ""top_turnover"": 800, ""stock_sma"": 150, ""weighting"": ""invvol"", ""regime_ma"": 150, ""idx_dd_exit"": 0.12, ""idx_dd_window"": 42, ""breadth_lo"": 0.2, ""breadth_hi"": 0.55, ""vol_target"": 0.25, ""vol_lambda"": 0.9, ""eq_brake_ma"": 150, ""eq_brake_scalar"": 0.7, ""crash_stop"": 0.25, ""use_breadth"": true}"
0.2540802337904375,-0.4947352298403626,1.3165240646879492,0.2324151816374033,-0.2328883570006537,1.2275671118760445,0.2510654021939518,-0.4947352298403626,0.6312809243174863,5.198195390988986,rand0026,"{""n_stocks"": 12, ""buffer_mult"": 1.0, ""mom_lookbacks"": [63, 126, 252], ""mom_skip"": 42, ""sigma_window"": 63, ""top_turnover"": 200, ""stock_sma"": 250, ""weighting"": ""equal"", ""regime_ma"": 200, ""idx_dd_exit"": 0.0, ""idx_dd_window"": 63, ""breadth_lo"": 0.2, ""breadth_hi"": 0.6, ""vol_target"": 0.3, ""vol_lambda"": 0.94, ""eq_brake_ma"": 200, ""eq_brake_scalar"": 0.7, ""crash_stop"": 0.35, ""use_breadth"": false}"
0.3224374800779732,-0.2916167284994394,1.9325256371049664,0.1078373103700138,-0.2546148047145411,0.7913713959869332,0.2833895762479324,-0.2916167284994394,0.5009868638850822,5.202402235715219,rand0030,"{""n_stocks"": 20, ""buffer_mult"": 1.5, ""mom_lookbacks"": [126], ""mom_skip"": 0, ""sigma_window"": 126, ""top_turnover"": 800, ""stock_sma"": 100, ""weighting"": ""equal"", ""regime_ma"": 300, ""idx_dd_exit"": 0.08, ""idx_dd_window"": 63, ""breadth_lo"": 0.2, ""breadth_hi"": 0.45, ""vol_target"": 0.22, ""vol_lambda"": 0.97, ""eq_brake_ma"": 150, ""eq_brake_scalar"": 0.3, ""crash_stop"": 0.3, ""use_breadth"": false}"
0.2211081735487499,-0.292275594684693,1.3446804556582006,0.1655011955498853,-0.1677814123459146,1.1082239014973918,0.2118144416646286,-0.292275594684693,0.5210368697780488,3.2801189709189043,rand0034,"{""n_stocks"": 20, ""buffer_mult"": 2.0, ""mom_lookbacks"": [189], ""mom_skip"": 42, ""sigma_window"": 252, ""top_turnover"": 200, ""stock_sma"": 250, ""weighting"": ""equal"", ""regime_ma"": 250, ""idx_dd_exit"": 0.15, ""idx_dd_window"": 126, ""breadth_lo"": 0.3, ""breadth_hi"": 0.6, ""vol_target"": 0.25, ""vol_lambda"": 0.94, ""eq_brake_ma"": 150, ""eq_brake_scalar"": 0.3, ""crash_stop"": 0.0, ""use_breadth"": false}"
0.2905133115599188,-0.3698176642831977,1.8014227185475862,0.1477089040747703,-0.1742621694993613,1.065937799057934,0.2648997157155386,-0.3698176642831977,0.4940228318446972,4.598403473580022,rand0038,"{""n_stocks"": 12, ""buffer_mult"": 1.5, ""mom_lookbacks"": [189], ""mom_skip"": 42, ""sigma_window"": 126, ""top_turnover"": 800, ""stock_sma"": 200, ""weighting"": ""equal"", ""regime_ma"": 200, ""idx_dd_exit"": 0.1, ""idx_dd_window"": 42, ""breadth_lo"": 0.25, ""breadth_hi"": 0.5, ""vol_target"": 0.22, ""vol_lambda"": 0.9, ""eq_brake_ma"": 300, ""eq_brake_scalar"": 0.3, ""crash_stop"": 0.25, ""use_breadth"": true}"
0.2992163827801417,-0.2112379730300743,2.0361477944231408,0.2206389498002001,-0.1457424441939592,1.4658352604149296,0.2855191835516661,-0.2112379730300743,0.5312956035154512,4.023501849147324,rand0042,"{""n_stocks"": 30, ""buffer_mult"": 3.0, ""mom_lookbacks"": [252], ""mom_skip"": 0, ""sigma_window"": 63, ""top_turnover"": 300, ""stock_sma"": 200, ""weighting"": ""invvol"", ""regime_ma"": 150, ""idx_dd_exit"": 0.08, ""idx_dd_window"": 63, ""breadth_lo"": 0.2, ""breadth_hi"": 0.6, ""vol_target"": 0.0, ""vol_lambda"": 0.92, ""eq_brake_ma"": 100, ""eq_brake_scalar"": 0.5, ""crash_stop"": 0.2, ""use_breadth"": true}"
0.2585749134429602,-0.259070202531507,1.6212772812241203,0.174709099384076,-0.1755321626976053,1.1624832564180014,0.2435050633323181,-0.259070202531507,0.5761728024957552,4.376642889123351,rand0046,"{""n_stocks"": 25, ""buffer_mult"": 1.0, ""mom_lookbacks"": [189], ""mom_skip"": 42, ""sigma_window"": 126, ""top_turnover"": 150, ""stock_sma"": 150, ""weighting"": ""invvol"", ""regime_ma"": 300, ""idx_dd_exit"": 0.12, ""idx_dd_window"": 42, ""breadth_lo"": 0.2, ""breadth_hi"": 0.55, ""vol_target"": 0.3, ""vol_lambda"": 0.92, ""eq_brake_ma"": 150, ""eq_brake_scalar"": 0.5, ""crash_stop"": 0.3, ""use_breadth"": true}"
0.184206293146361,-0.2224637777818688,1.3811845289893032,0.1546436328748948,-0.1117040324462131,1.2918240557735114,0.1790243018049968,-0.2224637777818688,0.4647436260846563,3.0577003472842943,rand0050,"{""n_stocks"": 30, ""buffer_mult"": 3.0, ""mom_lookbacks"": [63, 126], ""mom_skip"": 10, ""sigma_window"": 126, ""top_turnover"": 150, ""stock_sma"": 150, ""weighting"": ""invvol"", ""regime_ma"": 150, ""idx_dd_exit"": 0.12, ""idx_dd_window"": 42, ""breadth_lo"": 0.3, ""breadth_hi"": 0.45, ""vol_target"": 0.18, ""vol_lambda"": 0.97, ""eq_brake_ma"": 100, ""eq_brake_scalar"": 0.3, ""crash_stop"": 0.3, ""use_breadth"": false}"
0.2846054329623266,-0.2555703502914219,1.7739053041874169,0.1020778143049123,-0.24342655197836,0.7611685070865484,0.2512588791376178,-0.2555703502914219,0.494161944570487,3.9249130753263497,rand0054,"{""n_stocks"": 10, ""buffer_mult"": 3.0, ""mom_lookbacks"": [252], ""mom_skip"": 21, ""sigma_window"": 252, ""top_turnover"": 500, ""stock_sma"": 200, ""weighting"": ""invvol"", ""regime_ma"": 250, ""idx_dd_exit"": 0.08, ""idx_dd_window"": 63, ""breadth_lo"": 0.3, ""breadth_hi"": 0.45, ""vol_target"": 0.18, ""vol_lambda"": 0.97, ""eq_brake_ma"": 300, ""eq_brake_scalar"": 0.5, ""crash_stop"": 0.35, ""use_breadth"": false}"
0.2544004380022906,-0.2997089679404002,1.640420699896156,0.0950631278298566,-0.2331774466867048,0.6798211620107624,0.2253930316699275,-0.2997089679404002,0.5432265477646495,5.088946465915599,rand0058,"{""n_stocks"": 15, ""buffer_mult"": 2.0, ""mom_lookbacks"": [126], ""mom_skip"": 42, ""sigma_window"": 252, ""top_turnover"": 300, ""stock_sma"": 100, ""weighting"": ""equal"", ""regime_ma"": 300, ""idx_dd_exit"": 0.0, ""idx_dd_window"": 126, ""breadth_lo"": 0.25, ""breadth_hi"": 0.65, ""vol_target"": 0.18, ""vol_lambda"": 0.9, ""eq_brake_ma"": 200, ""eq_brake_scalar"": 0.7, ""crash_stop"": 0.25, ""use_breadth"": false}"
0.2838669040158312,-0.2176855714434042,1.9245228453017589,0.2728493626717565,-0.1433847607551599,1.883084075057252,0.2822189517964681,-0.2176855714434042,0.483402476059947,4.217487083298263,rand0062,"{""n_stocks"": 12, ""buffer_mult"": 1.0, ""mom_lookbacks"": [252], ""mom_skip"": 10, ""sigma_window"": 63, ""top_turnover"": 800, ""stock_sma"": 200, ""weighting"": ""equal"", ""regime_ma"": 150, ""idx_dd_exit"": 0.0, ""idx_dd_window"": 42, ""breadth_lo"": 0.15, ""breadth_hi"": 0.55, ""vol_target"": 0.18, ""vol_lambda"": 0.94, ""eq_brake_ma"": 0, ""eq_brake_scalar"": 0.3, ""crash_stop"": 0.25, ""use_breadth"": true}"
0.2674579376555843,-0.356607829079452,1.8125569693822896,0.1805759165457074,-0.1355041476246246,1.2869607502238547,0.2524817446824532,-0.356607829079452,0.5474330437432943,4.113562185875801,rand0066,"{""n_stocks"": 30, ""buffer_mult"": 2.0, ""mom_lookbacks"": [252], ""mom_skip"": 10, ""sigma_window"": 252, ""top_turnover"": 500, ""stock_sma"": 100, ""weighting"": ""equal"", ""regime_ma"": 150, ""idx_dd_exit"": 0.0, ""idx_dd_window"": 63, ""breadth_lo"": 0.15, ""breadth_hi"": 0.55, ""vol_target"": 0.18, ""vol_lambda"": 0.9, ""eq_brake_ma"": 300, ""eq_brake_scalar"": 0.7, ""crash_stop"": 0.35, ""use_breadth"": false}"
0.1967536351594361,-0.2291561251328289,1.2012459434438467,0.0893472423187538,-0.2271140370436652,0.6641543428613823,0.1771605852954225,-0.2291561251328289,0.4820568652088312,4.463334469075621,rand0070,"{""n_stocks"": 12, ""buffer_mult"": 1.5, ""mom_lookbacks"": [126], ""mom_skip"": 0, ""sigma_window"": 252, ""top_turnover"": 150, ""stock_sma"": 200, ""weighting"": ""invvol"", ""regime_ma"": 300, ""idx_dd_exit"": 0.12, ""idx_dd_window"": 126, ""breadth_lo"": 0.3, ""breadth_hi"": 0.6, ""vol_target"": 0.22, ""vol_lambda"": 0.92, ""eq_brake_ma"": 300, ""eq_brake_scalar"": 0.3, ""crash_stop"": 0.25, ""use_breadth"": false}"
0.2400037095278548,-0.3071499675474053,1.5049621831690678,0.1354454653246961,-0.1742914545167211,0.9563459145568028,0.2212503046994229,-0.3071499675474053,0.539556624082826,5.340610960455252,rand0074,"{""n_stocks"": 25, ""buffer_mult"": 1.0, ""mom_lookbacks"": [63, 126], ""mom_skip"": 21, ""sigma_window"": 252, ""top_turnover"": 300, ""stock_sma"": 150, ""weighting"": ""invvol"", ""regime_ma"": 200, ""idx_dd_exit"": 0.0, ""idx_dd_window"": 126, ""breadth_lo"": 0.15, ""breadth_hi"": 0.65, ""vol_target"": 0.3, ""vol_lambda"": 0.92, ""eq_brake_ma"": 150, ""eq_brake_scalar"": 0.5, ""crash_stop"": 0.2, ""use_breadth"": true}"
0.3093399438772173,-0.2848927885350669,1.899669287894849,0.2184772801607875,-0.1540842114596082,1.4282551062677122,0.293616468406876,-0.2848927885350669,0.5650994754582974,3.7880460841746855,rand0078,"{""n_stocks"": 25, ""buffer_mult"": 1.5, ""mom_lookbacks"": [252], ""mom_skip"": 21, ""sigma_window"": 126, ""top_turnover"": 500, ""stock_sma"": 250, ""weighting"": ""invvol"", ""regime_ma"": 150, ""idx_dd_exit"": 0.1, ""idx_dd_window"": 42, ""breadth_lo"": 0.25, ""breadth_hi"": 0.45, ""vol_target"": 0.3, ""vol_lambda"": 0.97, ""eq_brake_ma"": 150, ""eq_brake_scalar"": 0.5, ""crash_stop"": 0.35, ""use_breadth"": true}"
0.2079507680873178,-0.2986685795163318,1.3479210590017243,0.2633445690210687,-0.210716783051201,1.636430304998551,0.2181877126459595,-0.2986685795163318,0.5359503842013063,3.6556433809911257,rand0082,"{""n_stocks"": 30, ""buffer_mult"": 3.0, ""mom_lookbacks"": [63, 126], ""mom_skip"": 21, ""sigma_window"": 126, ""top_turnover"": 800, ""stock_sma"": 250, ""weighting"": ""equal"", ""regime_ma"": 200, ""idx_dd_exit"": 0.15, ""idx_dd_window"": 42, ""breadth_lo"": 0.25, ""breadth_hi"": 0.45, ""vol_target"": 0.25, ""vol_lambda"": 0.94, ""eq_brake_ma"": 300, ""eq_brake_scalar"": 0.3, ""crash_stop"": 0.35, ""use_breadth"": true}"
0.254575315384081,-0.3015721049176519,1.531039762519453,0.1158579461824229,-0.203481547134268,0.7788866434192883,0.2295198149879329,-0.3015721049176519,0.5708006173068456,4.7383613357514776,rand0086,"{""n_stocks"": 20, ""buffer_mult"": 1.0, ""mom_lookbacks"": [189], ""mom_skip"": 10, ""sigma_window"": 252, ""top_turnover"": 200, ""stock_sma"": 200, ""weighting"": ""invvol"", ""regime_ma"": 150, ""idx_dd_exit"": 0.15, ""idx_dd_window"": 63, ""breadth_lo"": 0.2, ""breadth_hi"": 0.65, ""vol_target"": 0.25, ""vol_lambda"": 0.92, ""eq_brake_ma"": 0, ""eq_brake_scalar"": 0.7, ""crash_stop"": 0.25, ""use_breadth"": true}"
0.3219874563673432,-0.3785626468871833,1.8690563271835687,0.2787009000602989,-0.1995078591934282,1.6776868230002024,0.3147737205383372,-0.3785626468871833,0.6177363353289163,4.133247367642028,rand0090,"{""n_stocks"": 20, ""buffer_mult"": 3.0, ""mom_lookbacks"": [252], ""mom_skip"": 21, ""sigma_window"": 63, ""top_turnover"": 500, ""stock_sma"": 100, ""weighting"": ""invvol"", ""regime_ma"": 200, ""idx_dd_exit"": 0.15, ""idx_dd_window"": 63, ""breadth_lo"": 0.25, ""breadth_hi"": 0.45, ""vol_target"": 0.0, ""vol_lambda"": 0.94, ""eq_brake_ma"": 150, ""eq_brake_scalar"": 0.5, ""crash_stop"": 0.3, ""use_breadth"": false}"
0.3129387440037727,-0.2812919309584469,1.6701272301432095,0.1156958699255974,-0.185582530030733,0.7294872571201501,0.2762632304866521,-0.2812919309584469,0.5079136998784747,4.850292154730638,rand0094,"{""n_stocks"": 12, ""buffer_mult"": 1.0, ""mom_lookbacks"": [126, 252], ""mom_skip"": 0, ""sigma_window"": 126, ""top_turnover"": 200, ""stock_sma"": 250, ""weighting"": ""equal"", ""regime_ma"": 250, ""idx_dd_exit"": 0.1, ""idx_dd_window"": 126, ""breadth_lo"": 0.15, ""breadth_hi"": 0.65, ""vol_target"": 0.3, ""vol_lambda"": 0.94, ""eq_brake_ma"": 150, ""eq_brake_scalar"": 0.3, ""crash_stop"": 0.2, ""use_breadth"": false}"
0.2766769197725056,-0.3952011049763195,1.3311552456784257,0.0972152392499403,-0.2836050546383319,0.5813793137530945,0.24391958144654,-0.3952011049763195,0.6120865253968383,4.501557889322728,rand0098,"{""n_stocks"": 12, ""buffer_mult"": 2.0, ""mom_lookbacks"": [126], ""mom_skip"": 0, ""sigma_window"": 252, ""top_turnover"": 200, ""stock_sma"": 150, ""weighting"": ""equal"", ""regime_ma"": 250, ""idx_dd_exit"": 0.15, ""idx_dd_window"": 42, ""breadth_lo"": 0.15, ""breadth_hi"": 0.45, ""vol_target"": 0.0, ""vol_lambda"": 0.94, ""eq_brake_ma"": 100, ""eq_brake_scalar"": 0.7, ""crash_stop"": 0.3, ""use_breadth"": true}"
0.3555025327154555,-0.2987196913705171,1.9145125537595469,0.1494025830106735,-0.2754018104874735,0.941482343153242,0.3176302464120257,-0.2987196913705171,0.5687520586677183,4.3221972078848765,rand0102,"{""n_stocks"": 20, ""buffer_mult"": 1.0, ""mom_lookbacks"": [63, 126, 252], ""mom_skip"": 42, ""sigma_window"": 252, ""top_turnover"": 500, ""stock_sma"": 150, ""weighting"": ""equal"", ""regime_ma"": 250, ""idx_dd_exit"": 0.0, ""idx_dd_window"": 42, ""breadth_lo"": 0.25, ""breadth_hi"": 0.6, ""vol_target"": 0.3, ""vol_lambda"": 0.97, ""eq_brake_ma"": 150, ""eq_brake_scalar"": 0.7, ""crash_stop"": 0.0, ""use_breadth"": true}"
0.2857409027322737,-0.4594528500533282,1.5476731873884175,0.3415408010426084,-0.3269897580352842,1.7654381252835052,0.2960094640753379,-0.4594528500533282,0.6142080253067359,4.500595331014692,rand0106,"{""n_stocks"": 15, ""buffer_mult"": 2.0, ""mom_lookbacks"": [189], ""mom_skip"": 0, ""sigma_window"": 126, ""top_turnover"": 800, ""stock_sma"": 200, ""weighting"": ""equal"", ""regime_ma"": 300, ""idx_dd_exit"": 0.1, ""idx_dd_window"": 126, ""breadth_lo"": 0.2, ""breadth_hi"": 0.45, ""vol_target"": 0.3, ""vol_lambda"": 0.97, ""eq_brake_ma"": 100, ""eq_brake_scalar"": 0.7, ""crash_stop"": 0.35, ""use_breadth"": false}"
0.329583266332669,-0.2465293612752107,1.973904066043619,0.1404945627323126,-0.2640734226638693,0.8827678586532783,0.2949867731926772,-0.2640734226638694,0.4848461409852574,4.474920435596316,rand0110,"{""n_stocks"": 10, ""buffer_mult"": 2.0, ""mom_lookbacks"": [189], ""mom_skip"": 0, ""sigma_window"": 126, ""top_turnover"": 500, ""stock_sma"": 200, ""weighting"": ""invvol"", ""regime_ma"": 200, ""idx_dd_exit"": 0.08, ""idx_dd_window"": 126, ""breadth_lo"": 0.25, ""breadth_hi"": 0.65, ""vol_target"": 0.22, ""vol_lambda"": 0.92, ""eq_brake_ma"": 0, ""eq_brake_scalar"": 0.7, ""crash_stop"": 0.35, ""use_breadth"": true}"
0.3051373735733755,-0.2720511363397399,1.958631684853656,0.2217190416904468,-0.1956726448453435,1.5346837792815675,0.2909002135684078,-0.2720511363397399,0.5304422628668785,3.9813929344848296,rand0114,"{""n_stocks"": 30, ""buffer_mult"": 1.5, ""mom_lookbacks"": [63, 126, 252], ""mom_skip"": 21, ""sigma_window"": 126, ""top_turnover"": 800, ""stock_sma"": 150, ""weighting"": ""equal"", ""regime_ma"": 300, ""idx_dd_exit"": 0.12, ""idx_dd_window"": 126, ""breadth_lo"": 0.25, ""breadth_hi"": 0.45, ""vol_target"": 0.25, ""vol_lambda"": 0.9, ""eq_brake_ma"": 100, ""eq_brake_scalar"": 0.3, ""crash_stop"": 0.3, ""use_breadth"": false}"
0.2808864995601206,-0.2740190924858799,1.6688360930636676,0.0446929602252588,-0.2804534551824297,0.3765040844899613,0.2363588284185271,-0.2804534551824298,0.4701253982489848,5.127065294062516,rand0118,"{""n_stocks"": 10, ""buffer_mult"": 1.5, ""mom_lookbacks"": [189], ""mom_skip"": 42, ""sigma_window"": 63, ""top_turnover"": 800, ""stock_sma"": 250, ""weighting"": ""equal"", ""regime_ma"": 300, ""idx_dd_exit"": 0.08, ""idx_dd_window"": 126, ""breadth_lo"": 0.3, ""breadth_hi"": 0.6, ""vol_target"": 0.3, ""vol_lambda"": 0.9, ""eq_brake_ma"": 300, ""eq_brake_scalar"": 0.5, ""crash_stop"": 0.25, ""use_breadth"": true}"
0.2032787353499157,-0.3472092181427656,1.207429043887636,0.1614061959373938,-0.1533729772887936,1.0277195017106515,0.1957852459581615,-0.3472092181427656,0.6353372754390775,5.51474862609487,rand0122,"{""n_stocks"": 25, ""buffer_mult"": 1.0, ""mom_lookbacks"": [63, 126], ""mom_skip"": 0, ""sigma_window"": 63, ""top_turnover"": 150, ""stock_sma"": 250, ""weighting"": ""invvol"", ""regime_ma"": 200, ""idx_dd_exit"": 0.15, ""idx_dd_window"": 42, ""breadth_lo"": 0.15, ""breadth_hi"": 0.5, ""vol_target"": 0.3, ""vol_lambda"": 0.94, ""eq_brake_ma"": 100, ""eq_brake_scalar"": 0.7, ""crash_stop"": 0.35, ""use_breadth"": false}"
0.19333162240397,-0.4399492815266973,1.0936769279188303,0.0412382668344777,-0.344574083799765,0.3362248001600521,0.1659368561511522,-0.4399492815266973,0.5263425011609237,4.755644128431027,rand0126,"{""n_stocks"": 12, ""buffer_mult"": 1.5, ""mom_lookbacks"": [63, 126], ""mom_skip"": 10, ""sigma_window"": 126, ""top_turnover"": 300, ""stock_sma"": 100, ""weighting"": ""equal"", ""regime_ma"": 200, ""idx_dd_exit"": 0.0, ""idx_dd_window"": 126, ""breadth_lo"": 0.3, ""breadth_hi"": 0.5, ""vol_target"": 0.3, ""vol_lambda"": 0.92, ""eq_brake_ma"": 200, ""eq_brake_scalar"": 0.3, ""crash_stop"": 0.35, ""use_breadth"": false}"
0.2667414795372109,-0.3477488887516329,1.6340291768769313,0.1473448876159677,-0.1565787406491258,1.0069527741832645,0.2453818111360683,-0.3477488887516329,0.5846711487677163,3.882540754585416,rand0130,"{""n_stocks"": 30, ""buffer_mult"": 1.5, ""mom_lookbacks"": [63, 126, 252], ""mom_skip"": 10, ""sigma_window"": 63, ""top_turnover"": 200, ""stock_sma"": 250, ""weighting"": ""invvol"", ""regime_ma"": 150, ""idx_dd_exit"": 0.15, ""idx_dd_window"": 126, ""breadth_lo"": 0.3, ""breadth_hi"": 0.6, ""vol_target"": 0.0, ""vol_lambda"": 0.9, ""eq_brake_ma"": 300, ""eq_brake_scalar"": 0.7, ""crash_stop"": 0.3, ""use_breadth"": true}"
0.2974570123444171,-0.3042499038762297,1.6648262247080594,0.1127819527839801,-0.3307749507063782,0.765502398528838,0.2638680102700863,-0.3307749507063782,0.5941468327818061,5.001076075305736,rand0134,"{""n_stocks"": 15, ""buffer_mult"": 1.0, ""mom_lookbacks"": [126, 252], ""mom_skip"": 10, ""sigma_window"": 252, ""top_turnover"": 500, ""stock_sma"": 100, ""weighting"": ""invvol"", ""regime_ma"": 200, ""idx_dd_exit"": 0.15, ""idx_dd_window"": 42, ""breadth_lo"": 0.3, ""breadth_hi"": 0.65, ""vol_target"": 0.22, ""vol_lambda"": 0.97, ""eq_brake_ma"": 100, ""eq_brake_scalar"": 0.7, ""crash_stop"": 0.0, ""use_breadth"": false}"
0.2883627253536245,-0.4252866745102449,1.6455993012837442,0.3728513077076738,-0.2765085126346377,2.046994045563088,0.3037417536202691,-0.4252866745102449,0.6210657356117891,6.326985159754311,rand0138,"{""n_stocks"": 20, ""buffer_mult"": 1.0, ""mom_lookbacks"": [189], ""mom_skip"": 10, ""sigma_window"": 252, ""top_turnover"": 800, ""stock_sma"": 150, ""weighting"": ""invvol"", ""regime_ma"": 200, ""idx_dd_exit"": 0.08, ""idx_dd_window"": 63, ""breadth_lo"": 0.25, ""breadth_hi"": 0.55, ""vol_target"": 0.25, ""vol_lambda"": 0.92, ""eq_brake_ma"": 0, ""eq_brake_scalar"": 0.3, ""crash_stop"": 0.3, ""use_breadth"": false}"
0.2720646394017281,-0.3933126745903653,1.4853569777288167,0.1632601155439164,-0.2592739662252745,0.9884313043449112,0.252697734309562,-0.3933126745903653,0.6019141170371052,3.945988508621181,rand0142,"{""n_stocks"": 15, ""buffer_mult"": 1.5, ""mom_lookbacks"": [189], ""mom_skip"": 42, ""sigma_window"": 126, ""top_turnover"": 150, ""stock_sma"": 250, ""weighting"": ""invvol"", ""regime_ma"": 300, ""idx_dd_exit"": 0.15, ""idx_dd_window"": 126, ""breadth_lo"": 0.3, ""breadth_hi"": 0.65, ""vol_target"": 0.0, ""vol_lambda"": 0.94, ""eq_brake_ma"": 300, ""eq_brake_scalar"": 0.7, ""crash_stop"": 0.0, ""use_breadth"": true}"
0.248925914646122,-0.2309360160608912,1.769222933245984,0.1395411042369714,-0.1571726694811519,1.0835930225183517,0.2294857305122115,-0.2309360160608912,0.4942814360976594,3.0761459889052847,rand0146,"{""n_stocks"": 25, ""buffer_mult"": 1.5, ""mom_lookbacks"": [252], ""mom_skip"": 42, ""sigma_window"": 126, ""top_turnover"": 200, ""stock_sma"": 250, ""weighting"": ""equal"", ""regime_ma"": 200, ""idx_dd_exit"": 0.12, ""idx_dd_window"": 63, ""breadth_lo"": 0.15, ""breadth_hi"": 0.65, ""vol_target"": 0.18, ""vol_lambda"": 0.97, ""eq_brake_ma"": 300, ""eq_brake_scalar"": 0.5, ""crash_stop"": 0.3, ""use_breadth"": true}"
0.2933133099272988,-0.1959415465428278,1.856419712507248,0.1667748095369312,-0.1555085692194955,1.1449966866269052,0.2704673461706506,-0.1959415465428278,0.4863389276456689,3.667246696526053,rand0150,"{""n_stocks"": 20, ""buffer_mult"": 1.0, ""mom_lookbacks"": [252], ""mom_skip"": 0, ""sigma_window"": 126, ""top_turnover"": 200, ""stock_sma"": 150, ""weighting"": ""invvol"", ""regime_ma"": 300, ""idx_dd_exit"": 0.12, ""idx_dd_window"": 126, ""breadth_lo"": 0.3, ""breadth_hi"": 0.6, ""vol_target"": 0.25, ""vol_lambda"": 0.97, ""eq_brake_ma"": 100, ""eq_brake_scalar"": 0.3, ""crash_stop"": 0.35, ""use_breadth"": true}"
0.2920097862507633,-0.2301177784802426,1.979239186779926,0.1589826337525557,-0.1664897590301364,1.180537425760869,0.2685243125917937,-0.2301177784802426,0.5101914865499461,4.759207614587667,rand0154,"{""n_stocks"": 25, ""buffer_mult"": 2.0, ""mom_lookbacks"": [126], ""mom_skip"": 0, ""sigma_window"": 63, ""top_turnover"": 500, ""stock_sma"": 100, ""weighting"": ""invvol"", ""regime_ma"": 200, ""idx_dd_exit"": 0.08, ""idx_dd_window"": 42, ""breadth_lo"": 0.2, ""breadth_hi"": 0.55, ""vol_target"": 0.18, ""vol_lambda"": 0.97, ""eq_brake_ma"": 200, ""eq_brake_scalar"": 0.3, ""crash_stop"": 0.35, ""use_breadth"": false}"
0.2392490398564619,-0.2678699569753601,1.720310954753187,0.1687084671904632,-0.1128431055738464,1.2346195657534875,0.2266685885143473,-0.2678699569753601,0.4840313796248931,3.1209192634870355,rand0158,"{""n_stocks"": 20, ""buffer_mult"": 2.0, ""mom_lookbacks"": [189], ""mom_skip"": 10, ""sigma_window"": 126, ""top_turnover"": 150, ""stock_sma"": 100, ""weighting"": ""equal"", ""regime_ma"": 200, ""idx_dd_exit"": 0.12, ""idx_dd_window"": 42, ""breadth_lo"": 0.2, ""breadth_hi"": 0.65, ""vol_target"": 0.18, ""vol_lambda"": 0.97, ""eq_brake_ma"": 0, ""eq_brake_scalar"": 0.3, ""crash_stop"": 0.25, ""use_breadth"": true}"
0.2744856361421652,-0.2954414522386621,1.534139718092182,0.1271962072537908,-0.2039845615819161,0.8127769740359818,0.24755276130624,-0.2954414522386621,0.5081352948175802,2.983454804315275,rand0162,"{""n_stocks"": 12, ""buffer_mult"": 3.0, ""mom_lookbacks"": [189], ""mom_skip"": 0, ""sigma_window"": 252, ""top_turnover"": 150, ""stock_sma"": 200, ""weighting"": ""invvol"", ""regime_ma"": 200, ""idx_dd_exit"": 0.12, ""idx_dd_window"": 126, ""breadth_lo"": 0.3, ""breadth_hi"": 0.55, ""vol_target"": 0.3, ""vol_lambda"": 0.92, ""eq_brake_ma"": 200, ""eq_brake_scalar"": 0.3, ""crash_stop"": 0.0, ""use_breadth"": true}"
0.2943881628412419,-0.3372642601665901,1.675970561639054,0.1475915405086487,-0.2015126710799013,0.9284960364685636,0.2676275668985404,-0.3372642601665901,0.5819352484433196,6.1156156850722025,rand0166,"{""n_stocks"": 15, ""buffer_mult"": 1.0, ""mom_lookbacks"": [63, 126], ""mom_skip"": 42, ""sigma_window"": 252, ""top_turnover"": 300, ""stock_sma"": 100, ""weighting"": ""invvol"", ""regime_ma"": 200, ""idx_dd_exit"": 0.1, ""idx_dd_window"": 42, ""breadth_lo"": 0.25, ""breadth_hi"": 0.45, ""vol_target"": 0.3, ""vol_lambda"": 0.9, ""eq_brake_ma"": 100, ""eq_brake_scalar"": 0.7, ""crash_stop"": 0.35, ""use_breadth"": true}"
0.2556870228273518,-0.3156848413475049,1.5769866881798886,0.1602776443526867,-0.1765780094742227,1.0608934912918777,0.2386057891673774,-0.3156848413475049,0.563595142856167,4.461544579169523,rand0170,"{""n_stocks"": 30, ""buffer_mult"": 2.0, ""mom_lookbacks"": [63, 126, 252], ""mom_skip"": 10, ""sigma_window"": 252, ""top_turnover"": 200, ""stock_sma"": 250, ""weighting"": ""invvol"", ""regime_ma"": 150, ""idx_dd_exit"": 0.08, ""idx_dd_window"": 126, ""breadth_lo"": 0.25, ""breadth_hi"": 0.45, ""vol_target"": 0.0, ""vol_lambda"": 0.92, ""eq_brake_ma"": 300, ""eq_brake_scalar"": 0.5, ""crash_stop"": 0.25, ""use_breadth"": false}"
0.2402528324414066,-0.4167648707582673,1.3325473743418288,0.1549801247037483,-0.2247600981391024,1.0615749590267216,0.2249015907853988,-0.4167648707582673,0.5174433109452912,5.6140140452427625,rand0174,"{""n_stocks"": 12, ""buffer_mult"": 1.0, ""mom_lookbacks"": [63, 126], ""mom_skip"": 42, ""sigma_window"": 252, ""top_turnover"": 800, ""stock_sma"": 150, ""weighting"": ""equal"", ""regime_ma"": 300, ""idx_dd_exit"": 0.0, ""idx_dd_window"": 42, ""breadth_lo"": 0.15, ""breadth_hi"": 0.45, ""vol_target"": 0.0, ""vol_lambda"": 0.92, ""eq_brake_ma"": 100, ""eq_brake_scalar"": 0.3, ""crash_stop"": 0.3, ""use_breadth"": false}"
0.3136586388706559,-0.3805921980772565,1.7225464713736192,0.1773141815337577,-0.239182118553337,1.0615470796268338,0.2892961993746488,-0.3805921980772565,0.5906168334742684,3.130291449931796,rand0178,"{""n_stocks"": 20, ""buffer_mult"": 3.0, ""mom_lookbacks"": [252], ""mom_skip"": 21, ""sigma_window"": 126, ""top_turnover"": 300, ""stock_sma"": 150, ""weighting"": ""equal"", ""regime_ma"": 250, ""idx_dd_exit"": 0.15, ""idx_dd_window"": 42, ""breadth_lo"": 0.15, ""breadth_hi"": 0.55, ""vol_target"": 0.0, ""vol_lambda"": 0.97, ""eq_brake_ma"": 300, ""eq_brake_scalar"": 0.5, ""crash_stop"": 0.35, ""use_breadth"": true}"
0.3342976610162311,-0.2946358125194607,1.9138873565148853,0.2073411134399307,-0.1670214414289971,1.2988502246767195,0.3116084468642444,-0.2946358125194607,0.5783075603266912,4.067523095735322,rand0182,"{""n_stocks"": 15, ""buffer_mult"": 2.0, ""mom_lookbacks"": [252], ""mom_skip"": 10, ""sigma_window"": 63, ""top_turnover"": 500, ""stock_sma"": 250, ""weighting"": ""invvol"", ""regime_ma"": 200, ""idx_dd_exit"": 0.15, ""idx_dd_window"": 126, ""breadth_lo"": 0.25, ""breadth_hi"": 0.5, ""vol_target"": 0.3, ""vol_lambda"": 0.92, ""eq_brake_ma"": 200, ""eq_brake_scalar"": 0.5, ""crash_stop"": 0.25, ""use_breadth"": true}"
0.2138618395273244,-0.2685564565569516,1.3017165578188798,0.1374368403222368,-0.2037520675746571,0.8763360557984916,0.2003118900649143,-0.2685564565569516,0.5504526973748254,4.646887250282297,rand0186,"{""n_stocks"": 15, ""buffer_mult"": 1.5, ""mom_lookbacks"": [63, 126], ""mom_skip"": 10, ""sigma_window"": 252, ""top_turnover"": 150, ""stock_sma"": 100, ""weighting"": ""invvol"", ""regime_ma"": 300, ""idx_dd_exit"": 0.0, ""idx_dd_window"": 63, ""breadth_lo"": 0.2, ""breadth_hi"": 0.65, ""vol_target"": 0.25, ""vol_lambda"": 0.92, ""eq_brake_ma"": 0, ""eq_brake_scalar"": 0.3, ""crash_stop"": 0.25, ""use_breadth"": true}"
0.2235270921309247,-0.189676057911553,1.8045973675951723,0.1589161725167727,-0.1415073357539883,1.3333234406596657,0.2119944081682416,-0.189676057911553,0.4217018395562643,3.070675705937615,rand0190,"{""n_stocks"": 30, ""buffer_mult"": 2.0, ""mom_lookbacks"": [126], ""mom_skip"": 42, ""sigma_window"": 252, ""top_turnover"": 200, ""stock_sma"": 100, ""weighting"": ""invvol"", ""regime_ma"": 300, ""idx_dd_exit"": 0.15, ""idx_dd_window"": 126, ""breadth_lo"": 0.3, ""breadth_hi"": 0.65, ""vol_target"": 0.18, ""vol_lambda"": 0.97, ""eq_brake_ma"": 150, ""eq_brake_scalar"": 0.3, ""crash_stop"": 0.3, ""use_breadth"": true}"
0.2602115380436363,-0.2416642717889653,1.7369625556051072,0.1301185060484349,-0.2003810371736369,0.9327279528449532,0.2365674318934907,-0.2416642717889653,0.4853917913471497,3.426860017926624,rand0194,"{""n_stocks"": 10, ""buffer_mult"": 3.0, ""mom_lookbacks"": [252], ""mom_skip"": 21, ""sigma_window"": 63, ""top_turnover"": 300, ""stock_sma"": 200, ""weighting"": ""invvol"", ""regime_ma"": 250, ""idx_dd_exit"": 0.12, ""idx_dd_window"": 126, ""breadth_lo"": 0.15, ""breadth_hi"": 0.5, ""vol_target"": 0.18, ""vol_lambda"": 0.94, ""eq_brake_ma"": 200, ""eq_brake_scalar"": 0.5, ""crash_stop"": 0.25, ""use_breadth"": false}"
0.3446889138038085,-0.3933607358808726,1.7621188763973206,0.3910185537651438,-0.3612699440346558,1.9095537677141088,0.3537819616524562,-0.3933607358808726,0.5887982253962303,6.027584226701607,rand0198,"{""n_stocks"": 12, ""buffer_mult"": 1.5, ""mom_lookbacks"": [189], ""mom_skip"": 10, ""sigma_window"": 126, ""top_turnover"": 500, ""stock_sma"": 100, ""weighting"": ""equal"", ""regime_ma"": 300, ""idx_dd_exit"": 0.08, ""idx_dd_window"": 126, ""breadth_lo"": 0.2, ""breadth_hi"": 0.65, ""vol_target"": 0.0, ""vol_lambda"": 0.92, ""eq_brake_ma"": 150, ""eq_brake_scalar"": 0.7, ""crash_stop"": 0.25, ""use_breadth"": false}"
0.3775808429288567,-0.4121924907987032,1.880497779517036,0.1065138854049589,-0.3029281272860418,0.6635975910343551,0.3259513916461045,-0.4121924907987032,0.5860391825002419,5.842707506905964,rand0003,"{""n_stocks"": 10, ""buffer_mult"": 1.5, ""mom_lookbacks"": [63, 126, 252], ""mom_skip"": 42, ""sigma_window"": 126, ""top_turnover"": 500, ""stock_sma"": 200, ""weighting"": ""equal"", ""regime_ma"": 250, ""idx_dd_exit"": 0.1, ""idx_dd_window"": 42, ""breadth_lo"": 0.25, ""breadth_hi"": 0.45, ""vol_target"": 0.3, ""vol_lambda"": 0.92, ""eq_brake_ma"": 300, ""eq_brake_scalar"": 0.7, ""crash_stop"": 0.2, ""use_breadth"": true}"
0.225016142835233,-0.3888128416956522,1.3211979507070484,0.1634321770019218,-0.1762958444747042,1.000009279494055,0.2142009681193279,-0.3888128416956522,0.6355648340862671,4.51320005787388,rand0007,"{""n_stocks"": 30, ""buffer_mult"": 2.0, ""mom_lookbacks"": [126], ""mom_skip"": 10, ""sigma_window"": 252, ""top_turnover"": 150, ""stock_sma"": 200, ""weighting"": ""equal"", ""regime_ma"": 200, ""idx_dd_exit"": 0.1, ""idx_dd_window"": 42, ""breadth_lo"": 0.15, ""breadth_hi"": 0.65, ""vol_target"": 0.22, ""vol_lambda"": 0.97, ""eq_brake_ma"": 0, ""eq_brake_scalar"": 0.3, ""crash_stop"": 0.25, ""use_breadth"": false}"
0.2165059692066984,-0.2190238363388631,1.491106940983447,0.1765266890549799,-0.1746132226110845,1.3139838436655602,0.2094457570339867,-0.2190238363388631,0.4920406450814333,4.462047865756694,rand0011,"{""n_stocks"": 15, ""buffer_mult"": 3.0, ""mom_lookbacks"": [63, 126], ""mom_skip"": 42, ""sigma_window"": 252, ""top_turnover"": 150, ""stock_sma"": 100, ""weighting"": ""equal"", ""regime_ma"": 300, ""idx_dd_exit"": 0.1, ""idx_dd_window"": 42, ""breadth_lo"": 0.2, ""breadth_hi"": 0.5, ""vol_target"": 0.18, ""vol_lambda"": 0.97, ""eq_brake_ma"": 100, ""eq_brake_scalar"": 0.5, ""crash_stop"": 0.2, ""use_breadth"": false}"
0.2667396748176593,-0.3542720550406881,1.4850600626373038,0.0844068560402873,-0.3821804811691361,0.5289414508563247,0.2337507007750363,-0.3821804811691363,0.6339591960493032,5.819351250271223,rand0015,"{""n_stocks"": 15, ""buffer_mult"": 1.5, ""mom_lookbacks"": [189], ""mom_skip"": 21, ""sigma_window"": 63, ""top_turnover"": 300, ""stock_sma"": 250, ""weighting"": ""equal"", ""regime_ma"": 250, ""idx_dd_exit"": 0.12, ""idx_dd_window"": 63, ""breadth_lo"": 0.15, ""breadth_hi"": 0.45, ""vol_target"": 0.25, ""vol_lambda"": 0.9, ""eq_brake_ma"": 0, ""eq_brake_scalar"": 0.7, ""crash_stop"": 0.2, ""use_breadth"": false}"
0.1979663095927275,-0.252647352081305,1.4275113282987362,0.0746060184848202,-0.1737851349326753,0.6251063880762094,0.1756592152200746,-0.252647352081305,0.449218117074058,4.50698710501768,rand0019,"{""n_stocks"": 15, ""buffer_mult"": 1.0, ""mom_lookbacks"": [252], ""mom_skip"": 10, ""sigma_window"": 252, ""top_turnover"": 200, ""stock_sma"": 100, ""weighting"": ""invvol"", ""regime_ma"": 300, ""idx_dd_exit"": 0.15, ""idx_dd_window"": 126, ""breadth_lo"": 0.2, ""breadth_hi"": 0.5, ""vol_target"": 0.18, ""vol_lambda"": 0.92, ""eq_brake_ma"": 200, ""eq_brake_scalar"": 0.3, ""crash_stop"": 0.2, ""use_breadth"": false}"
0.2446569992778478,-0.3692023030805782,1.4504814841483538,0.1250944937022009,-0.2236220273974051,0.8203792906865166,0.2236646184302331,-0.3692023030805782,0.6306333325929855,4.815353027285003,rand0023,"{""n_stocks"": 30, ""buffer_mult"": 2.0, ""mom_lookbacks"": [126], ""mom_skip"": 21, ""sigma_window"": 252, ""top_turnover"": 500, ""stock_sma"": 200, ""weighting"": ""invvol"", ""regime_ma"": 250, ""idx_dd_exit"": 0.15, ""idx_dd_window"": 42, ""breadth_lo"": 0.2, ""breadth_hi"": 0.6, ""vol_target"": 0.25, ""vol_lambda"": 0.92, ""eq_brake_ma"": 300, ""eq_brake_scalar"": 0.7, ""crash_stop"": 0.25, ""use_breadth"": false}"
0.283194390791492,-0.2154624560010936,1.9871507901653167,0.1497865401521001,-0.2091948698449193,1.0749164945998295,0.2594946600454799,-0.2154624560010936,0.5193602733516575,4.065143270932482,rand0027,"{""n_stocks"": 25, ""buffer_mult"": 3.0, ""mom_lookbacks"": [126, 252], ""mom_skip"": 42, ""sigma_window"": 126, ""top_turnover"": 300, ""stock_sma"": 150, ""weighting"": ""invvol"", ""regime_ma"": 300, ""idx_dd_exit"": 0.08, ""idx_dd_window"": 63, ""breadth_lo"": 0.3, ""breadth_hi"": 0.45, ""vol_target"": 0.22, ""vol_lambda"": 0.92, ""eq_brake_ma"": 150, ""eq_brake_scalar"": 0.5, ""crash_stop"": 0.25, ""use_breadth"": true}"
0.2479252766168691,-0.3034026852082379,1.5435398093171786,0.2063669844674036,-0.1695897291550397,1.260934461515119,0.2410427450305055,-0.3034026852082379,0.5012327899896105,3.0426284708076627,rand0031,"{""n_stocks"": 15, ""buffer_mult"": 3.0, ""mom_lookbacks"": [252], ""mom_skip"": 42, ""sigma_window"": 126, ""top_turnover"": 150, ""stock_sma"": 250, ""weighting"": ""equal"", ""regime_ma"": 150, ""idx_dd_exit"": 0.1, ""idx_dd_window"": 42, ""breadth_lo"": 0.15, ""breadth_hi"": 0.45, ""vol_target"": 0.0, ""vol_lambda"": 0.92, ""eq_brake_ma"": 100, ""eq_brake_scalar"": 0.3, ""crash_stop"": 0.35, ""use_breadth"": true}"
0.2117362733618768,-0.2805110761976149,1.38722779707503,0.1385344895611038,-0.1831170543171486,0.9534219837977316,0.1986485561830679,-0.2805110761976149,0.5721880308818724,4.643454448011973,rand0035,"{""n_stocks"": 20, ""buffer_mult"": 1.5, ""mom_lookbacks"": [63, 126], ""mom_skip"": 42, ""sigma_window"": 126, ""top_turnover"": 150, ""stock_sma"": 250, ""weighting"": ""invvol"", ""regime_ma"": 200, ""idx_dd_exit"": 0.12, ""idx_dd_window"": 42, ""breadth_lo"": 0.25, ""breadth_hi"": 0.55, ""vol_target"": 0.22, ""vol_lambda"": 0.94, ""eq_brake_ma"": 300, ""eq_brake_scalar"": 0.7, ""crash_stop"": 0.25, ""use_breadth"": true}"
0.2692034742674163,-0.2009686838120629,1.8994326419138152,0.2172480682002209,-0.2162447726608563,1.518187457610178,0.2600349365589427,-0.2162447726608564,0.4048158929220555,3.2735159967612755,rand0039,"{""n_stocks"": 10, ""buffer_mult"": 2.0, ""mom_lookbacks"": [189], ""mom_skip"": 10, ""sigma_window"": 252, ""top_turnover"": 500, ""stock_sma"": 100, ""weighting"": ""equal"", ""regime_ma"": 250, ""idx_dd_exit"": 0.12, ""idx_dd_window"": 63, ""breadth_lo"": 0.3, ""breadth_hi"": 0.55, ""vol_target"": 0.18, ""vol_lambda"": 0.9, ""eq_brake_ma"": 150, ""eq_brake_scalar"": 0.5, ""crash_stop"": 0.0, ""use_breadth"": true}"
0.2389898479344427,-0.3816679284409326,1.3087198118602432,0.160379009299971,-0.1976321281450583,0.9456494167308074,0.225307002513037,-0.3816679284409326,0.6202129614722303,3.3788722004480425,rand0040,"{""n_stocks"": 20, ""buffer_mult"": 3.0, ""mom_lookbacks"": [63, 126, 252], ""mom_skip"": 0, ""sigma_window"": 63, ""top_turnover"": 200, ""stock_sma"": 200, ""weighting"": ""equal"", ""regime_ma"": 200, ""idx_dd_exit"": 0.0, ""idx_dd_window"": 126, ""breadth_lo"": 0.3, ""breadth_hi"": 0.65, ""vol_target"": 0.3, ""vol_lambda"": 0.92, ""eq_brake_ma"": 300, ""eq_brake_scalar"": 0.5, ""crash_stop"": 0.3, ""use_breadth"": false}"
0.261270840515023,-0.2330982539428311,1.6735928002258822,0.06104445944401,-0.2637500828545051,0.5556048171502374,0.2241921264807445,-0.2637500828545051,0.4157892759039481,3.5035795295175083,rand0044,"{""n_stocks"": 10, ""buffer_mult"": 1.0, ""mom_lookbacks"": [126, 252], ""mom_skip"": 0, ""sigma_window"": 252, ""top_turnover"": 300, ""stock_sma"": 100, ""weighting"": ""equal"", ""regime_ma"": 300, ""idx_dd_exit"": 0.15, ""idx_dd_window"": 126, ""breadth_lo"": 0.3, ""breadth_hi"": 0.55, ""vol_target"": 0.18, ""vol_lambda"": 0.97, ""eq_brake_ma"": 200, ""eq_brake_scalar"": 0.3, ""crash_stop"": 0.3, ""use_breadth"": false}"
0.251684377402974,-0.501430914766494,1.361000204701749,0.2116699834049371,-0.202053095760849,1.1119761998794375,0.2450382629918115,-0.501430914766494,0.6704378512309691,3.95405472573505,rand0048,"{""n_stocks"": 20, ""buffer_mult"": 3.0, ""mom_lookbacks"": [126, 252], ""mom_skip"": 42, ""sigma_window"": 252, ""top_turnover"": 200, ""stock_sma"": 250, ""weighting"": ""equal"", ""regime_ma"": 200, ""idx_dd_exit"": 0.0, ""idx_dd_window"": 63, ""breadth_lo"": 0.3, ""breadth_hi"": 0.55, ""vol_target"": 0.3, ""vol_lambda"": 0.94, ""eq_brake_ma"": 0, ""eq_brake_scalar"": 0.5, ""crash_stop"": 0.25, ""use_breadth"": false}"
0.2332890398287672,-0.2853941893918694,1.661136261429038,0.1267767501305285,-0.1352598216187541,0.9407985702711716,0.2145001459694413,-0.2853941893918694,0.4981875091660103,3.916261521982606,rand0052,"{""n_stocks"": 20, ""buffer_mult"": 1.5, ""mom_lookbacks"": [189], ""mom_skip"": 21, ""sigma_window"": 63, ""top_turnover"": 150, ""stock_sma"": 200, ""weighting"": ""equal"", ""regime_ma"": 250, ""idx_dd_exit"": 0.1, ""idx_dd_window"": 63, ""breadth_lo"": 0.3, ""breadth_hi"": 0.5, ""vol_target"": 0.18, ""vol_lambda"": 0.97, ""eq_brake_ma"": 300, ""eq_brake_scalar"": 0.7, ""crash_stop"": 0.2, ""use_breadth"": true}"
0.302648437808801,-0.3053287987969411,1.6886085290037758,0.1148530230590005,-0.2332634993514798,0.7286379904460843,0.268076900929272,-0.3053287987969411,0.5819529153884935,3.611637074046406,rand0056,"{""n_stocks"": 15, ""buffer_mult"": 3.0, ""mom_lookbacks"": [63, 126, 252], ""mom_skip"": 21, ""sigma_window"": 252, ""top_turnover"": 200, ""stock_sma"": 100, ""weighting"": ""invvol"", ""regime_ma"": 250, ""idx_dd_exit"": 0.12, ""idx_dd_window"": 42, ""breadth_lo"": 0.2, ""breadth_hi"": 0.5, ""vol_target"": 0.3, ""vol_lambda"": 0.94, ""eq_brake_ma"": 300, ""eq_brake_scalar"": 0.7, ""crash_stop"": 0.25, ""use_breadth"": true}"
0.2085707157183369,-0.3196703218060549,1.303128119978002,0.141054212277224,-0.2390220496399685,0.8956183503544274,0.1967729910855586,-0.3196703218060549,0.6219518563816322,5.408849859488697,rand0060,"{""n_stocks"": 30, ""buffer_mult"": 1.0, ""mom_lookbacks"": [63, 126], ""mom_skip"": 42, ""sigma_window"": 126, ""top_turnover"": 150, ""stock_sma"": 200, ""weighting"": ""equal"", ""regime_ma"": 300, ""idx_dd_exit"": 0.12, ""idx_dd_window"": 42, ""breadth_lo"": 0.25, ""breadth_hi"": 0.45, ""vol_target"": 0.22, ""vol_lambda"": 0.94, ""eq_brake_ma"": 0, ""eq_brake_scalar"": 0.5, ""crash_stop"": 0.25, ""use_breadth"": true}"
0.2584846517837411,-0.2836671405388963,1.803714949322828,0.1209152673845828,-0.1779113994527428,0.9568417891051834,0.2335274750096538,-0.2836671405388963,0.5407932510422395,5.189158477226678,rand0064,"{""n_stocks"": 20, ""buffer_mult"": 1.0, ""mom_lookbacks"": [63, 126, 252], ""mom_skip"": 42, ""sigma_window"": 126, ""top_turnover"": 500, ""stock_sma"": 100, ""weighting"": ""invvol"", ""regime_ma"": 300, ""idx_dd_exit"": 0.0, ""idx_dd_window"": 42, ""breadth_lo"": 0.25, ""breadth_hi"": 0.65, ""vol_target"": 0.18, ""vol_lambda"": 0.9, ""eq_brake_ma"": 100, ""eq_brake_scalar"": 0.5, ""crash_stop"": 0.35, ""use_breadth"": false}"
0.2706437322469202,-0.2243360589862414,1.753348296375976,0.3042233700999475,-0.1914146872541231,1.934822049149203,0.2771752838695045,-0.2243360589862414,0.4454232693125557,4.697024864420794,rand0068,"{""n_stocks"": 10, ""buffer_mult"": 2.0, ""mom_lookbacks"": [126], ""mom_skip"": 10, ""sigma_window"": 126, ""top_turnover"": 800, ""stock_sma"": 100, ""weighting"": ""invvol"", ""regime_ma"": 150, ""idx_dd_exit"": 0.08, ""idx_dd_window"": 63, ""breadth_lo"": 0.25, ""breadth_hi"": 0.55, ""vol_target"": 0.22, ""vol_lambda"": 0.9, ""eq_brake_ma"": 100, ""eq_brake_scalar"": 0.3, ""crash_stop"": 0.35, ""use_breadth"": false}"
0.2394647483412268,-0.4240587305204065,1.1157648219513838,0.1657746485958295,-0.2847955349634662,0.8697274735804794,0.2271094232572881,-0.4240587305204065,0.7034863206088923,6.3635280472152775,rand0072,"{""n_stocks"": 10, ""buffer_mult"": 1.0, ""mom_lookbacks"": [63, 126], ""mom_skip"": 42, ""sigma_window"": 63, ""top_turnover"": 200, ""stock_sma"": 250, ""weighting"": ""equal"", ""regime_ma"": 250, ""idx_dd_exit"": 0.0, ""idx_dd_window"": 63, ""breadth_lo"": 0.15, ""breadth_hi"": 0.6, ""vol_target"": 0.0, ""vol_lambda"": 0.97, ""eq_brake_ma"": 0, ""eq_brake_scalar"": 0.5, ""crash_stop"": 0.35, ""use_breadth"": false}"
0.3709587131333052,-0.2828693653833495,2.0858139865250567,0.4192602848964519,-0.1585724168644674,2.4330466226798464,0.3804196300176563,-0.2828693653833495,0.5720845198851233,3.6515639389300527,rand0076,"{""n_stocks"": 20, ""buffer_mult"": 3.0, ""mom_lookbacks"": [189], ""mom_skip"": 21, ""sigma_window"": 126, ""top_turnover"": 800, ""stock_sma"": 100, ""weighting"": ""invvol"", ""regime_ma"": 150, ""idx_dd_exit"": 0.1, ""idx_dd_window"": 63, ""breadth_lo"": 0.3, ""breadth_hi"": 0.45, ""vol_target"": 0.0, ""vol_lambda"": 0.94, ""eq_brake_ma"": 150, ""eq_brake_scalar"": 0.3, ""crash_stop"": 0.0, ""use_breadth"": false}"
0.3307971563689078,-0.3051103666626646,1.81555245723847,0.1038771535162419,-0.256449216030514,0.6839293456589671,0.2894417706912355,-0.3051103666626646,0.5867097618076008,5.84324529141034,rand0080,"{""n_stocks"": 15, ""buffer_mult"": 2.0, ""mom_lookbacks"": [126, 252], ""mom_skip"": 10, ""sigma_window"": 126, ""top_turnover"": 500, ""stock_sma"": 150, ""weighting"": ""equal"", ""regime_ma"": 200, ""idx_dd_exit"": 0.08, ""idx_dd_window"": 42, ""breadth_lo"": 0.25, ""breadth_hi"": 0.45, ""vol_target"": 0.3, ""vol_lambda"": 0.9, ""eq_brake_ma"": 150, ""eq_brake_scalar"": 0.7, ""crash_stop"": 0.2, ""use_breadth"": false}"
0.2953107922670035,-0.2138131270885599,2.1646335240959,0.1779278144543219,-0.1501179456611102,1.3314001074374515,0.274151759836817,-0.2138131270885599,0.4797742662778785,4.431201365014025,rand0084,"{""n_stocks"": 20, ""buffer_mult"": 1.0, ""mom_lookbacks"": [252], ""mom_skip"": 10, ""sigma_window"": 63, ""top_turnover"": 300, ""stock_sma"": 100, ""weighting"": ""invvol"", ""regime_ma"": 200, ""idx_dd_exit"": 0.08, ""idx_dd_window"": 42, ""breadth_lo"": 0.25, ""breadth_hi"": 0.6, ""vol_target"": 0.18, ""vol_lambda"": 0.97, ""eq_brake_ma"": 200, ""eq_brake_scalar"": 0.7, ""crash_stop"": 0.0, ""use_breadth"": true}"
0.3187398933755088,-0.4427291125366169,1.757930787508721,0.25606404322061,-0.1512923978860969,1.48695179199094,0.3082623936579984,-0.4427291125366169,0.6372883886584136,4.783397332241969,rand0088,"{""n_stocks"": 30, ""buffer_mult"": 1.5, ""mom_lookbacks"": [189], ""mom_skip"": 42, ""sigma_window"": 252, ""top_turnover"": 500, ""stock_sma"": 150, ""weighting"": ""equal"", ""regime_ma"": 150, ""idx_dd_exit"": 0.12, ""idx_dd_window"": 42, ""breadth_lo"": 0.25, ""breadth_hi"": 0.5, ""vol_target"": 0.0, ""vol_lambda"": 0.92, ""eq_brake_ma"": 0, ""eq_brake_scalar"": 0.5, ""crash_stop"": 0.25, ""use_breadth"": false}"
0.2768626772315454,-0.3623943090314236,1.4866964281232784,0.0870127285729562,-0.2388003052025804,0.5639004620162177,0.2417827865762316,-0.3623943090314236,0.5699228506142824,5.317336576035781,rand0092,"{""n_stocks"": 10, ""buffer_mult"": 1.5, ""mom_lookbacks"": [63, 126, 252], ""mom_skip"": 10, ""sigma_window"": 252, ""top_turnover"": 300, ""stock_sma"": 200, ""weighting"": ""invvol"", ""regime_ma"": 150, ""idx_dd_exit"": 0.15, ""idx_dd_window"": 42, ""breadth_lo"": 0.3, ""breadth_hi"": 0.55, ""vol_target"": 0.22, ""vol_lambda"": 0.97, ""eq_brake_ma"": 0, ""eq_brake_scalar"": 0.7, ""crash_stop"": 0.2, ""use_breadth"": false}"
0.3280147387710699,-0.1835180359677899,2.180159793980687,0.1346967876488167,-0.19089395908129,1.1136861194101262,0.2922560233515339,-0.1908939590812899,0.4710706867445887,3.510850822737354,rand0096,"{""n_stocks"": 20, ""buffer_mult"": 3.0, ""mom_lookbacks"": [126], ""mom_skip"": 42, ""sigma_window"": 126, ""top_turnover"": 800, ""stock_sma"": 100, ""weighting"": ""equal"", ""regime_ma"": 250, ""idx_dd_exit"": 0.0, ""idx_dd_window"": 63, ""breadth_lo"": 0.3, ""breadth_hi"": 0.65, ""vol_target"": 0.22, ""vol_lambda"": 0.92, ""eq_brake_ma"": 300, ""eq_brake_scalar"": 0.7, ""crash_stop"": 0.35, ""use_breadth"": true}"
0.2506692422876417,-0.3338679026420872,1.7012905775809897,0.1004436903590273,-0.2434927214075316,0.7007358652751023,0.2235220823867183,-0.3338679026420872,0.5438195014039293,3.203807112606424,rand0100,"{""n_stocks"": 25, ""buffer_mult"": 1.5, ""mom_lookbacks"": [252], ""mom_skip"": 21, ""sigma_window"": 252, ""top_turnover"": 300, ""stock_sma"": 250, ""weighting"": ""equal"", ""regime_ma"": 250, ""idx_dd_exit"": 0.15, ""idx_dd_window"": 126, ""breadth_lo"": 0.15, ""breadth_hi"": 0.55, ""vol_target"": 0.18, ""vol_lambda"": 0.97, ""eq_brake_ma"": 0, ""eq_brake_scalar"": 0.5, ""crash_stop"": 0.3, ""use_breadth"": true}"
0.1914032857293695,-0.3423323670176831,1.1720429632987206,0.107054945402425,-0.1986788801727944,0.7777171714793328,0.1764069098218716,-0.3423323670176831,0.5469401853721094,3.690599955145689,rand0104,"{""n_stocks"": 25, ""buffer_mult"": 2.0, ""mom_lookbacks"": [126], ""mom_skip"": 0, ""sigma_window"": 63, ""top_turnover"": 150, ""stock_sma"": 250, ""weighting"": ""invvol"", ""regime_ma"": 250, ""idx_dd_exit"": 0.15, ""idx_dd_window"": 63, ""breadth_lo"": 0.2, ""breadth_hi"": 0.5, ""vol_target"": 0.3, ""vol_lambda"": 0.97, ""eq_brake_ma"": 300, ""eq_brake_scalar"": 0.3, ""crash_stop"": 0.0, ""use_breadth"": true}"
0.2847789777324174,-0.3629801363416551,1.6997562978585332,0.1380298370754618,-0.1957514669714692,1.080293859370822,0.258395186014086,-0.3629801363416551,0.5297576042486569,3.890774759606338,rand0108,"{""n_stocks"": 25, ""buffer_mult"": 2.0, ""mom_lookbacks"": [189], ""mom_skip"": 42, ""sigma_window"": 252, ""top_turnover"": 500, ""stock_sma"": 200, ""weighting"": ""equal"", ""regime_ma"": 300, ""idx_dd_exit"": 0.15, ""idx_dd_window"": 63, ""breadth_lo"": 0.25, ""breadth_hi"": 0.55, ""vol_target"": 0.3, ""vol_lambda"": 0.97, ""eq_brake_ma"": 100, ""eq_brake_scalar"": 0.3, ""crash_stop"": 0.25, ""use_breadth"": false}"
0.2668100205029533,-0.3700074611667296,1.6331758196876591,0.1649786026422786,-0.1493942596682924,1.048837269235126,0.2487973523150322,-0.3700074611667296,0.560872821374537,4.54833521113792,rand0112,"{""n_stocks"": 20, ""buffer_mult"": 1.5, ""mom_lookbacks"": [252], ""mom_skip"": 21, ""sigma_window"": 126, ""top_turnover"": 150, ""stock_sma"": 100, ""weighting"": ""equal"", ""regime_ma"": 150, ""idx_dd_exit"": 0.08, ""idx_dd_window"": 63, ""breadth_lo"": 0.2, ""breadth_hi"": 0.45, ""vol_target"": 0.25, ""vol_lambda"": 0.97, ""eq_brake_ma"": 100, ""eq_brake_scalar"": 0.7, ""crash_stop"": 0.25, ""use_breadth"": true}"
0.2433716918832402,-0.301845377329167,1.3883308535769157,0.1757430028742013,-0.2062381959763538,1.060481188966721,0.2315259669219618,-0.301845377329167,0.5969065766700805,5.601373223756546,rand0116,"{""n_stocks"": 15, ""buffer_mult"": 1.5, ""mom_lookbacks"": [63, 126], ""mom_skip"": 21, ""sigma_window"": 252, ""top_turnover"": 150, ""stock_sma"": 200, ""weighting"": ""invvol"", ""regime_ma"": 200, ""idx_dd_exit"": 0.08, ""idx_dd_window"": 42, ""breadth_lo"": 0.3, ""breadth_hi"": 0.5, ""vol_target"": 0.25, ""vol_lambda"": 0.94, ""eq_brake_ma"": 200, ""eq_brake_scalar"": 0.7, ""crash_stop"": 0.35, ""use_breadth"": false}"
0.2815681021230092,-0.2879019670395661,1.8304433319452045,0.1640209210493073,-0.1558346193231456,1.142318782595211,0.2607436621875645,-0.2879019670395661,0.5290399881304318,3.2444096323782032,rand0120,"{""n_stocks"": 30, ""buffer_mult"": 3.0, ""mom_lookbacks"": [252], ""mom_skip"": 42, ""sigma_window"": 126, ""top_turnover"": 500, ""stock_sma"": 250, ""weighting"": ""equal"", ""regime_ma"": 200, ""idx_dd_exit"": 0.1, ""idx_dd_window"": 42, ""breadth_lo"": 0.2, ""breadth_hi"": 0.65, ""vol_target"": 0.25, ""vol_lambda"": 0.92, ""eq_brake_ma"": 100, ""eq_brake_scalar"": 0.3, ""crash_stop"": 0.0, ""use_breadth"": false}"
0.3145990486736758,-0.2803250448252703,1.910216006786324,0.1185170293918922,-0.228280477950048,0.8189402169531413,0.2792228343446203,-0.2803250448252703,0.5594386326223636,4.327359623371523,rand0124,"{""n_stocks"": 30, ""buffer_mult"": 3.0, ""mom_lookbacks"": [63, 126], ""mom_skip"": 10, ""sigma_window"": 126, ""top_turnover"": 500, ""stock_sma"": 150, ""weighting"": ""invvol"", ""regime_ma"": 200, ""idx_dd_exit"": 0.08, ""idx_dd_window"": 63, ""breadth_lo"": 0.2, ""breadth_hi"": 0.6, ""vol_target"": 0.0, ""vol_lambda"": 0.97, ""eq_brake_ma"": 200, ""eq_brake_scalar"": 0.7, ""crash_stop"": 0.35, ""use_breadth"": true}"
0.2945792066445045,-0.3701772275465214,1.7894619797759674,0.2363015593363091,-0.2112758981947738,1.4757829577841175,0.2855440001794747,-0.3701772275465214,0.6039393188044465,5.483555678698144,rand0128,"{""n_stocks"": 30, ""buffer_mult"": 1.5, ""mom_lookbacks"": [63, 126, 252], ""mom_skip"": 21, ""sigma_window"": 252, ""top_turnover"": 800, ""stock_sma"": 250, ""weighting"": ""invvol"", ""regime_ma"": 200, ""idx_dd_exit"": 0.08, ""idx_dd_window"": 63, ""breadth_lo"": 0.2, ""breadth_hi"": 0.6, ""vol_target"": 0.3, ""vol_lambda"": 0.92, ""eq_brake_ma"": 200, ""eq_brake_scalar"": 0.7, ""crash_stop"": 0.25, ""use_breadth"": false}"
0.287401534425292,-0.2987317156337511,1.4576933024283838,0.1955144429236277,-0.2234236687072539,1.0594068777308443,0.2710644830496584,-0.2987317156337511,0.5978508640949015,3.75938902864428,rand0132,"{""n_stocks"": 15, ""buffer_mult"": 3.0, ""mom_lookbacks"": [63, 126], ""mom_skip"": 10, ""sigma_window"": 252, ""top_turnover"": 200, ""stock_sma"": 200, ""weighting"": ""equal"", ""regime_ma"": 150, ""idx_dd_exit"": 0.0, ""idx_dd_window"": 63, ""breadth_lo"": 0.3, ""breadth_hi"": 0.6, ""vol_target"": 0.3, ""vol_lambda"": 0.97, ""eq_brake_ma"": 0, ""eq_brake_scalar"": 0.7, ""crash_stop"": 0.0, ""use_breadth"": true}"
0.3631389588226874,-0.3299168074932348,1.777521963995652,0.1530619910820656,-0.2271670932371851,0.8604365803053511,0.3245981019018011,-0.3299168074932348,0.5870176061702481,4.29595429375518,rand0136,"{""n_stocks"": 10, ""buffer_mult"": 2.0, ""mom_lookbacks"": [126, 252], ""mom_skip"": 0, ""sigma_window"": 63, ""top_turnover"": 300, ""stock_sma"": 150, ""weighting"": ""invvol"", ""regime_ma"": 200, ""idx_dd_exit"": 0.12, ""idx_dd_window"": 63, ""breadth_lo"": 0.25, ""breadth_hi"": 0.45, ""vol_target"": 0.0, ""vol_lambda"": 0.9, ""eq_brake_ma"": 150, ""eq_brake_scalar"": 0.5, ""crash_stop"": 0.25, ""use_breadth"": false}"
0.2649166704858388,-0.3216677009281383,1.6369029190925093,0.0750595049199598,-0.2220472565146248,0.5955919637401488,0.229724402687083,-0.3216677009281383,0.5330180899253008,5.3335467684713,rand0140,"{""n_stocks"": 20, ""buffer_mult"": 2.0, ""mom_lookbacks"": [63, 126], ""mom_skip"": 10, ""sigma_window"": 126, ""top_turnover"": 300, ""stock_sma"": 150, ""weighting"": ""invvol"", ""regime_ma"": 250, ""idx_dd_exit"": 0.08, ""idx_dd_window"": 63, ""breadth_lo"": 0.25, ""breadth_hi"": 0.55, ""vol_target"": 0.25, ""vol_lambda"": 0.92, ""eq_brake_ma"": 150, ""eq_brake_scalar"": 0.5, ""crash_stop"": 0.25, ""use_breadth"": false}"
0.2134547558216897,-0.3079320582126555,1.4484581997437194,0.1063118039577497,-0.129174615354538,0.8006186186068744,0.194416638760251,-0.3079320582126555,0.5263615143809103,3.4096919718035767,rand0144,"{""n_stocks"": 30, ""buffer_mult"": 1.5, ""mom_lookbacks"": [252], ""mom_skip"": 0, ""sigma_window"": 126, ""top_turnover"": 150, ""stock_sma"": 200, ""weighting"": ""invvol"", ""regime_ma"": 150, ""idx_dd_exit"": 0.0, ""idx_dd_window"": 126, ""breadth_lo"": 0.2, ""breadth_hi"": 0.55, ""vol_target"": 0.22, ""vol_lambda"": 0.94, ""eq_brake_ma"": 200, ""eq_brake_scalar"": 0.3, ""crash_stop"": 0.35, ""use_breadth"": false}"
0.2672653125716959,-0.2232464571697725,1.6859230076282008,0.1206744209359957,-0.2181704926754556,0.9071242643265623,0.2406315884578824,-0.2232464571697725,0.52815372010625,3.563622543465518,rand0148,"{""n_stocks"": 25, ""buffer_mult"": 3.0, ""mom_lookbacks"": [126], ""mom_skip"": 0, ""sigma_window"": 126, ""top_turnover"": 300, ""stock_sma"": 250, ""weighting"": ""equal"", ""regime_ma"": 250, ""idx_dd_exit"": 0.15, ""idx_dd_window"": 126, ""breadth_lo"": 0.15, ""breadth_hi"": 0.5, ""vol_target"": 0.22, ""vol_lambda"": 0.9, ""eq_brake_ma"": 100, ""eq_brake_scalar"": 0.5, ""crash_stop"": 0.0, ""use_breadth"": true}"
0.2049377365366627,-0.2503266006602496,1.4604437929834166,0.1894659595388068,-0.1403865950392725,1.2719355084419093,0.2025328568918623,-0.2503266006602496,0.4805420733290099,4.811345999609402,rand0152,"{""n_stocks"": 25, ""buffer_mult"": 1.0, ""mom_lookbacks"": [189], ""mom_skip"": 42, ""sigma_window"": 252, ""top_turnover"": 200, ""stock_sma"": 250, ""weighting"": ""equal"", ""regime_ma"": 200, ""idx_dd_exit"": 0.1, ""idx_dd_window"": 42, ""breadth_lo"": 0.3, ""breadth_hi"": 0.55, ""vol_target"": 0.22, ""vol_lambda"": 0.9, ""eq_brake_ma"": 200, ""eq_brake_scalar"": 0.3, ""crash_stop"": 0.2, ""use_breadth"": true}"
0.3179423754065376,-0.383143366230211,1.905962982817413,0.1830451199585876,-0.2530149875548864,1.1046109886461968,0.2937780247837738,-0.383143366230211,0.6592393372057026,4.113619482002121,rand0156,"{""n_stocks"": 25, ""buffer_mult"": 3.0, ""mom_lookbacks"": [126, 252], ""mom_skip"": 42, ""sigma_window"": 63, ""top_turnover"": 500, ""stock_sma"": 200, ""weighting"": ""invvol"", ""regime_ma"": 250, ""idx_dd_exit"": 0.1, ""idx_dd_window"": 126, ""breadth_lo"": 0.2, ""breadth_hi"": 0.65, ""vol_target"": 0.25, ""vol_lambda"": 0.94, ""eq_brake_ma"": 0, ""eq_brake_scalar"": 0.3, ""crash_stop"": 0.0, ""use_breadth"": false}"
0.2477031200143076,-0.2540237275718244,1.5146608978876237,0.1184603220160678,-0.2025760461954706,0.8335661034157286,0.2247375279698968,-0.2540237275718244,0.5514329596502991,5.0687987479636165,rand0160,"{""n_stocks"": 25, ""buffer_mult"": 1.5, ""mom_lookbacks"": [63, 126], ""mom_skip"": 21, ""sigma_window"": 252, ""top_turnover"": 200, ""stock_sma"": 150, ""weighting"": ""invvol"", ""regime_ma"": 300, ""idx_dd_exit"": 0.08, ""idx_dd_window"": 42, ""breadth_lo"": 0.15, ""breadth_hi"": 0.5, ""vol_target"": 0.0, ""vol_lambda"": 0.97, ""eq_brake_ma"": 150, ""eq_brake_scalar"": 0.5, ""crash_stop"": 0.25, ""use_breadth"": true}"
0.2953137280462032,-0.3081302789567078,1.6962290364205956,0.1299920543761166,-0.1914425297813985,0.8394267509300023,0.2655752897655461,-0.3081302789567078,0.5575123110883627,4.75509750989837,rand0164,"{""n_stocks"": 25, ""buffer_mult"": 2.0, ""mom_lookbacks"": [63, 126], ""mom_skip"": 0, ""sigma_window"": 126, ""top_turnover"": 500, ""stock_sma"": 150, ""weighting"": ""equal"", ""regime_ma"": 200, ""idx_dd_exit"": 0.0, ""idx_dd_window"": 63, ""breadth_lo"": 0.15, ""breadth_hi"": 0.6, ""vol_target"": 0.3, ""vol_lambda"": 0.9, ""eq_brake_ma"": 150, ""eq_brake_scalar"": 0.7, ""crash_stop"": 0.2, ""use_breadth"": true}"
0.342131116080842,-0.3301104559225812,1.6178899375574352,0.1377284735311705,-0.2513303531883935,0.7428736630869882,0.3043888397900696,-0.3301104559225812,0.6305891858179982,5.082549503042567,rand0168,"{""n_stocks"": 10, ""buffer_mult"": 2.0, ""mom_lookbacks"": [63, 126, 252], ""mom_skip"": 0, ""sigma_window"": 63, ""top_turnover"": 200, ""stock_sma"": 100, ""weighting"": ""invvol"", ""regime_ma"": 150, ""idx_dd_exit"": 0.12, ""idx_dd_window"": 63, ""breadth_lo"": 0.25, ""breadth_hi"": 0.55, ""vol_target"": 0.0, ""vol_lambda"": 0.97, ""eq_brake_ma"": 0, ""eq_brake_scalar"": 0.5, ""crash_stop"": 0.2, ""use_breadth"": false}"
0.2992742527413756,-0.2940849077707158,1.78237037144236,0.1522350232613298,-0.1601268182330469,0.9351739076288004,0.2731714439718464,-0.2940849077707158,0.5588610118588472,4.854126137688165,rand0172,"{""n_stocks"": 20, ""buffer_mult"": 2.0, ""mom_lookbacks"": [126, 252], ""mom_skip"": 0, ""sigma_window"": 63, ""top_turnover"": 200, ""stock_sma"": 100, ""weighting"": ""equal"", ""regime_ma"": 150, ""idx_dd_exit"": 0.08, ""idx_dd_window"": 63, ""breadth_lo"": 0.3, ""breadth_hi"": 0.55, ""vol_target"": 0.25, ""vol_lambda"": 0.9, ""eq_brake_ma"": 300, ""eq_brake_scalar"": 0.5, ""crash_stop"": 0.2, ""use_breadth"": false}"
0.2705866947146091,-0.1958339637601542,1.9905909271745683,0.1213987545514712,-0.1490345544766741,0.9224103822446172,0.2439322382327848,-0.1958339637601542,0.4828804678697495,4.054388277286188,rand0176,"{""n_stocks"": 30, ""buffer_mult"": 3.0, ""mom_lookbacks"": [63, 126], ""mom_skip"": 0, ""sigma_window"": 126, ""top_turnover"": 500, ""stock_sma"": 150, ""weighting"": ""invvol"", ""regime_ma"": 200, ""idx_dd_exit"": 0.08, ""idx_dd_window"": 63, ""breadth_lo"": 0.25, ""breadth_hi"": 0.6, ""vol_target"": 0.18, ""vol_lambda"": 0.9, ""eq_brake_ma"": 300, ""eq_brake_scalar"": 0.7, ""crash_stop"": 0.35, ""use_breadth"": true}"
0.2592648566297681,-0.3747316325247993,1.449600873705959,0.1862320408770967,-0.2792808222769677,1.1449120938591744,0.2467201640730081,-0.3747316325247993,0.6312560861151163,4.663425872373076,rand0180,"{""n_stocks"": 25, ""buffer_mult"": 1.5, ""mom_lookbacks"": [126], ""mom_skip"": 10, ""sigma_window"": 126, ""top_turnover"": 800, ""stock_sma"": 200, ""weighting"": ""equal"", ""regime_ma"": 300, ""idx_dd_exit"": 0.0, ""idx_dd_window"": 42, ""breadth_lo"": 0.15, ""breadth_hi"": 0.5, ""vol_target"": 0.3, ""vol_lambda"": 0.92, ""eq_brake_ma"": 0, ""eq_brake_scalar"": 0.7, ""crash_stop"": 0.3, ""use_breadth"": true}"
0.220444993330604,-0.3928010156477733,1.2495383184064384,0.1210760760924949,-0.2255608918507309,0.798547860872646,0.2029025137648159,-0.3928010156477733,0.5897839266297212,4.240338158917248,rand0184,"{""n_stocks"": 30, ""buffer_mult"": 1.0, ""mom_lookbacks"": [189], ""mom_skip"": 21, ""sigma_window"": 126, ""top_turnover"": 150, ""stock_sma"": 200, ""weighting"": ""equal"", ""regime_ma"": 200, ""idx_dd_exit"": 0.0, ""idx_dd_window"": 63, ""breadth_lo"": 0.25, ""breadth_hi"": 0.45, ""vol_target"": 0.0, ""vol_lambda"": 0.9, ""eq_brake_ma"": 200, ""eq_brake_scalar"": 0.5, ""crash_stop"": 0.3, ""use_breadth"": true}"
0.2766339812589606,-0.2267575938265564,1.772383412385729,0.1361145031413586,-0.1551453448480022,0.9997363628542748,0.2512920167026993,-0.2267575938265564,0.5393904128035687,3.056564627712872,rand0188,"{""n_stocks"": 30, ""buffer_mult"": 3.0, ""mom_lookbacks"": [126, 252], ""mom_skip"": 0, ""sigma_window"": 63, ""top_turnover"": 200, ""stock_sma"": 150, ""weighting"": ""invvol"", ""regime_ma"": 150, ""idx_dd_exit"": 0.12, ""idx_dd_window"": 42, ""breadth_lo"": 0.25, ""breadth_hi"": 0.6, ""vol_target"": 0.25, ""vol_lambda"": 0.97, ""eq_brake_ma"": 150, ""eq_brake_scalar"": 0.3, ""crash_stop"": 0.35, ""use_breadth"": false}"
0.2963446372335112,-0.301279793168047,1.614513577539559,0.104853537268212,-0.1938158438258553,0.6888571432054423,0.2610977377902916,-0.301279793168047,0.5420133904532564,4.245050623741311,rand0192,"{""n_stocks"": 10, ""buffer_mult"": 3.0, ""mom_lookbacks"": [126], ""mom_skip"": 42, ""sigma_window"": 252, ""top_turnover"": 300, ""stock_sma"": 200, ""weighting"": ""invvol"", ""regime_ma"": 150, ""idx_dd_exit"": 0.15, ""idx_dd_window"": 126, ""breadth_lo"": 0.3, ""breadth_hi"": 0.45, ""vol_target"": 0.25, ""vol_lambda"": 0.92, ""eq_brake_ma"": 100, ""eq_brake_scalar"": 0.7, ""crash_stop"": 0.35, ""use_breadth"": true}"
0.2649730399573471,-0.3539187198925669,1.4181859940757162,0.0905866064465412,-0.3418597600677908,0.5257770700319467,0.2325745125887903,-0.3539187198925669,0.599072021924925,4.804594715531739,rand0196,"{""n_stocks"": 12, ""buffer_mult"": 1.5, ""mom_lookbacks"": [126, 252], ""mom_skip"": 0, ""sigma_window"": 63, ""top_turnover"": 150, ""stock_sma"": 250, ""weighting"": ""equal"", ""regime_ma"": 250, ""idx_dd_exit"": 0.08, ""idx_dd_window"": 63, ""breadth_lo"": 0.25, ""breadth_hi"": 0.6, ""vol_target"": 0.3, ""vol_lambda"": 0.97, ""eq_brake_ma"": 0, ""eq_brake_scalar"": 0.7, ""crash_stop"": 0.0, ""use_breadth"": true}"
0.261731440782017,-0.5199115782307251,1.342807724204476,0.1559136695110445,-0.2573921707063669,0.8493349344121368,0.242847485377182,-0.5199115782307251,0.611231612038837,4.739908277940812,rand0043,"{""n_stocks"": 10, ""buffer_mult"": 1.5, ""mom_lookbacks"": [252], ""mom_skip"": 21, ""sigma_window"": 126, ""top_turnover"": 150, ""stock_sma"": 250, ""weighting"": ""invvol"", ""regime_ma"": 300, ""idx_dd_exit"": 0.1, ""idx_dd_window"": 126, ""breadth_lo"": 0.3, ""breadth_hi"": 0.6, ""vol_target"": 0.0, ""vol_lambda"": 0.9, ""eq_brake_ma"": 200, ""eq_brake_scalar"": 0.7, ""crash_stop"": 0.25, ""use_breadth"": false}"
0.278620042350084,-0.3433895351110203,1.7788177651640662,0.3412261530952107,-0.1668803958391134,2.1147927014809813,0.2896009747851096,-0.3433895351110203,0.493766384611029,4.838702968053769,rand0047,"{""n_stocks"": 10, ""buffer_mult"": 1.5, ""mom_lookbacks"": [189], ""mom_skip"": 10, ""sigma_window"": 126, ""top_turnover"": 800, ""stock_sma"": 100, ""weighting"": ""invvol"", ""regime_ma"": 150, ""idx_dd_exit"": 0.08, ""idx_dd_window"": 42, ""breadth_lo"": 0.3, ""breadth_hi"": 0.45, ""vol_target"": 0.18, ""vol_lambda"": 0.97, ""eq_brake_ma"": 150, ""eq_brake_scalar"": 0.7, ""crash_stop"": 0.25, ""use_breadth"": false}"
0.3200729771972121,-0.3027760452286598,1.8548370716569704,0.2776686217915092,-0.2966577726983956,1.589727528354345,0.3133313131235866,-0.3027760452286598,0.5954287182292861,3.475358100112679,rand0051,"{""n_stocks"": 15, ""buffer_mult"": 3.0, ""mom_lookbacks"": [189], ""mom_skip"": 0, ""sigma_window"": 126, ""top_turnover"": 800, ""stock_sma"": 250, ""weighting"": ""invvol"", ""regime_ma"": 300, ""idx_dd_exit"": 0.15, ""idx_dd_window"": 42, ""breadth_lo"": 0.15, ""breadth_hi"": 0.5, ""vol_target"": 0.22, ""vol_lambda"": 0.92, ""eq_brake_ma"": 0, ""eq_brake_scalar"": 0.5, ""crash_stop"": 0.0, ""use_breadth"": true}"
0.2118563803012203,-0.2835016239465148,1.6741443333012846,0.1222337157911108,-0.1763069246228193,1.0132945255998629,0.1959886385790779,-0.2835016239465148,0.4947249629724001,4.0694988122249125,rand0055,"{""n_stocks"": 30, ""buffer_mult"": 2.0, ""mom_lookbacks"": [63, 126, 252], ""mom_skip"": 42, ""sigma_window"": 126, ""top_turnover"": 150, ""stock_sma"": 100, ""weighting"": ""invvol"", ""regime_ma"": 250, ""idx_dd_exit"": 0.08, ""idx_dd_window"": 126, ""breadth_lo"": 0.25, ""breadth_hi"": 0.5, ""vol_target"": 0.18, ""vol_lambda"": 0.94, ""eq_brake_ma"": 100, ""eq_brake_scalar"": 0.7, ""crash_stop"": 0.0, ""use_breadth"": true}"
0.3023165432336026,-0.385431418936719,1.636679111955104,0.1128888346212766,-0.4348889367977668,0.73702678644436,0.2677064516199108,-0.4348889367977668,0.5597685945277704,5.4595008063314845,rand0059,"{""n_stocks"": 10, ""buffer_mult"": 1.5, ""mom_lookbacks"": [63, 126, 252], ""mom_skip"": 0, ""sigma_window"": 126, ""top_turnover"": 500, ""stock_sma"": 100, ""weighting"": ""equal"", ""regime_ma"": 200, ""idx_dd_exit"": 0.15, ""idx_dd_window"": 42, ""breadth_lo"": 0.3, ""breadth_hi"": 0.6, ""vol_target"": 0.22, ""vol_lambda"": 0.97, ""eq_brake_ma"": 300, ""eq_brake_scalar"": 0.7, ""crash_stop"": 0.2, ""use_breadth"": false}"
0.1993266001300218,-0.3660094815623977,1.0619610199869929,0.1413991006671509,-0.2137787414822793,0.8232717522949945,0.1891838198676059,-0.3660094815623977,0.5588261677923129,3.917770653354368,rand0063,"{""n_stocks"": 12, ""buffer_mult"": 3.0, ""mom_lookbacks"": [126], ""mom_skip"": 0, ""sigma_window"": 252, ""top_turnover"": 150, ""stock_sma"": 250, ""weighting"": ""invvol"", ""regime_ma"": 250, ""idx_dd_exit"": 0.15, ""idx_dd_window"": 126, ""breadth_lo"": 0.15, ""breadth_hi"": 0.6, ""vol_target"": 0.3, ""vol_lambda"": 0.92, ""eq_brake_ma"": 300, ""eq_brake_scalar"": 0.3, ""crash_stop"": 0.35, ""use_breadth"": false}"
0.2499377666013755,-0.3866078683404716,1.451097342676862,0.1436573702185346,-0.2293455825567745,0.8945257937682998,0.2313719256005282,-0.3866078683404716,0.6621914176824626,6.403145075169829,rand0067,"{""n_stocks"": 30, ""buffer_mult"": 1.0, ""mom_lookbacks"": [63, 126], ""mom_skip"": 21, ""sigma_window"": 252, ""top_turnover"": 500, ""stock_sma"": 100, ""weighting"": ""invvol"", ""regime_ma"": 250, ""idx_dd_exit"": 0.1, ""idx_dd_window"": 42, ""breadth_lo"": 0.2, ""breadth_hi"": 0.5, ""vol_target"": 0.25, ""vol_lambda"": 0.92, ""eq_brake_ma"": 0, ""eq_brake_scalar"": 0.5, ""crash_stop"": 0.35, ""use_breadth"": false}"
0.2965894387855277,-0.3112606514778258,1.7367669920691255,0.0659503880237679,-0.3379584637485319,0.5227572199877215,0.2533575625975364,-0.3379584637485318,0.5206091844109842,4.6785370640784,rand0071,"{""n_stocks"": 10, ""buffer_mult"": 2.0, ""mom_lookbacks"": [189], ""mom_skip"": 42, ""sigma_window"": 252, ""top_turnover"": 300, ""stock_sma"": 100, ""weighting"": ""equal"", ""regime_ma"": 300, ""idx_dd_exit"": 0.15, ""idx_dd_window"": 42, ""breadth_lo"": 0.15, ""breadth_hi"": 0.5, ""vol_target"": 0.22, ""vol_lambda"": 0.92, ""eq_brake_ma"": 100, ""eq_brake_scalar"": 0.5, ""crash_stop"": 0.25, ""use_breadth"": false}"
0.369681634061928,-0.2394088565643314,2.083305124368189,0.2316623057319653,-0.2175962853517351,1.542047238723409,0.3447468681817816,-0.2394088565643314,0.4789383193025694,3.5811041329073703,rand0075,"{""n_stocks"": 10, ""buffer_mult"": 1.5, ""mom_lookbacks"": [252], ""mom_skip"": 10, ""sigma_window"": 63, ""top_turnover"": 800, ""stock_sma"": 150, ""weighting"": ""equal"", ""regime_ma"": 200, ""idx_dd_exit"": 0.12, ""idx_dd_window"": 63, ""breadth_lo"": 0.3, ""breadth_hi"": 0.65, ""vol_target"": 0.3, ""vol_lambda"": 0.94, ""eq_brake_ma"": 150, ""eq_brake_scalar"": 0.3, ""crash_stop"": 0.3, ""use_breadth"": true}"
0.2377889485405275,-0.208320948167376,1.677518489153807,0.1032337151901925,-0.1797132547721688,0.7652632042833263,0.213783879076471,-0.208320948167376,0.4642267995348458,5.031655456661557,rand0079,"{""n_stocks"": 15, ""buffer_mult"": 1.0, ""mom_lookbacks"": [126], ""mom_skip"": 10, ""sigma_window"": 126, ""top_turnover"": 300, ""stock_sma"": 250, ""weighting"": ""equal"", ""regime_ma"": 150, ""idx_dd_exit"": 0.1, ""idx_dd_window"": 126, ""breadth_lo"": 0.3, ""breadth_hi"": 0.55, ""vol_target"": 0.18, ""vol_lambda"": 0.9, ""eq_brake_ma"": 200, ""eq_brake_scalar"": 0.7, ""crash_stop"": 0.25, ""use_breadth"": true}"
0.3681090556069453,-0.2447314591877941,2.210881099384123,0.3409573248064976,-0.1853570996095076,2.133429623356195,0.3643414033615011,-0.2447314591877941,0.5494372060913965,5.578193489263318,rand0083,"{""n_stocks"": 15, ""buffer_mult"": 1.0, ""mom_lookbacks"": [126, 252], ""mom_skip"": 21, ""sigma_window"": 126, ""top_turnover"": 800, ""stock_sma"": 150, ""weighting"": ""invvol"", ""regime_ma"": 150, ""idx_dd_exit"": 0.08, ""idx_dd_window"": 63, ""breadth_lo"": 0.25, ""breadth_hi"": 0.45, ""vol_target"": 0.25, ""vol_lambda"": 0.9, ""eq_brake_ma"": 200, ""eq_brake_scalar"": 0.7, ""crash_stop"": 0.25, ""use_breadth"": true}"
0.2952881350342329,-0.2338580615281705,1.9056310567848285,0.1794877226987534,-0.1567706594750318,1.3162382113145634,0.2746598391279651,-0.2338580615281705,0.5265612124925928,5.362006206301137,rand0087,"{""n_stocks"": 25, ""buffer_mult"": 1.0, ""mom_lookbacks"": [63, 126], ""mom_skip"": 42, ""sigma_window"": 63, ""top_turnover"": 500, ""stock_sma"": 200, ""weighting"": ""invvol"", ""regime_ma"": 150, ""idx_dd_exit"": 0.1, ""idx_dd_window"": 42, ""breadth_lo"": 0.25, ""breadth_hi"": 0.5, ""vol_target"": 0.0, ""vol_lambda"": 0.94, ""eq_brake_ma"": 100, ""eq_brake_scalar"": 0.3, ""crash_stop"": 0.25, ""use_breadth"": false}"
0.2833813732376917,-0.445008797083387,1.5227139104722909,0.2152861686498182,-0.2912742335910984,1.1586663194590203,0.2714841282786218,-0.445008797083387,0.6458224356826207,3.915679227450994,rand0091,"{""n_stocks"": 12, ""buffer_mult"": 3.0, ""mom_lookbacks"": [252], ""mom_skip"": 42, ""sigma_window"": 63, ""top_turnover"": 300, ""stock_sma"": 250, ""weighting"": ""invvol"", ""regime_ma"": 150, ""idx_dd_exit"": 0.0, ""idx_dd_window"": 126, ""breadth_lo"": 0.3, ""breadth_hi"": 0.55, ""vol_target"": 0.3, ""vol_lambda"": 0.92, ""eq_brake_ma"": 0, ""eq_brake_scalar"": 0.3, ""crash_stop"": 0.35, ""use_breadth"": false}"
0.228726659249963,-0.3475734561845905,1.2809120294229528,0.1169220448937919,-0.2041794214499482,0.7483008275343165,0.2087726953654636,-0.3475734561845905,0.5811756380910456,3.6782339498499073,rand0095,"{""n_stocks"": 25, ""buffer_mult"": 1.5, ""mom_lookbacks"": [63, 126, 252], ""mom_skip"": 10, ""sigma_window"": 63, ""top_turnover"": 200, ""stock_sma"": 250, ""weighting"": ""equal"", ""regime_ma"": 250, ""idx_dd_exit"": 0.15, ""idx_dd_window"": 126, ""breadth_lo"": 0.25, ""breadth_hi"": 0.6, ""vol_target"": 0.3, ""vol_lambda"": 0.92, ""eq_brake_ma"": 300, ""eq_brake_scalar"": 0.3, ""crash_stop"": 0.0, ""use_breadth"": false}"
0.2379827642735463,-0.5169020825681645,1.3957284201668665,0.1525197077090117,-0.253129228185294,1.0296224901057849,0.2231662931477263,-0.5169020825681645,0.613500344760864,4.349293136733505,rand0099,"{""n_stocks"": 20, ""buffer_mult"": 2.0, ""mom_lookbacks"": [189], ""mom_skip"": 21, ""sigma_window"": 126, ""top_turnover"": 200, ""stock_sma"": 250, ""weighting"": ""invvol"", ""regime_ma"": 300, ""idx_dd_exit"": 0.0, ""idx_dd_window"": 126, ""breadth_lo"": 0.15, ""breadth_hi"": 0.5, ""vol_target"": 0.25, ""vol_lambda"": 0.97, ""eq_brake_ma"": 200, ""eq_brake_scalar"": 0.5, ""crash_stop"": 0.2, ""use_breadth"": false}"
0.3335693651456686,-0.3921550548748218,1.850725524450868,0.1926178075827915,-0.1921550228271074,1.151235849194008,0.3083893174403871,-0.3921550548748218,0.6488767713351926,4.60171039391705,rand0103,"{""n_stocks"": 20, ""buffer_mult"": 1.5, ""mom_lookbacks"": [252], ""mom_skip"": 21, ""sigma_window"": 126, ""top_turnover"": 300, ""stock_sma"": 100, ""weighting"": ""invvol"", ""regime_ma"": 150, ""idx_dd_exit"": 0.15, ""idx_dd_window"": 126, ""breadth_lo"": 0.2, ""breadth_hi"": 0.55, ""vol_target"": 0.3, ""vol_lambda"": 0.94, ""eq_brake_ma"": 0, ""eq_brake_scalar"": 0.5, ""crash_stop"": 0.35, ""use_breadth"": false}"
0.2603492479473057,-0.3471124865739846,1.4495866048964472,0.0670543720302019,-0.3940743718366407,0.4251436869556414,0.2240883627282743,-0.3940743718366409,0.5945153082102796,5.599016782913554,rand0107,"{""n_stocks"": 12, ""buffer_mult"": 1.5, ""mom_lookbacks"": [63, 126, 252], ""mom_skip"": 0, ""sigma_window"": 63, ""top_turnover"": 150, ""stock_sma"": 250, ""weighting"": ""invvol"", ""regime_ma"": 300, ""idx_dd_exit"": 0.08, ""idx_dd_window"": 63, ""breadth_lo"": 0.2, ""breadth_hi"": 0.6, ""vol_target"": 0.3, ""vol_lambda"": 0.97, ""eq_brake_ma"": 0, ""eq_brake_scalar"": 0.7, ""crash_stop"": 0.2, ""use_breadth"": true}"
0.2027023068456321,-0.2410245164736077,1.3946845257050893,0.1222324442184361,-0.1560964799844361,0.9727112836858068,0.1883085733159695,-0.2410245164736077,0.4322648170548923,4.660220193917691,rand0111,"{""n_stocks"": 12, ""buffer_mult"": 1.0, ""mom_lookbacks"": [189], ""mom_skip"": 10, ""sigma_window"": 252, ""top_turnover"": 200, ""stock_sma"": 100, ""weighting"": ""equal"", ""regime_ma"": 300, ""idx_dd_exit"": 0.1, ""idx_dd_window"": 126, ""breadth_lo"": 0.3, ""breadth_hi"": 0.45, ""vol_target"": 0.18, ""vol_lambda"": 0.9, ""eq_brake_ma"": 300, ""eq_brake_scalar"": 0.3, ""crash_stop"": 0.3, ""use_breadth"": false}"
0.2867018797899761,-0.394987023585358,1.6203385721254615,0.1562856936351857,-0.318021180738772,0.9290331188091,0.2631216125161781,-0.394987023585358,0.6380593813996466,5.176915570488983,rand0115,"{""n_stocks"": 12, ""buffer_mult"": 1.0, ""mom_lookbacks"": [252], ""mom_skip"": 42, ""sigma_window"": 63, ""top_turnover"": 500, ""stock_sma"": 200, ""weighting"": ""invvol"", ""regime_ma"": 250, ""idx_dd_exit"": 0.15, ""idx_dd_window"": 126, ""breadth_lo"": 0.15, ""breadth_hi"": 0.55, ""vol_target"": 0.22, ""vol_lambda"": 0.92, ""eq_brake_ma"": 0, ""eq_brake_scalar"": 0.7, ""crash_stop"": 0.0, ""use_breadth"": false}"
0.2344839482298648,-0.2500670222063582,1.4733523819597338,0.1028249982546232,-0.183773546674905,0.7658739596782324,0.2108474536409557,-0.2500670222063582,0.5373352990011051,3.9806672209266782,rand0119,"{""n_stocks"": 20, ""buffer_mult"": 2.0, ""mom_lookbacks"": [63, 126, 252], ""mom_skip"": 10, ""sigma_window"": 252, ""top_turnover"": 150, ""stock_sma"": 100, ""weighting"": ""invvol"", ""regime_ma"": 250, ""idx_dd_exit"": 0.0, ""idx_dd_window"": 126, ""breadth_lo"": 0.15, ""breadth_hi"": 0.45, ""vol_target"": 0.25, ""vol_lambda"": 0.9, ""eq_brake_ma"": 150, ""eq_brake_scalar"": 0.5, ""crash_stop"": 0.2, ""use_breadth"": true}"
0.3143097235655052,-0.4081589680252344,1.8337182450661096,0.3388538824811571,-0.2052033153719769,2.03221126534925,0.3193386421074597,-0.4081589680252344,0.6751385707540559,4.602106544415765,rand0123,"{""n_stocks"": 25, ""buffer_mult"": 2.0, ""mom_lookbacks"": [126, 252], ""mom_skip"": 21, ""sigma_window"": 63, ""top_turnover"": 800, ""stock_sma"": 150, ""weighting"": ""invvol"", ""regime_ma"": 250, ""idx_dd_exit"": 0.1, ""idx_dd_window"": 42, ""breadth_lo"": 0.2, ""breadth_hi"": 0.6, ""vol_target"": 0.3, ""vol_lambda"": 0.97, ""eq_brake_ma"": 0, ""eq_brake_scalar"": 0.5, ""crash_stop"": 0.3, ""use_breadth"": false}"
0.234925341225032,-0.222960790832173,1.6650137444744018,0.1079157613058143,-0.2198201354364125,0.8722250546490903,0.2120262989071273,-0.222960790832173,0.4697727288549868,3.250654716821651,rand0127,"{""n_stocks"": 15, ""buffer_mult"": 3.0, ""mom_lookbacks"": [63, 126], ""mom_skip"": 21, ""sigma_window"": 126, ""top_turnover"": 300, ""stock_sma"": 200, ""weighting"": ""invvol"", ""regime_ma"": 300, ""idx_dd_exit"": 0.0, ""idx_dd_window"": 126, ""breadth_lo"": 0.3, ""breadth_hi"": 0.55, ""vol_target"": 0.18, ""vol_lambda"": 0.94, ""eq_brake_ma"": 150, ""eq_brake_scalar"": 0.5, ""crash_stop"": 0.0, ""use_breadth"": true}"
0.2486156681893967,-0.2652264544232362,1.8228200503229264,0.2129133080285408,-0.1308101597091903,1.532421360690819,0.242329688248071,-0.2652264544232362,0.4229764358330658,3.766613599416539,rand0131,"{""n_stocks"": 10, ""buffer_mult"": 2.0, ""mom_lookbacks"": [126], ""mom_skip"": 21, ""sigma_window"": 63, ""top_turnover"": 800, ""stock_sma"": 250, ""weighting"": ""equal"", ""regime_ma"": 150, ""idx_dd_exit"": 0.0, ""idx_dd_window"": 126, ""breadth_lo"": 0.2, ""breadth_hi"": 0.5, ""vol_target"": 0.18, ""vol_lambda"": 0.94, ""eq_brake_ma"": 150, ""eq_brake_scalar"": 0.5, ""crash_stop"": 0.3, ""use_breadth"": true}"
0.2598860483482088,-0.259674040754114,1.529778824577121,0.122953911216562,-0.1518992870247155,0.9448561951694152,0.2349644895497411,-0.259674040754114,0.4717097691723483,4.915419062327879,rand0135,"{""n_stocks"": 10, ""buffer_mult"": 1.0, ""mom_lookbacks"": [63, 126], ""mom_skip"": 10, ""sigma_window"": 63, ""top_turnover"": 300, ""stock_sma"": 250, ""weighting"": ""invvol"", ""regime_ma"": 150, ""idx_dd_exit"": 0.1, ""idx_dd_window"": 63, ""breadth_lo"": 0.3, ""breadth_hi"": 0.5, ""vol_target"": 0.22, ""vol_lambda"": 0.97, ""eq_brake_ma"": 200, ""eq_brake_scalar"": 0.3, ""crash_stop"": 0.35, ""use_breadth"": false}"
0.2846891926656929,-0.2930090385458695,1.5420779099749664,0.1111772004966642,-0.2238654486416663,0.696033900419008,0.2532467831255431,-0.2930090385458695,0.6272123382155358,4.690978025064155,rand0139,"{""n_stocks"": 20, ""buffer_mult"": 2.0, ""mom_lookbacks"": [63, 126], ""mom_skip"": 0, ""sigma_window"": 126, ""top_turnover"": 300, ""stock_sma"": 150, ""weighting"": ""invvol"", ""regime_ma"": 200, ""idx_dd_exit"": 0.12, ""idx_dd_window"": 42, ""breadth_lo"": 0.2, ""breadth_hi"": 0.55, ""vol_target"": 0.0, ""vol_lambda"": 0.97, ""eq_brake_ma"": 150, ""eq_brake_scalar"": 0.7, ""crash_stop"": 0.3, ""use_breadth"": false}"
0.31453898990712,-0.4023849668467473,1.5791115326738288,0.0627795412691558,-0.327969541162268,0.4664865020384262,0.2672260491630021,-0.4023849668467473,0.5770016224780201,4.099186142956919,rand0143,"{""n_stocks"": 12, ""buffer_mult"": 2.0, ""mom_lookbacks"": [126, 252], ""mom_skip"": 0, ""sigma_window"": 252, ""top_turnover"": 500, ""stock_sma"": 200, ""weighting"": ""invvol"", ""regime_ma"": 150, ""idx_dd_exit"": 0.0, ""idx_dd_window"": 42, ""breadth_lo"": 0.25, ""breadth_hi"": 0.5, ""vol_target"": 0.3, ""vol_lambda"": 0.92, ""eq_brake_ma"": 200, ""eq_brake_scalar"": 0.5, ""crash_stop"": 0.3, ""use_breadth"": false}"
0.2399410616368249,-0.3275403789176637,1.4229260565764226,0.1115127008744929,-0.2764309654295115,0.7527729525768851,0.21681667530718,-0.3275403789176637,0.6097663693163178,4.464073833216235,rand0147,"{""n_stocks"": 30, ""buffer_mult"": 1.5, ""mom_lookbacks"": [126, 252], ""mom_skip"": 21, ""sigma_window"": 252, ""top_turnover"": 150, ""stock_sma"": 100, ""weighting"": ""equal"", ""regime_ma"": 250, ""idx_dd_exit"": 0.1, ""idx_dd_window"": 42, ""breadth_lo"": 0.3, ""breadth_hi"": 0.45, ""vol_target"": 0.22, ""vol_lambda"": 0.97, ""eq_brake_ma"": 300, ""eq_brake_scalar"": 0.7, ""crash_stop"": 0.25, ""use_breadth"": false}"
0.3057000719322349,-0.3641681775720711,1.6681702574848405,0.1699700560999295,-0.2684806254153917,1.0464555498926889,0.2812434463291446,-0.3641681775720711,0.5647256296596574,4.567415691867616,rand0151,"{""n_stocks"": 12, ""buffer_mult"": 2.0, ""mom_lookbacks"": [63, 126, 252], ""mom_skip"": 21, ""sigma_window"": 63, ""top_turnover"": 800, ""stock_sma"": 200, ""weighting"": ""equal"", ""regime_ma"": 300, ""idx_dd_exit"": 0.15, ""idx_dd_window"": 126, ""breadth_lo"": 0.3, ""breadth_hi"": 0.65, ""vol_target"": 0.3, ""vol_lambda"": 0.9, ""eq_brake_ma"": 300, ""eq_brake_scalar"": 0.3, ""crash_stop"": 0.25, ""use_breadth"": false}"
0.2168714053330378,-0.2935506436914631,1.3873216711383456,0.1158323878250691,-0.1966573950587815,0.848434156244264,0.1988770284757337,-0.2935506436914631,0.5839913948300492,3.5249050459483966,rand0155,"{""n_stocks"": 30, ""buffer_mult"": 3.0, ""mom_lookbacks"": [63, 126], ""mom_skip"": 42, ""sigma_window"": 63, ""top_turnover"": 150, ""stock_sma"": 250, ""weighting"": ""invvol"", ""regime_ma"": 250, ""idx_dd_exit"": 0.12, ""idx_dd_window"": 63, ""breadth_lo"": 0.25, ""breadth_hi"": 0.65, ""vol_target"": 0.0, ""vol_lambda"": 0.9, ""eq_brake_ma"": 200, ""eq_brake_scalar"": 0.7, ""crash_stop"": 0.25, ""use_breadth"": true}"
0.3094729654781978,-0.2162356446707893,1.922724653317064,0.0934273898235709,-0.1699421963121403,0.7290782281629601,0.2694630935089503,-0.2162356446707893,0.4651143490956962,4.257815581444272,rand0159,"{""n_stocks"": 20, ""buffer_mult"": 1.5, ""mom_lookbacks"": [63, 126], ""mom_skip"": 0, ""sigma_window"": 63, ""top_turnover"": 500, ""stock_sma"": 100, ""weighting"": ""equal"", ""regime_ma"": 150, ""idx_dd_exit"": 0.1, ""idx_dd_window"": 63, ""breadth_lo"": 0.25, ""breadth_hi"": 0.5, ""vol_target"": 0.25, ""vol_lambda"": 0.92, ""eq_brake_ma"": 100, ""eq_brake_scalar"": 0.3, ""crash_stop"": 0.35, ""use_breadth"": true}"
0.3936413392063667,-0.3816629895582862,1.901568776404344,-0.0362506093570488,-0.5647307627121514,-0.0845838613778058,0.3070835036611021,-0.5647307627121514,0.6175938251826172,5.173359046128279,rand0163,"{""n_stocks"": 10, ""buffer_mult"": 2.0, ""mom_lookbacks"": [126, 252], ""mom_skip"": 0, ""sigma_window"": 63, ""top_turnover"": 500, ""stock_sma"": 200, ""weighting"": ""invvol"", ""regime_ma"": 300, ""idx_dd_exit"": 0.12, ""idx_dd_window"": 42, ""breadth_lo"": 0.2, ""breadth_hi"": 0.55, ""vol_target"": 0.0, ""vol_lambda"": 0.94, ""eq_brake_ma"": 0, ""eq_brake_scalar"": 0.7, ""crash_stop"": 0.2, ""use_breadth"": true}"
0.2833129256317654,-0.3003052244086571,1.5561641136474724,0.0446582148410201,-0.3053221530118232,0.3516453457982237,0.2382951074666732,-0.3053221530118232,0.5590361246612814,5.074657221679472,rand0167,"{""n_stocks"": 10, ""buffer_mult"": 1.0, ""mom_lookbacks"": [126, 252], ""mom_skip"": 0, ""sigma_window"": 126, ""top_turnover"": 300, ""stock_sma"": 250, ""weighting"": ""equal"", ""regime_ma"": 200, ""idx_dd_exit"": 0.0, ""idx_dd_window"": 126, ""breadth_lo"": 0.3, ""breadth_hi"": 0.5, ""vol_target"": 0.22, ""vol_lambda"": 0.92, ""eq_brake_ma"": 200, ""eq_brake_scalar"": 0.7, ""crash_stop"": 0.25, ""use_breadth"": false}"
0.2233587854717764,-0.305093818713312,1.4226478080894975,0.1187257195139428,-0.1556694388394343,0.8377584719250751,0.2044059718547095,-0.305093818713312,0.5238921177604053,4.722041518167375,rand0171,"{""n_stocks"": 30, ""buffer_mult"": 1.0, ""mom_lookbacks"": [126], ""mom_skip"": 0, ""sigma_window"": 252, ""top_turnover"": 200, ""stock_sma"": 250, ""weighting"": ""equal"", ""regime_ma"": 150, ""idx_dd_exit"": 0.12, ""idx_dd_window"": 126, ""breadth_lo"": 0.2, ""breadth_hi"": 0.5, ""vol_target"": 0.22, ""vol_lambda"": 0.94, ""eq_brake_ma"": 150, ""eq_brake_scalar"": 0.5, ""crash_stop"": 0.25, ""use_breadth"": false}"
0.2140975688709665,-0.3845671383728367,1.219115777713334,0.0284567482411066,-0.4293499367728126,0.2460812907048162,0.1801302869843042,-0.4293499367728126,0.6732281894904105,6.779107288273707,rand0175,"{""n_stocks"": 30, ""buffer_mult"": 1.0, ""mom_lookbacks"": [126], ""mom_skip"": 21, ""sigma_window"": 63, ""top_turnover"": 150, ""stock_sma"": 100, ""weighting"": ""equal"", ""regime_ma"": 300, ""idx_dd_exit"": 0.08, ""idx_dd_window"": 42, ""breadth_lo"": 0.25, ""breadth_hi"": 0.45, ""vol_target"": 0.0, ""vol_lambda"": 0.97, ""eq_brake_ma"": 0, ""eq_brake_scalar"": 0.3, ""crash_stop"": 0.35, ""use_breadth"": false}"
0.3305820499726086,-0.3342682056770463,1.6357883996965068,0.183578399873459,-0.4088916881501699,1.0824246404564584,0.3044224825224928,-0.4088916881501699,0.6480237780566973,5.575679269395508,rand0179,"{""n_stocks"": 12, ""buffer_mult"": 1.0, ""mom_lookbacks"": [126, 252], ""mom_skip"": 10, ""sigma_window"": 126, ""top_turnover"": 800, ""stock_sma"": 100, ""weighting"": ""equal"", ""regime_ma"": 300, ""idx_dd_exit"": 0.1, ""idx_dd_window"": 42, ""breadth_lo"": 0.2, ""breadth_hi"": 0.5, ""vol_target"": 0.3, ""vol_lambda"": 0.94, ""eq_brake_ma"": 150, ""eq_brake_scalar"": 0.7, ""crash_stop"": 0.0, ""use_breadth"": false}"
0.2710994961390867,-0.2406115557966655,1.724546826481028,0.2021682685473851,-0.1433360989489736,1.3553197955768264,0.2587337050304872,-0.2406115557966655,0.5048662662983328,4.82330912386691,rand0183,"{""n_stocks"": 12, ""buffer_mult"": 1.0, ""mom_lookbacks"": [189], ""mom_skip"": 42, ""sigma_window"": 252, ""top_turnover"": 150, ""stock_sma"": 150, ""weighting"": ""invvol"", ""regime_ma"": 200, ""idx_dd_exit"": 0.15, ""idx_dd_window"": 42, ""breadth_lo"": 0.3, ""breadth_hi"": 0.5, ""vol_target"": 0.22, ""vol_lambda"": 0.9, ""eq_brake_ma"": 100, ""eq_brake_scalar"": 0.5, ""crash_stop"": 0.25, ""use_breadth"": true}"
0.3161687264403361,-0.4201940605083621,1.4626013249212937,0.1471396159945481,-0.3292115611266752,0.7702412092052396,0.2858592508238566,-0.4201940605083621,0.6592536939644377,3.8312911802773657,rand0187,"{""n_stocks"": 12, ""buffer_mult"": 3.0, ""mom_lookbacks"": [189], ""mom_skip"": 21, ""sigma_window"": 252, ""top_turnover"": 300, ""stock_sma"": 200, ""weighting"": ""equal"", ""regime_ma"": 150, ""idx_dd_exit"": 0.0, ""idx_dd_window"": 63, ""breadth_lo"": 0.3, ""breadth_hi"": 0.5, ""vol_target"": 0.0, ""vol_lambda"": 0.94, ""eq_brake_ma"": 0, ""eq_brake_scalar"": 0.5, ""crash_stop"": 0.0, ""use_breadth"": false}"
0.2373301469584177,-0.2315437212389,1.7027762372212625,0.1767239570640542,-0.1554181158633353,1.319901999276336,0.2267332873189118,-0.2315437212389,0.5050430122262576,3.824067579847604,rand0191,"{""n_stocks"": 25, ""buffer_mult"": 1.5, ""mom_lookbacks"": [63, 126, 252], ""mom_skip"": 42, ""sigma_window"": 63, ""top_turnover"": 200, ""stock_sma"": 150, ""weighting"": ""equal"", ""regime_ma"": 200, ""idx_dd_exit"": 0.0, ""idx_dd_window"": 63, ""breadth_lo"": 0.15, ""breadth_hi"": 0.6, ""vol_target"": 0.18, ""vol_lambda"": 0.92, ""eq_brake_ma"": 300, ""eq_brake_scalar"": 0.5, ""crash_stop"": 0.25, ""use_breadth"": true}"
0.3001021963871624,-0.3054039946031901,1.8706057570774364,0.224196269342447,-0.1394321521128962,1.4601963253529386,0.2872413947386378,-0.3054039946031901,0.5835497898259732,4.620574407352331,rand0195,"{""n_stocks"": 25, ""buffer_mult"": 1.0, ""mom_lookbacks"": [126, 252], ""mom_skip"": 42, ""sigma_window"": 63, ""top_turnover"": 500, ""stock_sma"": 250, ""weighting"": ""invvol"", ""regime_ma"": 150, ""idx_dd_exit"": 0.15, ""idx_dd_window"": 42, ""breadth_lo"": 0.15, ""breadth_hi"": 0.55, ""vol_target"": 0.3, ""vol_lambda"": 0.97, ""eq_brake_ma"": 100, ""eq_brake_scalar"": 0.7, ""crash_stop"": 0.35, ""use_breadth"": true}"
0.2526583460700318,-0.3568939567483956,1.5614631194663195,0.1092095335647613,-0.2874138153559989,0.751562232596622,0.2266827220141749,-0.3568939567483956,0.6284816256198507,3.405435508233783,rand0199,"{""n_stocks"": 20, ""buffer_mult"": 3.0, ""mom_lookbacks"": [252], ""mom_skip"": 42, ""sigma_window"": 126, ""top_turnover"": 200, ""stock_sma"": 250, ""weighting"": ""invvol"", ""regime_ma"": 300, ""idx_dd_exit"": 0.15, ""idx_dd_window"": 42, ""breadth_lo"": 0.15, ""breadth_hi"": 0.65, ""vol_target"": 0.22, ""vol_lambda"": 0.94, ""eq_brake_ma"": 150, ""eq_brake_scalar"": 0.7, ""crash_stop"": 0.0, ""use_breadth"": false}"
